timestamp,power_kw
2024-01-01 00:00:00,21.496702503621037
2024-01-01 01:00:00,23.283475419187322
2024-01-01 02:00:00,21.460536211352508
2024-01-01 03:00:00,21.849209221890934
2024-01-01 04:00:00,24.279854066919988
2024-01-01 05:00:00,22.07517852035035
2024-01-01 06:00:00,24.63089588347874
2024-01-01 07:00:00,24.150760719019075
2024-01-01 08:00:00,24.26138588216018
2024-01-01 09:00:00,24.821596996104905
2024-01-01 10:00:00,22.796679269440144
2024-01-01 11:00:00,23.291344598499638
2024-01-01 12:00:00,24.57249100456806
2024-01-01 13:00:00,24.725669776375582
2024-01-01 14:00:00,22.859223042754877
2024-01-01 15:00:00,21.587851569985563
2024-01-01 16:00:00,22.573626879399967
2024-01-01 17:00:00,24.00303031821599
2024-01-01 18:00:00,24.761522331816526
2024-01-01 19:00:00,22.92691129868172
2024-01-01 20:00:00,20.82037367653897
2024-01-01 21:00:00,20.621221043483462
2024-01-01 22:00:00,23.52658410594131
2024-01-01 23:00:00,21.43833377855741
2024-01-02 00:00:00,20.641715824451158
2024-01-02 01:00:00,21.574326836262124
2024-01-02 02:00:00,24.856528982863786
2024-01-02 03:00:00,23.03972832292411
2024-01-02 04:00:00,22.1763393501571
2024-01-02 05:00:00,21.402785085880407
2024-01-02 06:00:00,21.12442025610773
2024-01-02 07:00:00,22.70233769630466
2024-01-02 08:00:00,24.89663305586676
2024-01-02 09:00:00,21.722102006054378
2024-01-02 10:00:00,20.87065546569125
2024-01-02 11:00:00,21.964721960418782
2024-01-02 12:00:00,23.610077795686383
2024-01-02 13:00:00,23.239492742379944
2024-01-02 14:00:00,22.40419012268043
2024-01-02 15:00:00,20.547579002991004
2024-01-02 16:00:00,21.900782877112356
2024-01-02 17:00:00,24.220887029257163
2024-01-02 18:00:00,21.90185660319513
2024-01-02 19:00:00,22.07380369695392
2024-01-02 20:00:00,23.87507701979339
2024-01-02 21:00:00,21.595645225526017
2024-01-02 22:00:00,21.132664201135018
2024-01-02 23:00:00,21.035549153087164
2024-01-03 00:00:00,24.280631271463246
2024-01-03 01:00:00,22.227569936867447
2024-01-03 02:00:00,21.717094779070887
2024-01-03 03:00:00,24.942312417657547
2024-01-03 04:00:00,23.98842685279919
2024-01-03 05:00:00,22.397375704968624
2024-01-03 06:00:00,20.13158765070459
2024-01-03 07:00:00,21.230958185844038
2024-01-03 08:00:00,23.019647209064647
2024-01-03 09:00:00,22.588809637529035
2024-01-03 10:00:00,20.308554431496653
2024-01-03 11:00:00,22.496846807256848
2024-01-03 12:00:00,22.392299897331853
2024-01-03 13:00:00,23.985947248254835
2024-01-03 14:00:00,20.655512563117284
2024-01-03 15:00:00,22.29284373511115
2024-01-03 16:00:00,23.670457446511026
2024-01-03 17:00:00,20.582095453541076
2024-01-03 18:00:00,21.094677290085958
2024-01-03 19:00:00,20.387068862232784
2024-01-03 20:00:00,24.19778827516651
2024-01-03 21:00:00,23.555150807603987
2024-01-03 22:00:00,22.960121672760938
2024-01-03 23:00:00,23.821467485258335
2024-01-04 00:00:00,22.091042206344714
2024-01-04 01:00:00,22.384609032075435
2024-01-04 02:00:00,24.690172380376158
2024-01-04 03:00:00,23.621748586287303
2024-01-04 04:00:00,22.205361251666936
2024-01-04 05:00:00,23.987426072749347
2024-01-04 06:00:00,21.36367241875235
2024-01-04 07:00:00,24.49987828754223
2024-01-04 08:00:00,23.307128533246875
2024-01-04 09:00:00,20.430912125784225
2024-01-04 10:00:00,22.415351359116485
2024-01-04 11:00:00,20.62299955753565
2024-01-04 12:00:00,24.175620727324983
2024-01-04 13:00:00,24.34161854898582
2024-01-04 14:00:00,22.784100984032282
2024-01-04 15:00:00,21.544689534775888
2024-01-04 16:00:00,24.997905516129197
2024-01-04 17:00:00,21.92289429279235
2024-01-04 18:00:00,23.219315075497803
2024-01-04 19:00:00,22.69998123357012
2024-01-04 20:00:00,20.976245618855927
2024-01-04 21:00:00,21.04705415725936
2024-01-04 22:00:00,20.610051046907795
2024-01-04 23:00:00,23.42742260861636
2024-01-05 00:00:00,20.498900699927308
2024-01-05 01:00:00,21.9873208991004
2024-01-05 02:00:00,22.205486201161804
2024-01-05 03:00:00,20.591995469473652
2024-01-05 04:00:00,23.16135884654485
2024-01-05 05:00:00,20.189354982207146
2024-01-05 06:00:00,22.630338017552333
2024-01-05 07:00:00,20.921898728976362
2024-01-05 08:00:00,24.523995874116896
2024-01-05 09:00:00,21.854182797993044
2024-01-05 10:00:00,24.307532944521604
2024-01-05 11:00:00,20.65685123152503
2024-01-05 12:00:00,24.162181994646264
2024-01-05 13:00:00,24.018532180028565
2024-01-05 14:00:00,20.604178087152302
2024-01-05 15:00:00,24.98669609250326
2024-01-05 16:00:00,22.564846235034906
2024-01-05 17:00:00,24.32162911538959
2024-01-05 18:00:00,22.07350369313237
2024-01-05 19:00:00,21.895242298868435
2024-01-05 20:00:00,23.731808131182017
2024-01-05 21:00:00,21.02051130231542
2024-01-05 22:00:00,24.697304599486905
2024-01-05 23:00:00,21.139118588866356
2024-01-06 00:00:00,23.256504481354558
2024-01-06 01:00:00,21.215566795632498
2024-01-06 02:00:00,23.50436020679294
2024-01-06 03:00:00,23.456078936859278
2024-01-06 04:00:00,23.396089065808482
2024-01-06 05:00:00,22.482655104992283
2024-01-06 06:00:00,20.524971894851276
2024-01-06 07:00:00,23.566702272949325
2024-01-06 08:00:00,21.779364802823622
2024-01-06 09:00:00,20.652178263717783
2024-01-06 10:00:00,21.783029808667717
2024-01-06 11:00:00,22.335740020257454
2024-01-06 12:00:00,22.705669496397128
2024-01-06 13:00:00,22.737211194710703
2024-01-06 14:00:00,22.17331596190897
2024-01-06 15:00:00,20.557607456039904
2024-01-06 16:00:00,24.127192121918
2024-01-06 17:00:00,21.040929799281493
2024-01-06 18:00:00,20.873455245620388
2024-01-06 19:00:00,24.53821608080861
2024-01-06 20:00:00,22.45910386186175
2024-01-06 21:00:00,23.311168158343655
2024-01-06 22:00:00,23.450896195725274
2024-01-06 23:00:00,23.296612237304473
2024-01-07 00:00:00,22.046035801809555
2024-01-07 01:00:00,24.28471014536796
2024-01-07 02:00:00,22.721390888174923
2024-01-07 03:00:00,20.588481208560626
2024-01-07 04:00:00,21.2998524151227
2024-01-07 05:00:00,21.792445343142635
2024-01-07 06:00:00,20.681848731978224
2024-01-07 07:00:00,20.598839145044582
2024-01-07 08:00:00,21.981839138143275
2024-01-07 09:00:00,20.11862131229952
2024-01-07 10:00:00,20.769602611633463
2024-01-07 11:00:00,20.370386959088506
2024-01-07 12:00:00,23.601274437084072
2024-01-07 13:00:00,22.320941466672277
2024-01-07 14:00:00,20.460966817394784
2024-01-07 15:00:00,21.199287124233432
2024-01-07 16:00:00,21.681376688175423
2024-01-07 17:00:00,21.46522477921864
2024-01-07 18:00:00,21.943271209436194
2024-01-07 19:00:00,20.7736207535147
2024-01-07 20:00:00,21.623397157998333
2024-01-07 21:00:00,21.747509405990012
2024-01-07 22:00:00,21.512323136910926
2024-01-07 23:00:00,22.031308974284126
2024-01-08 00:00:00,21.990171345600782
2024-01-08 01:00:00,21.584131782456403
2024-01-08 02:00:00,23.463141168083904
2024-01-08 03:00:00,24.199735788265645
2024-01-08 04:00:00,22.911354404111048
2024-01-08 05:00:00,23.136194435616662
2024-01-08 06:00:00,24.301658901107068
2024-01-08 07:00:00,23.163965672499522
2024-01-08 08:00:00,23.94593295898486
2024-01-08 09:00:00,23.598931208738207
2024-01-08 10:00:00,21.594225374001585
2024-01-08 11:00:00,22.304728214195077
2024-01-08 12:00:00,22.727123698305974
2024-01-08 13:00:00,24.69214848287036
2024-01-08 14:00:00,22.019450728392744
2024-01-08 15:00:00,22.411439058638727
2024-01-08 16:00:00,22.704268311655614
2024-01-08 17:00:00,24.66195161371199
2024-01-08 18:00:00,22.895510664302943
2024-01-08 19:00:00,20.81900515226489
2024-01-08 20:00:00,23.622530704069124
2024-01-08 21:00:00,20.567755208217882
2024-01-08 22:00:00,22.533173699374494
2024-01-08 23:00:00,24.79360865782371
2024-01-09 00:00:00,24.8095920396469
2024-01-09 01:00:00,20.467347729319663
2024-01-09 02:00:00,24.07544859011108
2024-01-09 03:00:00,20.57827121449985
2024-01-09 04:00:00,24.86781737181002
2024-01-09 05:00:00,20.815787600613156
2024-01-09 06:00:00,20.380878487572687
2024-01-09 07:00:00,23.18085763415048
2024-01-09 08:00:00,21.874834384281712
2024-01-09 09:00:00,24.016633805139392
2024-01-09 10:00:00,23.03615704586169
2024-01-09 11:00:00,23.72279589977425
2024-01-09 12:00:00,21.121875852118787
2024-01-09 13:00:00,22.526653922797003
2024-01-09 14:00:00,24.526617811792878
2024-01-09 15:00:00,24.173285163226613
2024-01-09 16:00:00,22.582505630254545
2024-01-09 17:00:00,24.992381867037516
2024-01-09 18:00:00,21.7658156449541
2024-01-09 19:00:00,23.56388863173028
2024-01-09 20:00:00,23.50210569276255
2024-01-09 21:00:00,21.840839371406943
2024-01-09 22:00:00,24.311950089703796
2024-01-09 23:00:00,24.773119527706086
2024-01-10 00:00:00,21.021354439512493
2024-01-10 01:00:00,23.57661402716426
2024-01-10 02:00:00,21.840510649013993
2024-01-10 03:00:00,20.29520937591473
2024-01-10 04:00:00,23.108767759400394
2024-01-10 05:00:00,23.617802792800212
2024-01-10 06:00:00,21.21389792758315
2024-01-10 07:00:00,24.542322841161422
2024-01-10 08:00:00,23.936861918673543
2024-01-10 09:00:00,22.078291778120107
2024-01-10 10:00:00,24.40971267905055
2024-01-10 11:00:00,20.854639072379964
2024-01-10 12:00:00,22.06069458608047
2024-01-10 13:00:00,24.029554317266836
2024-01-10 14:00:00,24.774359283639477
2024-01-10 15:00:00,23.434980160054387
2024-01-10 16:00:00,23.476614833135088
2024-01-10 17:00:00,21.701494707191948
2024-01-10 18:00:00,24.276618061242694
2024-01-10 19:00:00,20.906003085761835
2024-01-10 20:00:00,24.095875208784868
2024-01-10 21:00:00,20.9894791103577
2024-01-10 22:00:00,21.180422302360327
2024-01-10 23:00:00,22.692151216424364
2024-01-11 00:00:00,25.463589144499927
2024-01-11 01:00:00,23.37525021402889
2024-01-11 02:00:00,23.318100562918865
2024-01-11 03:00:00,27.772137887438472
2024-01-11 04:00:00,22.356251652686467
2024-01-11 05:00:00,23.016717835380877
2024-01-11 06:00:00,23.016613472569638
2024-01-11 07:00:00,27.045492874240153
2024-01-11 08:00:00,66.097928391464
2024-01-11 09:00:00,69.08603019923754
2024-01-11 10:00:00,74.73747485341727
2024-01-11 11:00:00,114.4211925177629
2024-01-11 12:00:00,66.9812207952478
2024-01-11 13:00:00,78.68129365067401
2024-01-11 14:00:00,92.13961412277402
2024-01-11 15:00:00,72.65271621245053
2024-01-11 16:00:00,58.90592544866195
2024-01-11 17:00:00,79.0617569536777
2024-01-11 18:00:00,88.08811339550493
2024-01-11 19:00:00,29.489035727771082
2024-01-11 20:00:00,28.93088924387338
2024-01-11 21:00:00,27.97024060689348
2024-01-11 22:00:00,29.307698942718183
2024-01-11 23:00:00,22.375850825377366
2024-01-12 00:00:00,24.99108137305339
2024-01-12 01:00:00,25.268254520342456
2024-01-12 02:00:00,29.28007700939797
2024-01-12 03:00:00,26.907450241951555
2024-01-12 04:00:00,25.651249690965432
2024-01-12 05:00:00,23.841690812360337
2024-01-12 06:00:00,24.075585034206142
2024-01-12 07:00:00,24.068650208674093
2024-01-12 08:00:00,58.11817573137252
2024-01-12 09:00:00,76.56701872130523
2024-01-12 10:00:00,107.13004675492708
2024-01-12 11:00:00,59.70180152923985
2024-01-12 12:00:00,103.8627790201334
2024-01-12 13:00:00,74.88211301466809
2024-01-12 14:00:00,88.67285497016107
2024-01-12 15:00:00,90.3528818781623
2024-01-12 16:00:00,69.71068620247712
2024-01-12 17:00:00,99.5158853515702
2024-01-12 18:00:00,74.222269860984
2024-01-12 19:00:00,29.13047278291076
2024-01-12 20:00:00,24.5275680019872
2024-01-12 21:00:00,26.43105654600382
2024-01-12 22:00:00,23.473528516305027
2024-01-12 23:00:00,27.71255728381434
2024-01-13 00:00:00,23.775116901510465
2024-01-13 01:00:00,20.115687183128973
2024-01-13 02:00:00,24.54703362512567
2024-01-13 03:00:00,24.119162490980077
2024-01-13 04:00:00,23.746717603848637
2024-01-13 05:00:00,23.8223182430692
2024-01-13 06:00:00,20.709246950532666
2024-01-13 07:00:00,24.497692805171873
2024-01-13 08:00:00,24.941040714095813
2024-01-13 09:00:00,22.18014231706951
2024-01-13 10:00:00,22.469505383369196
2024-01-13 11:00:00,21.909268114465814
2024-01-13 12:00:00,24.57459347825025
2024-01-13 13:00:00,21.84072271204948
2024-01-13 14:00:00,23.132463304572365
2024-01-13 15:00:00,23.58468068892347
2024-01-13 16:00:00,23.031360936814256
2024-01-13 17:00:00,21.077868243315564
2024-01-13 18:00:00,23.3424274128889
2024-01-13 19:00:00,24.86296983869308
2024-01-13 20:00:00,21.855253179695403
2024-01-13 21:00:00,22.14941553612381
2024-01-13 22:00:00,21.81353565405182
2024-01-13 23:00:00,22.33504304534465
2024-01-14 00:00:00,24.288443623783543
2024-01-14 01:00:00,24.012664571191372
2024-01-14 02:00:00,20.02359617943809
2024-01-14 03:00:00,21.11227758926997
2024-01-14 04:00:00,23.184289588234318
2024-01-14 05:00:00,21.291701930528067
2024-01-14 06:00:00,24.857077730733515
2024-01-14 07:00:00,24.672034490302355
2024-01-14 08:00:00,20.106081798119565
2024-01-14 09:00:00,20.87643557358636
2024-01-14 10:00:00,22.038142452404262
2024-01-14 11:00:00,23.48320425424558
2024-01-14 12:00:00,24.14566587733836
2024-01-14 13:00:00,23.684270918986538
2024-01-14 14:00:00,24.011880548670927
2024-01-14 15:00:00,21.032127915372513
2024-01-14 16:00:00,24.291958084491327
2024-01-14 17:00:00,24.250383988604764
2024-01-14 18:00:00,23.681943457069007
2024-01-14 19:00:00,21.457480954225066
2024-01-14 20:00:00,22.017673908665426
2024-01-14 21:00:00,20.639731352318563
2024-01-14 22:00:00,23.77765929072795
2024-01-14 23:00:00,21.636522058198366
2024-01-15 00:00:00,25.399599383503777
2024-01-15 01:00:00,24.991493360783203
2024-01-15 02:00:00,22.087234010377784
2024-01-15 03:00:00,25.948626707800948
2024-01-15 04:00:00,23.277643870064026
2024-01-15 05:00:00,23.098036481910462
2024-01-15 06:00:00,27.852313860647506
2024-01-15 07:00:00,22.64696863158612
2024-01-15 08:00:00,55.81714240390036
2024-01-15 09:00:00,102.32843071789732
2024-01-15 10:00:00,77.4868201550056
2024-01-15 11:00:00,89.10930117622681
2024-01-15 12:00:00,107.52133935101295
2024-01-15 13:00:00,70.9224370191734
2024-01-15 14:00:00,91.75576647259257
2024-01-15 15:00:00,86.14709326652145
2024-01-15 16:00:00,94.96394242082249
2024-01-15 17:00:00,99.25171476852756
2024-01-15 18:00:00,68.7806312932752
2024-01-15 19:00:00,27.533207877013645
2024-01-15 20:00:00,24.827922602412382
2024-01-15 21:00:00,24.2609030369322
2024-01-15 22:00:00,26.30487223667341
2024-01-15 23:00:00,27.261531072722004
2024-01-16 00:00:00,22.7618374266373
2024-01-16 01:00:00,26.818807118404056
2024-01-16 02:00:00,23.173695015461647
2024-01-16 03:00:00,25.099288569241622
2024-01-16 04:00:00,28.71575630603206
2024-01-16 05:00:00,28.316649009818
2024-01-16 06:00:00,23.535256774936947
2024-01-16 07:00:00,26.86673415680166
2024-01-16 08:00:00,83.71374475020448
2024-01-16 09:00:00,65.09593097938131
2024-01-16 10:00:00,80.32874511361167
2024-01-16 11:00:00,79.85739337228812
2024-01-16 12:00:00,98.95097253347089
2024-01-16 13:00:00,101.47060560355072
2024-01-16 14:00:00,98.66956981065556
2024-01-16 15:00:00,66.05967319528072
2024-01-16 16:00:00,89.70119517621353
2024-01-16 17:00:00,64.33892873279814
2024-01-16 18:00:00,99.72788413015539
2024-01-16 19:00:00,26.78088459386893
2024-01-16 20:00:00,27.831946200546124
2024-01-16 21:00:00,28.974674075337923
2024-01-16 22:00:00,22.76904705089994
2024-01-16 23:00:00,22.955021761921046
2024-01-17 00:00:00,23.242921686777393
2024-01-17 01:00:00,23.700554704993486
2024-01-17 02:00:00,28.595660832146727
2024-01-17 03:00:00,24.368720703799394
2024-01-17 04:00:00,23.05486715800796
2024-01-17 05:00:00,24.621363315952653
2024-01-17 06:00:00,27.624444270863556
2024-01-17 07:00:00,23.202298607646505
2024-01-17 08:00:00,68.66721805621205
2024-01-17 09:00:00,75.3402338405969
2024-01-17 10:00:00,107.6950583517488
2024-01-17 11:00:00,97.30337380204222
2024-01-17 12:00:00,91.85630875266423
2024-01-17 13:00:00,96.67520729078163
2024-01-17 14:00:00,80.97175096785332
2024-01-17 15:00:00,84.57911747434927
2024-01-17 16:00:00,97.36461287315231
2024-01-17 17:00:00,80.19527553207395
2024-01-17 18:00:00,79.33481758109988
2024-01-17 19:00:00,26.10291260165829
2024-01-17 20:00:00,24.11615687102139
2024-01-17 21:00:00,24.158163235572335
2024-01-17 22:00:00,28.12347826128837
2024-01-17 23:00:00,27.15318689161727
2024-01-18 00:00:00,29.3838619952803
2024-01-18 01:00:00,24.292118723068313
2024-01-18 02:00:00,29.11548400496991
2024-01-18 03:00:00,23.444982300772363
2024-01-18 04:00:00,23.58854881786618
2024-01-18 05:00:00,23.112613484681777
2024-01-18 06:00:00,25.874940526603915
2024-01-18 07:00:00,25.97254919774975
2024-01-18 08:00:00,73.73277845802457
2024-01-18 09:00:00,81.9865964792637
2024-01-18 10:00:00,67.52555096191028
2024-01-18 11:00:00,87.46542641164667
2024-01-18 12:00:00,100.74258142161233
2024-01-18 13:00:00,92.23432113586202
2024-01-18 14:00:00,61.42244838430489
2024-01-18 15:00:00,75.86889768129726
2024-01-18 16:00:00,70.82357445341553
2024-01-18 17:00:00,58.04870620018926
2024-01-18 18:00:00,69.070863292757
2024-01-18 19:00:00,25.782908879763603
2024-01-18 20:00:00,27.092646833312585
2024-01-18 21:00:00,24.534663104168317
2024-01-18 22:00:00,25.392011663904498
2024-01-18 23:00:00,27.57449777093596
2024-01-19 00:00:00,27.22045545423382
2024-01-19 01:00:00,22.69539846062562
2024-01-19 02:00:00,29.615183252394196
2024-01-19 03:00:00,29.849768890805333
2024-01-19 04:00:00,27.868927585696706
2024-01-19 05:00:00,27.711839890380787
2024-01-19 06:00:00,26.070351339527573
2024-01-19 07:00:00,27.513992862650955
2024-01-19 08:00:00,68.87440533711559
2024-01-19 09:00:00,102.32204133929861
2024-01-19 10:00:00,99.74421277730305
2024-01-19 11:00:00,78.87702412464691
2024-01-19 12:00:00,100.98782604049026
2024-01-19 13:00:00,57.049741207649795
2024-01-19 14:00:00,115.46543720669675
2024-01-19 15:00:00,99.8915090639096
2024-01-19 16:00:00,75.80840407217109
2024-01-19 17:00:00,66.73016809693573
2024-01-19 18:00:00,57.53288934461016
2024-01-19 19:00:00,22.28188886424334
2024-01-19 20:00:00,24.95628500932858
2024-01-19 21:00:00,26.9524395286832
2024-01-19 22:00:00,28.4301198513646
2024-01-19 23:00:00,28.264440403755298
2024-01-20 00:00:00,23.828458654609342
2024-01-20 01:00:00,23.565941183903465
2024-01-20 02:00:00,24.31080875223308
2024-01-20 03:00:00,21.205041839852008
2024-01-20 04:00:00,23.20040803249511
2024-01-20 05:00:00,20.253980081455367
2024-01-20 06:00:00,20.145063761827842
2024-01-20 07:00:00,21.104924166411685
2024-01-20 08:00:00,22.88304546308606
2024-01-20 09:00:00,20.663140579642622
2024-01-20 10:00:00,21.64629275233361
2024-01-20 11:00:00,23.860324128897883
2024-01-20 12:00:00,21.60671311639756
2024-01-20 13:00:00,23.369892334867913
2024-01-20 14:00:00,20.44142566559422
2024-01-20 15:00:00,21.273581982269366
2024-01-20 16:00:00,24.1696190061002
2024-01-20 17:00:00,24.834295554822795
2024-01-20 18:00:00,20.154579010150137
2024-01-20 19:00:00,21.975793101900624
2024-01-20 20:00:00,22.2865266334471
2024-01-20 21:00:00,24.268863941652725
2024-01-20 22:00:00,23.810214221299816
2024-01-20 23:00:00,24.49598060239276
2024-01-21 00:00:00,24.8113460789032
2024-01-21 01:00:00,23.27590033414195
2024-01-21 02:00:00,21.247520694223965
2024-01-21 03:00:00,20.825389868913966
2024-01-21 04:00:00,22.166393453496536
2024-01-21 05:00:00,20.94911661805157
2024-01-21 06:00:00,21.93451201889279
2024-01-21 07:00:00,21.91076357496269
2024-01-21 08:00:00,23.723011710593177
2024-01-21 09:00:00,22.937686488626955
2024-01-21 10:00:00,20.5392255448055
2024-01-21 11:00:00,23.829793133158994
2024-01-21 12:00:00,20.19668374237278
2024-01-21 13:00:00,21.406798852701556
2024-01-21 14:00:00,24.060705547159024
2024-01-21 15:00:00,22.460878549765706
2024-01-21 16:00:00,22.93604192408175
2024-01-21 17:00:00,23.415959446101414
2024-01-21 18:00:00,24.67644229864568
2024-01-21 19:00:00,24.243549715569834
2024-01-21 20:00:00,23.868227159994326
2024-01-21 21:00:00,24.578100320183655
2024-01-21 22:00:00,20.8230634810754
2024-01-21 23:00:00,20.726292955399234
2024-01-22 00:00:00,24.056219380767136
2024-01-22 01:00:00,26.380880513729647
2024-01-22 02:00:00,27.9853491857102
2024-01-22 03:00:00,23.256698075054437
2024-01-22 04:00:00,29.173201031913173
2024-01-22 05:00:00,24.65090051203223
2024-01-22 06:00:00,28.006784737334616
2024-01-22 07:00:00,23.08530933271322
2024-01-22 08:00:00,87.74509137659459
2024-01-22 09:00:00,81.35689576499085
2024-01-22 10:00:00,85.33056474963547
2024-01-22 11:00:00,81.10433065779318
2024-01-22 12:00:00,79.24142905871187
2024-01-22 13:00:00,90.50517531025828
2024-01-22 14:00:00,105.24041499999457
2024-01-22 15:00:00,104.79457263968743
2024-01-22 16:00:00,100.87214153412697
2024-01-22 17:00:00,85.21986243601674
2024-01-22 18:00:00,90.53507644200582
2024-01-22 19:00:00,27.014358089807104
2024-01-22 20:00:00,24.193245038568595
2024-01-22 21:00:00,25.92685039080076
2024-01-22 22:00:00,23.602005047616217
2024-01-22 23:00:00,23.151532259432614
2024-01-23 00:00:00,29.677764647623093
2024-01-23 01:00:00,29.210201380081834
2024-01-23 02:00:00,27.201693642001395
2024-01-23 03:00:00,26.026321911355108
2024-01-23 04:00:00,24.2747139306996
2024-01-23 05:00:00,24.799866200730794
2024-01-23 06:00:00,23.138974045959905
2024-01-23 07:00:00,22.69464818517815
2024-01-23 08:00:00,82.50699236002518
2024-01-23 09:00:00,89.18627268446089
2024-01-23 10:00:00,66.38693120354716
2024-01-23 11:00:00,54.70011568110515
2024-01-23 12:00:00,93.28943793721528
2024-01-23 13:00:00,77.0103169174743
2024-01-23 14:00:00,96.01037643927418
2024-01-23 15:00:00,74.95533108357102
2024-01-23 16:00:00,77.76544414395288
2024-01-23 17:00:00,77.41866952695295
2024-01-23 18:00:00,70.27634427247949
2024-01-23 19:00:00,26.404154068121436
2024-01-23 20:00:00,27.191921852897703
2024-01-23 21:00:00,25.76530545136161
2024-01-23 22:00:00,22.91892859459748
2024-01-23 23:00:00,24.73402806683216
2024-01-24 00:00:00,29.742555160020984
2024-01-24 01:00:00,28.754300971927584
2024-01-24 02:00:00,22.54683512006902
2024-01-24 03:00:00,24.919870844908324
2024-01-24 04:00:00,24.299289078632476
2024-01-24 05:00:00,23.600024292848726
2024-01-24 06:00:00,24.432726902124944
2024-01-24 07:00:00,27.045781255689914
2024-01-24 08:00:00,85.05231680988803
2024-01-24 09:00:00,82.3202345617851
2024-01-24 10:00:00,111.66353234654518
2024-01-24 11:00:00,83.5013952649555
2024-01-24 12:00:00,89.89953317095136
2024-01-24 13:00:00,85.65436915035295
2024-01-24 14:00:00,81.04600846077311
2024-01-24 15:00:00,61.911091765473344
2024-01-24 16:00:00,73.20950926281643
2024-01-24 17:00:00,76.68638235432118
2024-01-24 18:00:00,88.27052326051566
2024-01-24 19:00:00,26.14207911602252
2024-01-24 20:00:00,25.913998351580638
2024-01-24 21:00:00,29.460593639321463
2024-01-24 22:00:00,26.731886471838845
2024-01-24 23:00:00,22.750386141925716
2024-01-25 00:00:00,28.944502448196122
2024-01-25 01:00:00,29.90369846825679
2024-01-25 02:00:00,28.496208753194715
2024-01-25 03:00:00,24.115263768727175
2024-01-25 04:00:00,24.391899154201933
2024-01-25 05:00:00,22.074996395892548
2024-01-25 06:00:00,26.469652732646736
2024-01-25 07:00:00,22.46197789821056
2024-01-25 08:00:00,76.63175507939023
2024-01-25 09:00:00,89.02369285515579
2024-01-25 10:00:00,90.97398067539004
2024-01-25 11:00:00,75.20439635537937
2024-01-25 12:00:00,92.63937551839263
2024-01-25 13:00:00,83.58526787714781
2024-01-25 14:00:00,69.26001445046026
2024-01-25 15:00:00,76.37344883643712
2024-01-25 16:00:00,90.38975743865977
2024-01-25 17:00:00,78.24644401417292
2024-01-25 18:00:00,79.78074125329258
2024-01-25 19:00:00,26.00092629278329
2024-01-25 20:00:00,28.323219838032216
2024-01-25 21:00:00,29.48889304062528
2024-01-25 22:00:00,25.58733475817419
2024-01-25 23:00:00,24.07183548482731
2024-01-26 00:00:00,24.747237471948136
2024-01-26 01:00:00,24.277800712653676
2024-01-26 02:00:00,23.479393360742886
2024-01-26 03:00:00,24.59927173344619
2024-01-26 04:00:00,23.281918513961635
2024-01-26 05:00:00,20.399671205655164
2024-01-26 06:00:00,22.881077000830363
2024-01-26 07:00:00,22.332391089882012
2024-01-26 08:00:00,23.628369078013765
2024-01-26 09:00:00,22.891553562448554
2024-01-26 10:00:00,22.985990331249475
2024-01-26 11:00:00,20.53021538453395
2024-01-26 12:00:00,23.024712170143168
2024-01-26 13:00:00,22.569875990910443
2024-01-26 14:00:00,22.34282640375158
2024-01-26 15:00:00,24.40013325195041
2024-01-26 16:00:00,23.588714097638427
2024-01-26 17:00:00,21.76312082997774
2024-01-26 18:00:00,22.872397946805222
2024-01-26 19:00:00,23.79695149861817
2024-01-26 20:00:00,24.902675259533837
2024-01-26 21:00:00,22.29104104892563
2024-01-26 22:00:00,22.163098944351624
2024-01-26 23:00:00,21.152878395462846
2024-01-27 00:00:00,20.928850250479503
2024-01-27 01:00:00,22.804890680382684
2024-01-27 02:00:00,23.47940954757462
2024-01-27 03:00:00,20.716625833176323
2024-01-27 04:00:00,21.749994608533193
2024-01-27 05:00:00,22.24117643018468
2024-01-27 06:00:00,20.843969895304966
2024-01-27 07:00:00,20.92475878659984
2024-01-27 08:00:00,22.739899183079284
2024-01-27 09:00:00,20.67912228028211
2024-01-27 10:00:00,21.059782274144265
2024-01-27 11:00:00,20.403559506159816
2024-01-27 12:00:00,24.680396649412092
2024-01-27 13:00:00,20.088802740023464
2024-01-27 14:00:00,22.773034739063615
2024-01-27 15:00:00,21.71260251997631
2024-01-27 16:00:00,21.967398548813765
2024-01-27 17:00:00,23.294884775053692
2024-01-27 18:00:00,20.63415524192686
2024-01-27 19:00:00,20.47386898199661
2024-01-27 20:00:00,20.612537222253657
2024-01-27 21:00:00,23.725589647546958
2024-01-27 22:00:00,23.75944862925538
2024-01-27 23:00:00,21.401244620505704
2024-01-28 00:00:00,22.37495131964597
2024-01-28 01:00:00,20.197892415715987
2024-01-28 02:00:00,20.768602529975844
2024-01-28 03:00:00,21.857452507242858
2024-01-28 04:00:00,22.942022054352023
2024-01-28 05:00:00,22.38219850845225
2024-01-28 06:00:00,24.345453861002767
2024-01-28 07:00:00,23.427710925768483
2024-01-28 08:00:00,21.709888153629432
2024-01-28 09:00:00,22.435590063855166
2024-01-28 10:00:00,21.400902807979676
2024-01-28 11:00:00,24.87109746876344
2024-01-28 12:00:00,21.411673052235404
2024-01-28 13:00:00,24.835232605194385
2024-01-28 14:00:00,23.305821714174378
2024-01-28 15:00:00,21.83452029973382
2024-01-28 16:00:00,20.90589175039711
2024-01-28 17:00:00,24.876174801217097
2024-01-28 18:00:00,23.173246610830702
2024-01-28 19:00:00,20.418833073936522
2024-01-28 20:00:00,20.924427408925013
2024-01-28 21:00:00,22.711917043119005
2024-01-28 22:00:00,21.544178842128954
2024-01-28 23:00:00,23.494185920091496
2024-01-29 00:00:00,25.585993617949427
2024-01-29 01:00:00,22.911737482031455
2024-01-29 02:00:00,26.75442575495261
2024-01-29 03:00:00,26.461954299770284
2024-01-29 04:00:00,22.80207466488486
2024-01-29 05:00:00,24.212842397673732
2024-01-29 06:00:00,22.975977510015696
2024-01-29 07:00:00,28.94954515432372
2024-01-29 08:00:00,87.88958085802773
2024-01-29 09:00:00,67.40910211260035
2024-01-29 10:00:00,79.14625413998044
2024-01-29 11:00:00,82.63282898492464
2024-01-29 12:00:00,105.42450010556128
2024-01-29 13:00:00,92.49115327346368
2024-01-29 14:00:00,70.99941222295396
2024-01-29 15:00:00,72.4589257155468
2024-01-29 16:00:00,92.4112495582164
2024-01-29 17:00:00,53.27465016363956
2024-01-29 18:00:00,87.35804344753953
2024-01-29 19:00:00,25.61726885774487
2024-01-29 20:00:00,28.005722339696533
2024-01-29 21:00:00,25.162451156998618
2024-01-29 22:00:00,29.285697655056488
2024-01-29 23:00:00,24.85849089021307
2024-01-30 00:00:00,24.398815717781115
2024-01-30 01:00:00,26.988505861273186
2024-01-30 02:00:00,24.07314943819183
2024-01-30 03:00:00,23.11607873874189
2024-01-30 04:00:00,24.25783018666768
2024-01-30 05:00:00,27.916097125130776
2024-01-30 06:00:00,27.425947633446842
2024-01-30 07:00:00,28.63373562381878
2024-01-30 08:00:00,92.09473208966332
2024-01-30 09:00:00,86.15917928091532
2024-01-30 10:00:00,76.30481631975597
2024-01-30 11:00:00,112.52354292406538
2024-01-30 12:00:00,94.56022789486217
2024-01-30 13:00:00,68.64101773809364
2024-01-30 14:00:00,95.95774090235497
2024-01-30 15:00:00,89.77275815446876
2024-01-30 16:00:00,82.33133141749744
2024-01-30 17:00:00,79.2926001007313
2024-01-30 18:00:00,99.13439673623543
2024-01-30 19:00:00,24.11169894539139
2024-01-30 20:00:00,22.12942690191023
2024-01-30 21:00:00,23.532799963969957
2024-01-30 22:00:00,25.39003024184769
2024-01-30 23:00:00,27.61955772426774
2024-01-31 00:00:00,25.17216567279693
2024-01-31 01:00:00,27.2727333334083
2024-01-31 02:00:00,22.68665509214494
2024-01-31 03:00:00,28.189481172371973
2024-01-31 04:00:00,29.84917800403082
2024-01-31 05:00:00,29.957224767263114
2024-01-31 06:00:00,24.292166392120425
2024-01-31 07:00:00,28.071877157369787
2024-01-31 08:00:00,67.42749221097344
2024-01-31 09:00:00,86.9882201516643
2024-01-31 10:00:00,83.65497297142387
2024-01-31 11:00:00,91.01917149447866
2024-01-31 12:00:00,73.76482137996098
2024-01-31 13:00:00,73.88075781630334
2024-01-31 14:00:00,98.51471406090633
2024-01-31 15:00:00,67.43413223270773
2024-01-31 16:00:00,113.20203726895627
2024-01-31 17:00:00,66.08585392372976
2024-01-31 18:00:00,58.19855653086278
2024-01-31 19:00:00,26.128303652477346
2024-01-31 20:00:00,27.20084558681788
2024-01-31 21:00:00,29.268587838338792
2024-01-31 22:00:00,25.46376125735219
2024-01-31 23:00:00,29.366895868199435
2024-02-01 00:00:00,27.05413056852155
2024-02-01 01:00:00,24.003332236469
2024-02-01 02:00:00,29.425785779199565
2024-02-01 03:00:00,23.611606925891873
2024-02-01 04:00:00,23.32255286621234
2024-02-01 05:00:00,28.346912327414515
2024-02-01 06:00:00,26.311042260602484
2024-02-01 07:00:00,28.21317469670379
2024-02-01 08:00:00,75.5922506084011
2024-02-01 09:00:00,78.48108871342538
2024-02-01 10:00:00,106.90018492635201
2024-02-01 11:00:00,69.50625454336793
2024-02-01 12:00:00,81.05710714647726
2024-02-01 13:00:00,90.8952333802743
2024-02-01 14:00:00,117.77931091513312
2024-02-01 15:00:00,70.39574994772136
2024-02-01 16:00:00,94.48336054105457
2024-02-01 17:00:00,92.06191646144094
2024-02-01 18:00:00,94.53647755400877
2024-02-01 19:00:00,28.180327612839985
2024-02-01 20:00:00,28.179412532471996
2024-02-01 21:00:00,26.659802459833124
2024-02-01 22:00:00,25.402130335276777
2024-02-01 23:00:00,22.47579516621868
2024-02-02 00:00:00,23.658898924659116
2024-02-02 01:00:00,29.291471051451488
2024-02-02 02:00:00,26.811866468368542
2024-02-02 03:00:00,26.135537338641807
2024-02-02 04:00:00,24.50194976935025
2024-02-02 05:00:00,28.236117656364932
2024-02-02 06:00:00,22.854157718258183
2024-02-02 07:00:00,26.817096281234374
2024-02-02 08:00:00,70.83314863012887
2024-02-02 09:00:00,89.66905433349909
2024-02-02 10:00:00,99.04985554480977
2024-02-02 11:00:00,102.95799058877358
2024-02-02 12:00:00,103.82163229403918
2024-02-02 13:00:00,52.60857884271256
2024-02-02 14:00:00,92.55699379216219
2024-02-02 15:00:00,85.93639165796955
2024-02-02 16:00:00,80.52858572809131
2024-02-02 17:00:00,68.30673059121332
2024-02-02 18:00:00,104.47029151036585
2024-02-02 19:00:00,22.823869433651822
2024-02-02 20:00:00,28.430713164739927
2024-02-02 21:00:00,22.825567723704427
2024-02-02 22:00:00,22.102163902842456
2024-02-02 23:00:00,23.358075465301724
2024-02-03 00:00:00,24.88036760749818
2024-02-03 01:00:00,23.563191383228443
2024-02-03 02:00:00,20.713656407922283
2024-02-03 03:00:00,23.5355089541395
2024-02-03 04:00:00,23.14400523772547
2024-02-03 05:00:00,23.385017016138065
2024-02-03 06:00:00,20.10239155114665
2024-02-03 07:00:00,21.083572497225134
2024-02-03 08:00:00,21.16945312150173
2024-02-03 09:00:00,23.4612753823004
2024-02-03 10:00:00,20.443456212327757
2024-02-03 11:00:00,24.13202737632726
2024-02-03 12:00:00,22.83439773651509
2024-02-03 13:00:00,24.817776950297706
2024-02-03 14:00:00,21.878059919580238
2024-02-03 15:00:00,22.13997693434425
2024-02-03 16:00:00,24.098128661195204
2024-02-03 17:00:00,24.285782766703917
2024-02-03 18:00:00,23.95550105201096
2024-02-03 19:00:00,20.293166775157193
2024-02-03 20:00:00,24.601966603487774
2024-02-03 21:00:00,22.891820514003207
2024-02-03 22:00:00,24.35696162329248
2024-02-03 23:00:00,23.854525881563674
2024-02-04 00:00:00,23.468956300559956
2024-02-04 01:00:00,23.76194038602488
2024-02-04 02:00:00,21.91617388566628
2024-02-04 03:00:00,23.910704811457048
2024-02-04 04:00:00,23.64487777796493
2024-02-04 05:00:00,20.97466183367235
2024-02-04 06:00:00,21.4901609545116
2024-02-04 07:00:00,22.97210840040045
2024-02-04 08:00:00,24.217519617534272
2024-02-04 09:00:00,24.426737508266626
2024-02-04 10:00:00,21.826399255879213
2024-02-04 11:00:00,20.692607029363586
2024-02-04 12:00:00,22.571698952986033
2024-02-04 13:00:00,23.38009048802338
2024-02-04 14:00:00,22.650071419686732
2024-02-04 15:00:00,23.26855147057311
2024-02-04 16:00:00,21.011587614485155
2024-02-04 17:00:00,20.708528792709426
2024-02-04 18:00:00,21.70020544371899
2024-02-04 19:00:00,20.662824821643767
2024-02-04 20:00:00,21.63279726498978
2024-02-04 21:00:00,24.42601112532678
2024-02-04 22:00:00,23.262512785733513
2024-02-04 23:00:00,23.79291742676987
2024-02-05 00:00:00,26.154004406512826
2024-02-05 01:00:00,23.439545070216273
2024-02-05 02:00:00,28.352731008482838
2024-02-05 03:00:00,24.201223902524013
2024-02-05 04:00:00,24.22077525894809
2024-02-05 05:00:00,27.342147329591434
2024-02-05 06:00:00,24.684699286571373
2024-02-05 07:00:00,27.71206760239739
2024-02-05 08:00:00,110.88300738100432
2024-02-05 09:00:00,75.56241378638472
2024-02-05 10:00:00,58.344653289680735
2024-02-05 11:00:00,102.40946738197908
2024-02-05 12:00:00,80.19946841009495
2024-02-05 13:00:00,101.94979060889938
2024-02-05 14:00:00,91.51208504573148
2024-02-05 15:00:00,95.2367468032578
2024-02-05 16:00:00,81.32613860513155
2024-02-05 17:00:00,64.80732412845738
2024-02-05 18:00:00,79.79849064861119
2024-02-05 19:00:00,22.748856894523584
2024-02-05 20:00:00,22.837457246562657
2024-02-05 21:00:00,27.116785066323555
2024-02-05 22:00:00,26.333575126632294
2024-02-05 23:00:00,27.632371319282676
2024-02-06 00:00:00,28.197596284172214
2024-02-06 01:00:00,25.13116603434079
2024-02-06 02:00:00,29.122751633878458
2024-02-06 03:00:00,29.098154621317473
2024-02-06 04:00:00,26.744934800622637
2024-02-06 05:00:00,28.04147257579392
2024-02-06 06:00:00,25.649335491098967
2024-02-06 07:00:00,24.578126541372033
2024-02-06 08:00:00,89.99541398697926
2024-02-06 09:00:00,84.23146877384761
2024-02-06 10:00:00,71.11366303511281
2024-02-06 11:00:00,90.92399408878144
2024-02-06 12:00:00,71.03685056322016
2024-02-06 13:00:00,97.78391751978593
2024-02-06 14:00:00,84.93917721035442
2024-02-06 15:00:00,86.4572251069132
2024-02-06 16:00:00,55.54924870079594
2024-02-06 17:00:00,111.8859636133893
2024-02-06 18:00:00,81.69989761547998
2024-02-06 19:00:00,28.79375515219589
2024-02-06 20:00:00,24.66355633505437
2024-02-06 21:00:00,25.5486410029769
2024-02-06 22:00:00,28.814727584390234
2024-02-06 23:00:00,25.69410375878902
2024-02-07 00:00:00,22.06711301274043
2024-02-07 01:00:00,26.470501063933725
2024-02-07 02:00:00,24.094742162022023
2024-02-07 03:00:00,23.85495684091594
2024-02-07 04:00:00,26.570547052475746
2024-02-07 05:00:00,22.86928448109061
2024-02-07 06:00:00,24.3011262261515
2024-02-07 07:00:00,24.079889693528607
2024-02-07 08:00:00,105.3634779049768
2024-02-07 09:00:00,108.33794356342726
2024-02-07 10:00:00,87.08232226950483
2024-02-07 11:00:00,60.20590104912637
2024-02-07 12:00:00,76.72742170749761
2024-02-07 13:00:00,85.87727932011796
2024-02-07 14:00:00,85.60955006489729
2024-02-07 15:00:00,102.90994490321023
2024-02-07 16:00:00,89.95562212635016
2024-02-07 17:00:00,68.93444023162454
2024-02-07 18:00:00,79.15332516347397
2024-02-07 19:00:00,23.283880974497546
2024-02-07 20:00:00,22.15748295649307
2024-02-07 21:00:00,26.849303409773444
2024-02-07 22:00:00,25.83868445163479
2024-02-07 23:00:00,24.958075789138178
2024-02-08 00:00:00,28.101408125376068
2024-02-08 01:00:00,22.35383423762975
2024-02-08 02:00:00,25.94584819704635
2024-02-08 03:00:00,27.74186950130511
2024-02-08 04:00:00,24.220977014927797
2024-02-08 05:00:00,28.782107606062997
2024-02-08 06:00:00,25.660435642864112
2024-02-08 07:00:00,26.31644568901911
2024-02-08 08:00:00,66.37595198933445
2024-02-08 09:00:00,95.19171133592506
2024-02-08 10:00:00,75.24161238013299
2024-02-08 11:00:00,94.5504371631878
2024-02-08 12:00:00,60.556214771712355
2024-02-08 13:00:00,90.95011169883463
2024-02-08 14:00:00,100.94713885194841
2024-02-08 15:00:00,106.09028139782103
2024-02-08 16:00:00,75.70640472186363
2024-02-08 17:00:00,82.1673109796957
2024-02-08 18:00:00,65.98968981503035
2024-02-08 19:00:00,23.934634255635668
2024-02-08 20:00:00,28.525308146270348
2024-02-08 21:00:00,22.217435449350216
2024-02-08 22:00:00,23.867226751566893
2024-02-08 23:00:00,27.605769345250746
2024-02-09 00:00:00,28.45321173900912
2024-02-09 01:00:00,26.331919426219944
2024-02-09 02:00:00,28.29140161415784
2024-02-09 03:00:00,22.777671376039756
2024-02-09 04:00:00,27.452648228212148
2024-02-09 05:00:00,27.873083826441682
2024-02-09 06:00:00,28.972549647512608
2024-02-09 07:00:00,26.279123594926823
2024-02-09 08:00:00,78.82984471027294
2024-02-09 09:00:00,54.511184256392156
2024-02-09 10:00:00,99.902099944524
2024-02-09 11:00:00,64.6862454863197
2024-02-09 12:00:00,89.60317002868594
2024-02-09 13:00:00,66.51471528637664
2024-02-09 14:00:00,70.0234884538979
2024-02-09 15:00:00,108.68569639235277
2024-02-09 16:00:00,82.32304674401033
2024-02-09 17:00:00,81.3539318880158
2024-02-09 18:00:00,65.60134060025072
2024-02-09 19:00:00,26.354403350243015
2024-02-09 20:00:00,28.492425091920428
2024-02-09 21:00:00,24.77649050911461
2024-02-09 22:00:00,29.413935447962317
2024-02-09 23:00:00,26.673643781926767
2024-02-10 00:00:00,22.943440598260256
2024-02-10 01:00:00,23.36050373440575
2024-02-10 02:00:00,22.459306466378862
2024-02-10 03:00:00,22.46115594085381
2024-02-10 04:00:00,23.217867328868664
2024-02-10 05:00:00,24.858660775312345
2024-02-10 06:00:00,20.84042736006609
2024-02-10 07:00:00,20.041723953742885
2024-02-10 08:00:00,23.796604356209272
2024-02-10 09:00:00,22.42387789880325
2024-02-10 10:00:00,23.813847331112296
2024-02-10 11:00:00,20.336833182441662
2024-02-10 12:00:00,23.97882151131441
2024-02-10 13:00:00,23.157276430587533
2024-02-10 14:00:00,22.986663666110548
2024-02-10 15:00:00,20.3804875072297
2024-02-10 16:00:00,21.302402290338797
2024-02-10 17:00:00,23.181564904487114
2024-02-10 18:00:00,20.39059947065008
2024-02-10 19:00:00,22.72979964132333
2024-02-10 20:00:00,22.695119276516035
2024-02-10 21:00:00,20.57784399743782
2024-02-10 22:00:00,21.62627229428191
2024-02-10 23:00:00,24.015353981370637
2024-02-11 00:00:00,23.753243064166448
2024-02-11 01:00:00,24.453983516198257
2024-02-11 02:00:00,21.685823133424126
2024-02-11 03:00:00,24.650349502123547
2024-02-11 04:00:00,22.142139697030625
2024-02-11 05:00:00,22.694482599055995
2024-02-11 06:00:00,22.09115179974111
2024-02-11 07:00:00,24.43433274213259
2024-02-11 08:00:00,22.760844231864837
2024-02-11 09:00:00,21.86619824348531
2024-02-11 10:00:00,21.13719946605249
2024-02-11 11:00:00,20.364101731907674
2024-02-11 12:00:00,21.126560233485964
2024-02-11 13:00:00,23.280739118261256
2024-02-11 14:00:00,20.52158150334094
2024-02-11 15:00:00,20.726508468127104
2024-02-11 16:00:00,22.62581147060407
2024-02-11 17:00:00,20.315328946335946
2024-02-11 18:00:00,24.73404314572648
2024-02-11 19:00:00,22.900670670168985
2024-02-11 20:00:00,24.63059218654622
2024-02-11 21:00:00,21.72044997433484
2024-02-11 22:00:00,23.676339520087517
2024-02-11 23:00:00,21.005620896602007
2024-02-12 00:00:00,24.69283657468386
2024-02-12 01:00:00,28.508345875686594
2024-02-12 02:00:00,24.568902765315784
2024-02-12 03:00:00,24.110326563750252
2024-02-12 04:00:00,23.320598614001124
2024-02-12 05:00:00,24.905071788559063
2024-02-12 06:00:00,26.98053068191474
2024-02-12 07:00:00,23.534088660794694
2024-02-12 08:00:00,68.58437129578772
2024-02-12 09:00:00,80.92299440273749
2024-02-12 10:00:00,91.87077635551671
2024-02-12 11:00:00,84.75371356494576
2024-02-12 12:00:00,99.31809519007378
2024-02-12 13:00:00,71.69133279617799
2024-02-12 14:00:00,77.4176626879157
2024-02-12 15:00:00,90.0505159297584
2024-02-12 16:00:00,104.35433333775578
2024-02-12 17:00:00,89.31932516708834
2024-02-12 18:00:00,73.93267115803165
2024-02-12 19:00:00,29.00099401066536
2024-02-12 20:00:00,29.094968156535355
2024-02-12 21:00:00,23.82523818251473
2024-02-12 22:00:00,27.523486351203534
2024-02-12 23:00:00,24.875408367625127
2024-02-13 00:00:00,22.83280715344054
2024-02-13 01:00:00,27.570977737648867
2024-02-13 02:00:00,27.24961227557873
2024-02-13 03:00:00,23.488891390678262
2024-02-13 04:00:00,27.43598230755746
2024-02-13 05:00:00,24.237225030907076
2024-02-13 06:00:00,26.589288102353763
2024-02-13 07:00:00,29.08587578784215
2024-02-13 08:00:00,84.0730508573199
2024-02-13 09:00:00,84.95061759186359
2024-02-13 10:00:00,98.66179637015887
2024-02-13 11:00:00,69.49291852061378
2024-02-13 12:00:00,85.31698242249257
2024-02-13 13:00:00,92.557266386756
2024-02-13 14:00:00,102.72507602427683
2024-02-13 15:00:00,69.4758635218164
2024-02-13 16:00:00,85.45504019226361
2024-02-13 17:00:00,62.78821340557933
2024-02-13 18:00:00,66.26173265043217
2024-02-13 19:00:00,23.28712161756478
2024-02-13 20:00:00,24.493365639783732
2024-02-13 21:00:00,29.275181808230496
2024-02-13 22:00:00,23.90090713149857
2024-02-13 23:00:00,25.215199973899587
2024-02-14 00:00:00,28.367753086942805
2024-02-14 01:00:00,28.37644720636863
2024-02-14 02:00:00,25.850470963802145
2024-02-14 03:00:00,28.164979546195266
2024-02-14 04:00:00,25.42337967006005
2024-02-14 05:00:00,29.642745199340066
2024-02-14 06:00:00,24.862547754813505
2024-02-14 07:00:00,24.72526133865166
2024-02-14 08:00:00,91.57077668580729
2024-02-14 09:00:00,88.82348118351936
2024-02-14 10:00:00,80.9276409552484
2024-02-14 11:00:00,68.65269186240184
2024-02-14 12:00:00,69.04635460061245
2024-02-14 13:00:00,101.7946870437224
2024-02-14 14:00:00,89.57708990057581
2024-02-14 15:00:00,109.22070793152757
2024-02-14 16:00:00,78.98142548351943
2024-02-14 17:00:00,108.53079215155864
2024-02-14 18:00:00,108.45943127776835
2024-02-14 19:00:00,29.0446444176992
2024-02-14 20:00:00,27.35459788339532
2024-02-14 21:00:00,28.600195496363252
2024-02-14 22:00:00,23.628408209460083
2024-02-14 23:00:00,25.44415356515492
2024-02-15 00:00:00,25.23445639428208
2024-02-15 01:00:00,28.462239345874174
2024-02-15 02:00:00,22.170035734636276
2024-02-15 03:00:00,23.96654768443437
2024-02-15 04:00:00,29.666712600800945
2024-02-15 05:00:00,27.345430965619723
2024-02-15 06:00:00,23.580443699261473
2024-02-15 07:00:00,27.282050655504175
2024-02-15 08:00:00,84.48776783396406
2024-02-15 09:00:00,82.02899409726255
2024-02-15 10:00:00,91.61024516827398
2024-02-15 11:00:00,92.16894295678327
2024-02-15 12:00:00,59.18741682769736
2024-02-15 13:00:00,82.31979018437073
2024-02-15 14:00:00,95.81711356588649
2024-02-15 15:00:00,90.87780509512304
2024-02-15 16:00:00,70.01201012307162
2024-02-15 17:00:00,94.93205230748637
2024-02-15 18:00:00,106.92153895961971
2024-02-15 19:00:00,23.63449233281229
2024-02-15 20:00:00,28.23045244542371
2024-02-15 21:00:00,24.853732693445078
2024-02-15 22:00:00,25.937900016759
2024-02-15 23:00:00,28.48540302348986
2024-02-16 00:00:00,23.390609989754005
2024-02-16 01:00:00,27.323685491778914
2024-02-16 02:00:00,22.782889356464906
2024-02-16 03:00:00,25.754980497694287
2024-02-16 04:00:00,28.50732316168733
2024-02-16 05:00:00,28.785759304170917
2024-02-16 06:00:00,24.528159134329975
2024-02-16 07:00:00,22.919935738685105
2024-02-16 08:00:00,71.6103848734986
2024-02-16 09:00:00,116.53001967935043
2024-02-16 10:00:00,81.17139258846882
2024-02-16 11:00:00,102.55561140034408
2024-02-16 12:00:00,88.05846499574122
2024-02-16 13:00:00,95.48588568739024
2024-02-16 14:00:00,78.29777831958964
2024-02-16 15:00:00,116.56116723745204
2024-02-16 16:00:00,81.09703093136932
2024-02-16 17:00:00,103.73592258158351
2024-02-16 18:00:00,101.01897897958129
2024-02-16 19:00:00,28.415727941216275
2024-02-16 20:00:00,22.743002755670933
2024-02-16 21:00:00,22.02401904993338
2024-02-16 22:00:00,23.98470087986135
2024-02-16 23:00:00,23.668090594008042
2024-02-17 00:00:00,20.970208744689337
2024-02-17 01:00:00,22.759372746195442
2024-02-17 02:00:00,21.3954639831696
2024-02-17 03:00:00,21.769406858990582
2024-02-17 04:00:00,23.989649758445655
2024-02-17 05:00:00,23.189409222481903
2024-02-17 06:00:00,22.530267410875876
2024-02-17 07:00:00,23.42504356696575
2024-02-17 08:00:00,21.381210525065317
2024-02-17 09:00:00,21.66447462293809
2024-02-17 10:00:00,20.474567465898225
2024-02-17 11:00:00,23.19286245480805
2024-02-17 12:00:00,23.783881749945905
2024-02-17 13:00:00,24.63554128212021
2024-02-17 14:00:00,20.330369775028743
2024-02-17 15:00:00,24.402019010575344
2024-02-17 16:00:00,24.842866810699256
2024-02-17 17:00:00,20.12234340948433
2024-02-17 18:00:00,22.444502098998672
2024-02-17 19:00:00,23.795244997490776
2024-02-17 20:00:00,23.59594114817552
2024-02-17 21:00:00,20.997357777217836
2024-02-17 22:00:00,21.050454792880064
2024-02-17 23:00:00,23.260318957304598
2024-02-18 00:00:00,21.78996384828469
2024-02-18 01:00:00,21.762932439154554
2024-02-18 02:00:00,23.69937786055233
2024-02-18 03:00:00,23.095460445903242
2024-02-18 04:00:00,22.310260346579533
2024-02-18 05:00:00,21.100080719516168
2024-02-18 06:00:00,24.448912973201164
2024-02-18 07:00:00,22.16341400131598
2024-02-18 08:00:00,24.666781064544935
2024-02-18 09:00:00,22.3169336957924
2024-02-18 10:00:00,23.95145675738454
2024-02-18 11:00:00,21.293087063386412
2024-02-18 12:00:00,24.150217402895095
2024-02-18 13:00:00,24.7867971810904
2024-02-18 14:00:00,23.157505995344387
2024-02-18 15:00:00,23.48873553539917
2024-02-18 16:00:00,23.824433706695505
2024-02-18 17:00:00,22.86216899431893
2024-02-18 18:00:00,23.387511537467976
2024-02-18 19:00:00,22.946282041423895
2024-02-18 20:00:00,23.753032531669128
2024-02-18 21:00:00,21.18648448147792
2024-02-18 22:00:00,21.08763783985032
2024-02-18 23:00:00,23.7812119162057
2024-02-19 00:00:00,26.87611549012663
2024-02-19 01:00:00,23.337984297501503
2024-02-19 02:00:00,28.53619712949185
2024-02-19 03:00:00,23.88315904319321
2024-02-19 04:00:00,23.076376330516396
2024-02-19 05:00:00,23.02162117276519
2024-02-19 06:00:00,27.80446727246345
2024-02-19 07:00:00,25.66382566664727
2024-02-19 08:00:00,78.63741147131506
2024-02-19 09:00:00,102.97181962748218
2024-02-19 10:00:00,101.25297736963273
2024-02-19 11:00:00,84.72085986056601
2024-02-19 12:00:00,77.95139327538605
2024-02-19 13:00:00,74.94436714397585
2024-02-19 14:00:00,70.79963299878023
2024-02-19 15:00:00,99.5195432561105
2024-02-19 16:00:00,111.6601546688534
2024-02-19 17:00:00,76.50037629844388
2024-02-19 18:00:00,96.80689172136093
2024-02-19 19:00:00,28.301389202237193
2024-02-19 20:00:00,29.89198634326194
2024-02-19 21:00:00,23.722848828657312
2024-02-19 22:00:00,23.2765527613039
2024-02-19 23:00:00,28.359219247105123
2024-02-20 00:00:00,22.02698174857157
2024-02-20 01:00:00,23.49056931479864
2024-02-20 02:00:00,27.0147109780991
2024-02-20 03:00:00,24.38549972260516
2024-02-20 04:00:00,25.00925394276838
2024-02-20 05:00:00,29.721829339466684
2024-02-20 06:00:00,22.92066583009782
2024-02-20 07:00:00,29.155407325627507
2024-02-20 08:00:00,87.11088390719468
2024-02-20 09:00:00,83.451985230249
2024-02-20 10:00:00,87.40742700379536
2024-02-20 11:00:00,82.22368118888201
2024-02-20 12:00:00,87.37148200415125
2024-02-20 13:00:00,90.43631326711014
2024-02-20 14:00:00,85.72033587039394
2024-02-20 15:00:00,105.99367365616665
2024-02-20 16:00:00,90.43627245689032
2024-02-20 17:00:00,53.182043726154646
2024-02-20 18:00:00,88.4960955077012
2024-02-20 19:00:00,22.02670617331003
2024-02-20 20:00:00,29.997033707079133
2024-02-20 21:00:00,23.936236324495027
2024-02-20 22:00:00,27.091061656821292
2024-02-20 23:00:00,23.847104750427903
2024-02-21 00:00:00,29.941690212055832
2024-02-21 01:00:00,25.19932482410784
2024-02-21 02:00:00,26.332846205030403
2024-02-21 03:00:00,27.472776756783272
2024-02-21 04:00:00,26.48291993405635
2024-02-21 05:00:00,29.651990203054172
2024-02-21 06:00:00,26.663986423830906
2024-02-21 07:00:00,23.339177177188567
2024-02-21 08:00:00,51.474311342179234
2024-02-21 09:00:00,81.12477398560603
2024-02-21 10:00:00,85.43134619363721
2024-02-21 11:00:00,110.5290376769793
2024-02-21 12:00:00,79.37768875960653
2024-02-21 13:00:00,59.972326943626214
2024-02-21 14:00:00,80.51671545647031
2024-02-21 15:00:00,96.3532657111086
2024-02-21 16:00:00,89.90596669413176
2024-02-21 17:00:00,70.45694739174712
2024-02-21 18:00:00,93.12129274717401
2024-02-21 19:00:00,27.18154990442295
2024-02-21 20:00:00,22.17101027565852
2024-02-21 21:00:00,26.627637234734006
2024-02-21 22:00:00,29.41282173358759
2024-02-21 23:00:00,22.381943595641893
2024-02-22 00:00:00,26.768232656391138
2024-02-22 01:00:00,25.844245731455143
2024-02-22 02:00:00,24.186469750263853
2024-02-22 03:00:00,24.721471519089548
2024-02-22 04:00:00,26.320574923360606
2024-02-22 05:00:00,23.71329596600431
2024-02-22 06:00:00,23.06789585082644
2024-02-22 07:00:00,23.166202708517098
2024-02-22 08:00:00,89.85722752342026
2024-02-22 09:00:00,89.82182684702347
2024-02-22 10:00:00,109.05683480559077
2024-02-22 11:00:00,78.96407482425172
2024-02-22 12:00:00,105.98976791051817
2024-02-22 13:00:00,97.7177824868018
2024-02-22 14:00:00,93.0578159921453
2024-02-22 15:00:00,89.85730293166247
2024-02-22 16:00:00,109.8531119989849
2024-02-22 17:00:00,92.26665447823275
2024-02-22 18:00:00,68.70619636955796
2024-02-22 19:00:00,27.747647821015978
2024-02-22 20:00:00,29.3421585057778
2024-02-22 21:00:00,28.131693306308716
2024-02-22 22:00:00,25.081962688139857
2024-02-22 23:00:00,24.228377342755127
2024-02-23 00:00:00,28.65772250402275
2024-02-23 01:00:00,23.25516303076696
2024-02-23 02:00:00,26.041911919652314
2024-02-23 03:00:00,27.781674582914412
2024-02-23 04:00:00,25.55582331212411
2024-02-23 05:00:00,28.93261345593938
2024-02-23 06:00:00,25.729915676573434
2024-02-23 07:00:00,23.296045162710747
2024-02-23 08:00:00,92.04607324740213
2024-02-23 09:00:00,56.38448569999332
2024-02-23 10:00:00,88.3854110806668
2024-02-23 11:00:00,97.70225198715141
2024-02-23 12:00:00,75.52357736883717
2024-02-23 13:00:00,76.25782505008607
2024-02-23 14:00:00,102.03296822487346
2024-02-23 15:00:00,74.9770152466564
2024-02-23 16:00:00,78.06274937085735
2024-02-23 17:00:00,81.1328407756112
2024-02-23 18:00:00,100.5757288473882
2024-02-23 19:00:00,23.786422546973753
2024-02-23 20:00:00,25.972963270673585
2024-02-23 21:00:00,28.003172661775736
2024-02-23 22:00:00,29.917973367652415
2024-02-23 23:00:00,25.21561240475273
2024-02-24 00:00:00,21.57609315541218
2024-02-24 01:00:00,21.042419064412524
2024-02-24 02:00:00,24.624841941388635
2024-02-24 03:00:00,22.817543418924927
2024-02-24 04:00:00,20.070251651214583
2024-02-24 05:00:00,21.48783537686586
2024-02-24 06:00:00,24.79848832319167
2024-02-24 07:00:00,20.29188425042776
2024-02-24 08:00:00,22.613956456159354
2024-02-24 09:00:00,21.9571186921058
2024-02-24 10:00:00,23.148104816133944
2024-02-24 11:00:00,21.61374521315508
2024-02-24 12:00:00,24.03037057133259
2024-02-24 13:00:00,21.347972127195536
2024-02-24 14:00:00,23.236874534162265
2024-02-24 15:00:00,23.38435243469313
2024-02-24 16:00:00,22.452617848986833
2024-02-24 17:00:00,23.44252124608295
2024-02-24 18:00:00,21.64677016082317
2024-02-24 19:00:00,23.526025715684547
2024-02-24 20:00:00,20.692728553497435
2024-02-24 21:00:00,20.548033423451333
2024-02-24 22:00:00,23.12745367019564
2024-02-24 23:00:00,23.28246710687915
2024-02-25 00:00:00,20.52566506158996
2024-02-25 01:00:00,22.757908564669584
2024-02-25 02:00:00,22.863652067946404
2024-02-25 03:00:00,20.43570665317707
2024-02-25 04:00:00,21.545410728900144
2024-02-25 05:00:00,24.531370109529664
2024-02-25 06:00:00,21.05449665474419
2024-02-25 07:00:00,20.735000471783096
2024-02-25 08:00:00,20.107552447151594
2024-02-25 09:00:00,20.35204500247261
2024-02-25 10:00:00,21.31015114173707
2024-02-25 11:00:00,21.50399836403868
2024-02-25 12:00:00,24.245867599024365
2024-02-25 13:00:00,21.349544850875542
2024-02-25 14:00:00,23.112207350122834
2024-02-25 15:00:00,21.653858735531927
2024-02-25 16:00:00,23.229032707669035
2024-02-25 17:00:00,22.7896659084191
2024-02-25 18:00:00,20.533746159863107
2024-02-25 19:00:00,20.759904568809976
2024-02-25 20:00:00,23.60242258086665
2024-02-25 21:00:00,23.906664062560083
2024-02-25 22:00:00,23.03529075165377
2024-02-25 23:00:00,22.53347084680786
2024-02-26 00:00:00,22.406276342686017
2024-02-26 01:00:00,22.188834728835477
2024-02-26 02:00:00,24.749385384107068
2024-02-26 03:00:00,23.660454354704928
2024-02-26 04:00:00,27.68266036448797
2024-02-26 05:00:00,24.441299918143656
2024-02-26 06:00:00,26.141256623188177
2024-02-26 07:00:00,29.29130000523878
2024-02-26 08:00:00,71.92585264012155
2024-02-26 09:00:00,86.36104676029447
2024-02-26 10:00:00,87.95735202852187
2024-02-26 11:00:00,107.98598296616365
2024-02-26 12:00:00,59.35082250911712
2024-02-26 13:00:00,117.72619978833382
2024-02-26 14:00:00,67.59928830287497
2024-02-26 15:00:00,84.08015315049244
2024-02-26 16:00:00,103.68351425136703
2024-02-26 17:00:00,76.4248121173564
2024-02-26 18:00:00,96.41089262393714
2024-02-26 19:00:00,26.89498325682144
2024-02-26 20:00:00,29.718067207689153
2024-02-26 21:00:00,26.090105580346233
2024-02-26 22:00:00,25.071767731372006
2024-02-26 23:00:00,24.24097903958898
2024-02-27 00:00:00,25.638635378720693
2024-02-27 01:00:00,25.442257542880036
2024-02-27 02:00:00,27.94064199606116
2024-02-27 03:00:00,28.609717420183355
2024-02-27 04:00:00,27.958161690201365
2024-02-27 05:00:00,28.33167166586011
2024-02-27 06:00:00,29.336199082883354
2024-02-27 07:00:00,28.136275245425725
2024-02-27 08:00:00,96.16391334418387
2024-02-27 09:00:00,84.45719850531637
2024-02-27 10:00:00,97.2485492282323
2024-02-27 11:00:00,69.75449226143697
2024-02-27 12:00:00,110.73328886367878
2024-02-27 13:00:00,81.27979188685433
2024-02-27 14:00:00,63.65795677797432
2024-02-27 15:00:00,84.32677019822528
2024-02-27 16:00:00,75.07073646135073
2024-02-27 17:00:00,97.55714656613353
2024-02-27 18:00:00,78.55203692608737
2024-02-27 19:00:00,29.09195739971125
2024-02-27 20:00:00,24.90960982316844
2024-02-27 21:00:00,22.687694591375738
2024-02-27 22:00:00,24.643357441407158
2024-02-27 23:00:00,22.084520349906896
2024-02-28 00:00:00,27.465459422188232
2024-02-28 01:00:00,22.11854946583886
2024-02-28 02:00:00,27.187891809263068
2024-02-28 03:00:00,28.413578619479896
2024-02-28 04:00:00,24.038116566640227
2024-02-28 05:00:00,28.96641927963887
2024-02-28 06:00:00,22.56921289709132
2024-02-28 07:00:00,22.122262409733995
2024-02-28 08:00:00,85.46334092562746
2024-02-28 09:00:00,114.35834866082445
2024-02-28 10:00:00,64.31334282945349
2024-02-28 11:00:00,104.84223553040383
2024-02-28 12:00:00,89.91773446178624
2024-02-28 13:00:00,84.65613485182944
2024-02-28 14:00:00,107.1579528580142
2024-02-28 15:00:00,60.12217948701644
2024-02-28 16:00:00,80.71451482387953
2024-02-28 17:00:00,82.59693281200227
2024-02-28 18:00:00,80.61472392433232
2024-02-28 19:00:00,23.744310302645854
2024-02-28 20:00:00,29.707846944273996
2024-02-28 21:00:00,23.33062861607398
2024-02-28 22:00:00,25.641776647285226
2024-02-28 23:00:00,27.6172141524024
2024-02-29 00:00:00,24.75662633605143
2024-02-29 01:00:00,25.531547798403736
2024-02-29 02:00:00,22.020969930168157
2024-02-29 03:00:00,28.58498974816221
2024-02-29 04:00:00,24.019703689852186
2024-02-29 05:00:00,22.773061832605798
2024-02-29 06:00:00,26.691178509532694
2024-02-29 07:00:00,23.347236618249084
2024-02-29 08:00:00,79.21408705275599
2024-02-29 09:00:00,79.5707592165571
2024-02-29 10:00:00,80.56012528700442
2024-02-29 11:00:00,72.69733561717658
2024-02-29 12:00:00,96.7406834466785
2024-02-29 13:00:00,83.01480907331906
2024-02-29 14:00:00,103.59913657349614
2024-02-29 15:00:00,77.81073272899427
2024-02-29 16:00:00,78.65621918242064
2024-02-29 17:00:00,79.92249530044423
2024-02-29 18:00:00,70.068631301969
2024-02-29 19:00:00,29.31660473329704
2024-02-29 20:00:00,28.245091700887105
2024-02-29 21:00:00,28.821137696834896
2024-02-29 22:00:00,23.13220148278387
2024-02-29 23:00:00,27.285688378814868
2024-03-01 00:00:00,23.310335728863908
2024-03-01 01:00:00,22.415696369447765
2024-03-01 02:00:00,22.504563890257263
2024-03-01 03:00:00,26.357946375475755
2024-03-01 04:00:00,28.865195429448924
2024-03-01 05:00:00,25.957005142861213
2024-03-01 06:00:00,29.46222253347448
2024-03-01 07:00:00,23.633610335536776
2024-03-01 08:00:00,79.73806046292341
2024-03-01 09:00:00,95.19925787114236
2024-03-01 10:00:00,100.8936258846816
2024-03-01 11:00:00,61.808471368281324
2024-03-01 12:00:00,106.8791784463525
2024-03-01 13:00:00,59.93901969231878
2024-03-01 14:00:00,77.11683842699301
2024-03-01 15:00:00,92.68144131594491
2024-03-01 16:00:00,68.7838280216904
2024-03-01 17:00:00,91.70289177420555
2024-03-01 18:00:00,66.05751029211272
2024-03-01 19:00:00,27.5923741017289
2024-03-01 20:00:00,23.11104050102095
2024-03-01 21:00:00,23.080601159376307
2024-03-01 22:00:00,29.985866159062937
2024-03-01 23:00:00,23.344791262025414
2024-03-02 00:00:00,23.18027288966715
2024-03-02 01:00:00,23.402935572804783
2024-03-02 02:00:00,23.098536006292676
2024-03-02 03:00:00,24.807616796636278
2024-03-02 04:00:00,20.96400109320217
2024-03-02 05:00:00,21.247543943851838
2024-03-02 06:00:00,24.762452620119753
2024-03-02 07:00:00,23.35458064713168
2024-03-02 08:00:00,21.375969194019806
2024-03-02 09:00:00,21.74854350751515
2024-03-02 10:00:00,22.778301108509158
2024-03-02 11:00:00,24.780710175060232
2024-03-02 12:00:00,23.85275221055726
2024-03-02 13:00:00,23.28204114915394
2024-03-02 14:00:00,20.055938338608215
2024-03-02 15:00:00,24.06191729479323
2024-03-02 16:00:00,23.147974323913903
2024-03-02 17:00:00,23.473608834094595
2024-03-02 18:00:00,20.962865195908293
2024-03-02 19:00:00,24.056035814916505
2024-03-02 20:00:00,20.799758317106615
2024-03-02 21:00:00,22.10648275843343
2024-03-02 22:00:00,22.491192719084022
2024-03-02 23:00:00,23.919955507156327
2024-03-03 00:00:00,22.49100984675374
2024-03-03 01:00:00,21.31044641951009
2024-03-03 02:00:00,22.568637955102346
2024-03-03 03:00:00,20.255321312657813
2024-03-03 04:00:00,22.996249547300096
2024-03-03 05:00:00,20.781266338715373
2024-03-03 06:00:00,23.448173498944264
2024-03-03 07:00:00,23.471997884736332
2024-03-03 08:00:00,24.68651322179219
2024-03-03 09:00:00,23.907230777881175
2024-03-03 10:00:00,20.039829828484034
2024-03-03 11:00:00,23.67799518919149
2024-03-03 12:00:00,24.306276315230022
2024-03-03 13:00:00,24.286803290293292
2024-03-03 14:00:00,21.038008698584115
2024-03-03 15:00:00,21.58936762400902
2024-03-03 16:00:00,24.78704417620906
2024-03-03 17:00:00,20.892937736758928
2024-03-03 18:00:00,22.55195840640399
2024-03-03 19:00:00,23.358289594676997
2024-03-03 20:00:00,22.5045890459573
2024-03-03 21:00:00,20.37870144392812
2024-03-03 22:00:00,24.84809655269644
2024-03-03 23:00:00,22.407821812598826
2024-03-04 00:00:00,26.119474564434583
2024-03-04 01:00:00,24.969133558077772
2024-03-04 02:00:00,27.713295800156793
2024-03-04 03:00:00,27.251553447585042
2024-03-04 04:00:00,23.784751420201076
2024-03-04 05:00:00,28.676629753908202
2024-03-04 06:00:00,28.163169373895663
2024-03-04 07:00:00,25.99890137652769
2024-03-04 08:00:00,62.51052584188649
2024-03-04 09:00:00,99.55755403639648
2024-03-04 10:00:00,97.06942442447972
2024-03-04 11:00:00,69.24973030277651
2024-03-04 12:00:00,71.32700710751445
2024-03-04 13:00:00,70.63892085017896
2024-03-04 14:00:00,86.37363339838991
2024-03-04 15:00:00,53.32929046780922
2024-03-04 16:00:00,62.98641393959935
2024-03-04 17:00:00,94.49471635330042
2024-03-04 18:00:00,65.01309950693319
2024-03-04 19:00:00,28.50946774974136
2024-03-04 20:00:00,27.15208373721425
2024-03-04 21:00:00,28.136432810282994
2024-03-04 22:00:00,28.260025096069345
2024-03-04 23:00:00,22.477300524018762
2024-03-05 00:00:00,27.96070764474363
2024-03-05 01:00:00,25.272928187546185
2024-03-05 02:00:00,29.212860132596973
2024-03-05 03:00:00,22.8527102228367
2024-03-05 04:00:00,28.58666074682573
2024-03-05 05:00:00,29.98191143843708
2024-03-05 06:00:00,27.937586194155845
2024-03-05 07:00:00,29.883729246476854
2024-03-05 08:00:00,74.8173360545814
2024-03-05 09:00:00,87.30526106489552
2024-03-05 10:00:00,104.35204316919582
2024-03-05 11:00:00,73.5787285829305
2024-03-05 12:00:00,94.79703621249467
2024-03-05 13:00:00,107.37153413748092
2024-03-05 14:00:00,62.12415853660803
2024-03-05 15:00:00,86.5145397891031
2024-03-05 16:00:00,68.60063711184506
2024-03-05 17:00:00,72.7831879230115
2024-03-05 18:00:00,106.56291889101522
2024-03-05 19:00:00,25.055791300865593
2024-03-05 20:00:00,23.512839800431458
2024-03-05 21:00:00,26.40406246602807
2024-03-05 22:00:00,22.333541757623514
2024-03-05 23:00:00,24.29727097618065
2024-03-06 00:00:00,28.067389094937987
2024-03-06 01:00:00,29.537416666232975
2024-03-06 02:00:00,28.931207890139564
2024-03-06 03:00:00,27.617057440009987
2024-03-06 04:00:00,24.730054308726793
2024-03-06 05:00:00,27.462348498379505
2024-03-06 06:00:00,28.878024009665026
2024-03-06 07:00:00,26.31971076175578
2024-03-06 08:00:00,86.01815971847375
2024-03-06 09:00:00,72.12807349959516
2024-03-06 10:00:00,82.28704385545319
2024-03-06 11:00:00,72.30488096802483
2024-03-06 12:00:00,114.58317831270244
2024-03-06 13:00:00,86.9492621760325
2024-03-06 14:00:00,77.55622431355899
2024-03-06 15:00:00,88.30542784901994
2024-03-06 16:00:00,67.94828431791029
2024-03-06 17:00:00,75.24272893181163
2024-03-06 18:00:00,86.95476889483756
2024-03-06 19:00:00,25.371014141249468
2024-03-06 20:00:00,28.192418676223596
2024-03-06 21:00:00,25.24833823566149
2024-03-06 22:00:00,25.755853875735056
2024-03-06 23:00:00,25.82181647910193
2024-03-07 00:00:00,23.504141004262724
2024-03-07 01:00:00,23.55660678270909
2024-03-07 02:00:00,26.132026825884843
2024-03-07 03:00:00,26.08099112982551
2024-03-07 04:00:00,29.43581976111789
2024-03-07 05:00:00,29.691847179841226
2024-03-07 06:00:00,24.083016260203365
2024-03-07 07:00:00,26.73241771127735
2024-03-07 08:00:00,58.76943495823188
2024-03-07 09:00:00,58.249942261717166
2024-03-07 10:00:00,59.96335070608287
2024-03-07 11:00:00,98.90581972228699
2024-03-07 12:00:00,76.5365204291729
2024-03-07 13:00:00,81.82406480212549
2024-03-07 14:00:00,76.20756762010475
2024-03-07 15:00:00,96.61299884669458
2024-03-07 16:00:00,81.16302060129661
2024-03-07 17:00:00,94.64957878925235
2024-03-07 18:00:00,87.89319014228562
2024-03-07 19:00:00,25.090219690254017
2024-03-07 20:00:00,27.692642255687296
2024-03-07 21:00:00,26.160953327543282
2024-03-07 22:00:00,26.386074188190335
2024-03-07 23:00:00,23.95465167077244
2024-03-08 00:00:00,26.825244871902424
2024-03-08 01:00:00,23.675795550678735
2024-03-08 02:00:00,28.739062191434215
2024-03-08 03:00:00,28.654029943092507
2024-03-08 04:00:00,27.68035968386203
2024-03-08 05:00:00,22.917129660235855
2024-03-08 06:00:00,23.667481117537935
2024-03-08 07:00:00,29.701674820892222
2024-03-08 08:00:00,81.73232902008118
2024-03-08 09:00:00,66.39378854511175
2024-03-08 10:00:00,98.25240748754308
2024-03-08 11:00:00,54.688018498052
2024-03-08 12:00:00,104.31553735190695
2024-03-08 13:00:00,91.35447096097533
2024-03-08 14:00:00,60.25054010039793
2024-03-08 15:00:00,70.94273731018271
2024-03-08 16:00:00,82.25583267406344
2024-03-08 17:00:00,81.76750357080897
2024-03-08 18:00:00,74.0602264381378
2024-03-08 19:00:00,23.953509862758867
2024-03-08 20:00:00,26.680549970752118
2024-03-08 21:00:00,25.727932759666206
2024-03-08 22:00:00,27.094937072507328
2024-03-08 23:00:00,22.96698359517081
2024-03-09 00:00:00,21.010143561874315
2024-03-09 01:00:00,20.248369085607507
2024-03-09 02:00:00,20.683415135642846
2024-03-09 03:00:00,20.52737151218057
2024-03-09 04:00:00,22.717582348111073
2024-03-09 05:00:00,24.365847134685417
2024-03-09 06:00:00,22.6533839514098
2024-03-09 07:00:00,24.250923219734382
2024-03-09 08:00:00,24.8575482536915
2024-03-09 09:00:00,24.049992164273483
2024-03-09 10:00:00,24.387455308891028
2024-03-09 11:00:00,24.650780050433987
2024-03-09 12:00:00,24.235670919001585
2024-03-09 13:00:00,21.79890192251565
2024-03-09 14:00:00,24.92425781113058
2024-03-09 15:00:00,23.783181309569493
2024-03-09 16:00:00,21.313455759578734
2024-03-09 17:00:00,20.28041976985239
2024-03-09 18:00:00,21.83108003322252
2024-03-09 19:00:00,21.628076875025194
2024-03-09 20:00:00,20.3694097916236
2024-03-09 21:00:00,20.32897075517764
2024-03-09 22:00:00,22.465411753080865
2024-03-09 23:00:00,22.280063311375017
2024-03-10 00:00:00,22.127520556200142
2024-03-10 01:00:00,20.186797232867953
2024-03-10 02:00:00,23.81736995526929
2024-03-10 03:00:00,22.515107380253237
2024-03-10 04:00:00,20.002839432240528
2024-03-10 05:00:00,23.142585150304143
2024-03-10 06:00:00,23.828735058527318
2024-03-10 07:00:00,22.055826526308135
2024-03-10 08:00:00,24.561975918143055
2024-03-10 09:00:00,23.6378971680657
2024-03-10 10:00:00,21.80732345598581
2024-03-10 11:00:00,21.771728868519425
2024-03-10 12:00:00,22.785217796968197
2024-03-10 13:00:00,20.849023442665167
2024-03-10 14:00:00,21.01277031852687
2024-03-10 15:00:00,23.586765852478255
2024-03-10 16:00:00,20.321233919389137
2024-03-10 17:00:00,20.31652528060097
2024-03-10 18:00:00,21.276636503759185
2024-03-10 19:00:00,24.449962344069853
2024-03-10 20:00:00,23.72516544713547
2024-03-10 21:00:00,22.68883027383784
2024-03-10 22:00:00,22.727055124808302
2024-03-10 23:00:00,24.97911073435823
2024-03-11 00:00:00,29.93727704674492
2024-03-11 01:00:00,29.863128076755224
2024-03-11 02:00:00,29.24416478373425
2024-03-11 03:00:00,22.617029603781667
2024-03-11 04:00:00,25.945779191311786
2024-03-11 05:00:00,24.167168358490464
2024-03-11 06:00:00,28.376355493345677
2024-03-11 07:00:00,26.0427382598842
2024-03-11 08:00:00,80.2050034190905
2024-03-11 09:00:00,64.97652484064675
2024-03-11 10:00:00,83.44881801129047
2024-03-11 11:00:00,97.3322943821828
2024-03-11 12:00:00,77.50691816411197
2024-03-11 13:00:00,87.46606837669376
2024-03-11 14:00:00,82.76511433591867
2024-03-11 15:00:00,64.50219826990809
2024-03-11 16:00:00,76.84863619102917
2024-03-11 17:00:00,91.35202723935373
2024-03-11 18:00:00,105.62122063363282
2024-03-11 19:00:00,23.752631058946353
2024-03-11 20:00:00,26.053387790519608
2024-03-11 21:00:00,25.239987062583594
2024-03-11 22:00:00,25.442999213632355
2024-03-11 23:00:00,26.027979691953107
2024-03-12 00:00:00,25.90857501380774
2024-03-12 01:00:00,28.895081032583008
2024-03-12 02:00:00,24.573835213435682
2024-03-12 03:00:00,25.846230112176173
2024-03-12 04:00:00,23.641503072351178
2024-03-12 05:00:00,25.515872448134395
2024-03-12 06:00:00,22.724088695809165
2024-03-12 07:00:00,22.12980150129591
2024-03-12 08:00:00,79.7222417350778
2024-03-12 09:00:00,98.01744284484747
2024-03-12 10:00:00,89.61726844591749
2024-03-12 11:00:00,103.74059255743279
2024-03-12 12:00:00,107.44672939858827
2024-03-12 13:00:00,85.8853751404853
2024-03-12 14:00:00,80.67789018769693
2024-03-12 15:00:00,61.758559663766945
2024-03-12 16:00:00,87.73434031990192
2024-03-12 17:00:00,95.99017031956986
2024-03-12 18:00:00,56.864090902007256
2024-03-12 19:00:00,25.64519682601967
2024-03-12 20:00:00,25.206909002870546
2024-03-12 21:00:00,26.837786662142634
2024-03-12 22:00:00,28.210888563219502
2024-03-12 23:00:00,24.766684800068354
2024-03-13 00:00:00,23.033478700053244
2024-03-13 01:00:00,27.68263752287674
2024-03-13 02:00:00,26.703305354016706
2024-03-13 03:00:00,24.72400828200854
2024-03-13 04:00:00,27.06797152642058
2024-03-13 05:00:00,22.38776426799817
2024-03-13 06:00:00,28.061336699053882
2024-03-13 07:00:00,23.220678397374936
2024-03-13 08:00:00,60.447054024033925
2024-03-13 09:00:00,82.04163032263237
2024-03-13 10:00:00,96.03167671522901
2024-03-13 11:00:00,76.85413465635602
2024-03-13 12:00:00,111.45168723819245
2024-03-13 13:00:00,102.4367669763163
2024-03-13 14:00:00,109.35016508365312
2024-03-13 15:00:00,92.98228275452462
2024-03-13 16:00:00,98.77242558573892
2024-03-13 17:00:00,87.89256900916405
2024-03-13 18:00:00,91.83635498430687
2024-03-13 19:00:00,25.570433872117704
2024-03-13 20:00:00,29.65570756681226
2024-03-13 21:00:00,25.638865250496746
2024-03-13 22:00:00,24.042967716742687
2024-03-13 23:00:00,28.02489271800205
2024-03-14 00:00:00,23.927942833377948
2024-03-14 01:00:00,26.919638454541392
2024-03-14 02:00:00,25.408391723342145
2024-03-14 03:00:00,24.727723304824455
2024-03-14 04:00:00,27.245876091795253
2024-03-14 05:00:00,25.604210835095177
2024-03-14 06:00:00,24.605005593715806
2024-03-14 07:00:00,23.896313043310588
2024-03-14 08:00:00,116.15001163633931
2024-03-14 09:00:00,113.49621222715407
2024-03-14 10:00:00,89.75806808222316
2024-03-14 11:00:00,94.14409657127837
2024-03-14 12:00:00,86.99437440721209
2024-03-14 13:00:00,91.30628612273382
2024-03-14 14:00:00,88.13722333839544
2024-03-14 15:00:00,88.16562635893425
2024-03-14 16:00:00,63.31425370699514
2024-03-14 17:00:00,88.28402630239353
2024-03-14 18:00:00,110.70970263815869
2024-03-14 19:00:00,26.77476373055354
2024-03-14 20:00:00,24.818857683641497
2024-03-14 21:00:00,23.0138350145379
2024-03-14 22:00:00,27.870935107938934
2024-03-14 23:00:00,23.420618311876567
2024-03-15 00:00:00,23.4561061227067
2024-03-15 01:00:00,26.0540636771103
2024-03-15 02:00:00,29.255481982998326
2024-03-15 03:00:00,25.913842233698723
2024-03-15 04:00:00,28.17656049563091
2024-03-15 05:00:00,28.05685504994728
2024-03-15 06:00:00,25.142745734597458
2024-03-15 07:00:00,27.37974302982847
2024-03-15 08:00:00,74.70385586910602
2024-03-15 09:00:00,101.41442741471693
2024-03-15 10:00:00,72.68656321331729
2024-03-15 11:00:00,107.5606614564028
2024-03-15 12:00:00,81.2803760445742
2024-03-15 13:00:00,115.71381157301278
2024-03-15 14:00:00,107.56409427375402
2024-03-15 15:00:00,60.46871400259408
2024-03-15 16:00:00,110.80761527899442
2024-03-15 17:00:00,93.83929361082522
2024-03-15 18:00:00,87.01067076107726
2024-03-15 19:00:00,22.85571350163747
2024-03-15 20:00:00,26.156563164663794
2024-03-15 21:00:00,26.694222320869162
2024-03-15 22:00:00,27.00348907358095
2024-03-15 23:00:00,26.807480909246316
2024-03-16 00:00:00,22.543558427146863
2024-03-16 01:00:00,23.217404477487495
2024-03-16 02:00:00,21.735822190194096
2024-03-16 03:00:00,24.339611710087915
2024-03-16 04:00:00,22.05787862927268
2024-03-16 05:00:00,20.323357330525596
2024-03-16 06:00:00,23.337617955977656
2024-03-16 07:00:00,23.383582023081328
2024-03-16 08:00:00,24.150632864196616
2024-03-16 09:00:00,21.661273768554622
2024-03-16 10:00:00,20.463408934714273
2024-03-16 11:00:00,24.64680335940131
2024-03-16 12:00:00,22.291916960654813
2024-03-16 13:00:00,21.27619168046076
2024-03-16 14:00:00,24.896259645569597
2024-03-16 15:00:00,24.260830754103942
2024-03-16 16:00:00,22.333623194694752
2024-03-16 17:00:00,23.5014822568593
2024-03-16 18:00:00,24.326460322377752
2024-03-16 19:00:00,24.246413618786512
2024-03-16 20:00:00,22.380761045258424
2024-03-16 21:00:00,23.726156106694805
2024-03-16 22:00:00,21.781224552589972
2024-03-16 23:00:00,21.412516032160628
2024-03-17 00:00:00,23.9273390197314
2024-03-17 01:00:00,20.51977329824184
2024-03-17 02:00:00,20.478037311871287
2024-03-17 03:00:00,24.779412644971192
2024-03-17 04:00:00,20.963898072717207
2024-03-17 05:00:00,21.485908895909397
2024-03-17 06:00:00,24.91019097070585
2024-03-17 07:00:00,23.519133345482178
2024-03-17 08:00:00,24.832115524740132
2024-03-17 09:00:00,22.713850216581655
2024-03-17 10:00:00,23.190736592545832
2024-03-17 11:00:00,23.89494174654281
2024-03-17 12:00:00,23.444884201472846
2024-03-17 13:00:00,22.575329924699844
2024-03-17 14:00:00,24.385265639345306
2024-03-17 15:00:00,23.103451155321046
2024-03-17 16:00:00,23.80486251303974
2024-03-17 17:00:00,24.9903514917226
2024-03-17 18:00:00,20.868870386514345
2024-03-17 19:00:00,24.689868065422594
2024-03-17 20:00:00,21.06146282022926
2024-03-17 21:00:00,24.765966854056632
2024-03-17 22:00:00,22.25487063024073
2024-03-17 23:00:00,21.68658287531016
2024-03-18 00:00:00,26.558239273822252
2024-03-18 01:00:00,23.686848722081972
2024-03-18 02:00:00,26.17007347435738
2024-03-18 03:00:00,28.320536061825266
2024-03-18 04:00:00,25.872756193962022
2024-03-18 05:00:00,26.498884470489983
2024-03-18 06:00:00,29.571220453134778
2024-03-18 07:00:00,22.9232174218515
2024-03-18 08:00:00,91.06759368741466
2024-03-18 09:00:00,96.88706761648643
2024-03-18 10:00:00,52.97866855967631
2024-03-18 11:00:00,74.9116923297428
2024-03-18 12:00:00,106.02595968875622
2024-03-18 13:00:00,92.1331076632178
2024-03-18 14:00:00,86.8940698552698
2024-03-18 15:00:00,71.44750302095349
2024-03-18 16:00:00,112.90866365870181
2024-03-18 17:00:00,87.20728662668208
2024-03-18 18:00:00,92.27013184820805
2024-03-18 19:00:00,24.57569505461786
2024-03-18 20:00:00,27.931285667996974
2024-03-18 21:00:00,26.381789742071327
2024-03-18 22:00:00,28.668510612116222
2024-03-18 23:00:00,22.06342566172509
2024-03-19 00:00:00,22.88429402197842
2024-03-19 01:00:00,25.61674631226557
2024-03-19 02:00:00,27.855831411363777
2024-03-19 03:00:00,26.572824673230585
2024-03-19 04:00:00,26.835209672392544
2024-03-19 05:00:00,29.292943709731965
2024-03-19 06:00:00,24.464060945057334
2024-03-19 07:00:00,26.725029788677247
2024-03-19 08:00:00,63.24375821016455
2024-03-19 09:00:00,75.52109178084686
2024-03-19 10:00:00,79.45543724267718
2024-03-19 11:00:00,104.86426950519657
2024-03-19 12:00:00,89.70736694108885
2024-03-19 13:00:00,107.32801504003282
2024-03-19 14:00:00,101.28482249481809
2024-03-19 15:00:00,75.55383259476959
2024-03-19 16:00:00,66.26253490625068
2024-03-19 17:00:00,100.6138591111435
2024-03-19 18:00:00,92.13273718776483
2024-03-19 19:00:00,24.07563905703143
2024-03-19 20:00:00,27.16825511946494
2024-03-19 21:00:00,22.72069120474378
2024-03-19 22:00:00,24.741938170956306
2024-03-19 23:00:00,22.463530284815818
2024-03-20 00:00:00,24.204980748494336
2024-03-20 01:00:00,26.22302179130005
2024-03-20 02:00:00,23.349549110698273
2024-03-20 03:00:00,29.396836541891627
2024-03-20 04:00:00,22.37449328782985
2024-03-20 05:00:00,22.355370433996008
2024-03-20 06:00:00,23.252615152647046
2024-03-20 07:00:00,24.633611394951195
2024-03-20 08:00:00,110.41236587816124
2024-03-20 09:00:00,104.05677310927953
2024-03-20 10:00:00,72.65461012336544
2024-03-20 11:00:00,112.5844352443968
2024-03-20 12:00:00,86.11325690764818
2024-03-20 13:00:00,90.55103605073651
2024-03-20 14:00:00,80.44760838586757
2024-03-20 15:00:00,70.15894613978566
2024-03-20 16:00:00,98.91651541416157
2024-03-20 17:00:00,84.37202623951248
2024-03-20 18:00:00,96.24100133431219
2024-03-20 19:00:00,23.66751277530483
2024-03-20 20:00:00,25.864089346120853
2024-03-20 21:00:00,24.198833741704874
2024-03-20 22:00:00,29.176979734097742
2024-03-20 23:00:00,28.537178624156972
2024-03-21 00:00:00,23.44842659224218
2024-03-21 01:00:00,25.313378108371644
2024-03-21 02:00:00,27.41652919145534
2024-03-21 03:00:00,23.56672737705951
2024-03-21 04:00:00,29.882637122104565
2024-03-21 05:00:00,29.733141620241696
2024-03-21 06:00:00,26.077662954787957
2024-03-21 07:00:00,25.919983469682336
2024-03-21 08:00:00,95.22221512874215
2024-03-21 09:00:00,83.54313256817613
2024-03-21 10:00:00,82.77226151853374
2024-03-21 11:00:00,104.70104493242363
2024-03-21 12:00:00,80.45989597484241
2024-03-21 13:00:00,70.65006916710063
2024-03-21 14:00:00,99.77043165134273
2024-03-21 15:00:00,69.20502270984632
2024-03-21 16:00:00,84.24802656656088
2024-03-21 17:00:00,76.81729723884958
2024-03-21 18:00:00,79.97150360624163
2024-03-21 19:00:00,26.273098841819483
2024-03-21 20:00:00,27.138797278777826
2024-03-21 21:00:00,29.304343041497262
2024-03-21 22:00:00,22.697239100956033
2024-03-21 23:00:00,27.22987132779587
2024-03-22 00:00:00,27.72980508338982
2024-03-22 01:00:00,23.74296617936459
2024-03-22 02:00:00,22.714869260992657
2024-03-22 03:00:00,29.596266197893897
2024-03-22 04:00:00,22.642423893702
2024-03-22 05:00:00,24.383500390907983
2024-03-22 06:00:00,22.00854065549299
2024-03-22 07:00:00,29.541181917553153
2024-03-22 08:00:00,59.79884348280099
2024-03-22 09:00:00,68.83768869337965
2024-03-22 10:00:00,80.97313806950721
2024-03-22 11:00:00,85.37992232764437
2024-03-22 12:00:00,100.35073948971208
2024-03-22 13:00:00,71.69011598319273
2024-03-22 14:00:00,82.25170875549392
2024-03-22 15:00:00,104.48173121822082
2024-03-22 16:00:00,83.62447785914333
2024-03-22 17:00:00,82.4276357993261
2024-03-22 18:00:00,92.12441707482338
2024-03-22 19:00:00,29.03412460978526
2024-03-22 20:00:00,27.79328925119114
2024-03-22 21:00:00,26.917492942326724
2024-03-22 22:00:00,23.22350528927614
2024-03-22 23:00:00,27.392504157943485
2024-03-23 00:00:00,21.523761321085853
2024-03-23 01:00:00,22.775602342578395
2024-03-23 02:00:00,21.5804865894284
2024-03-23 03:00:00,21.166143441912432
2024-03-23 04:00:00,24.950568338041073
2024-03-23 05:00:00,23.057820207797434
2024-03-23 06:00:00,22.709197366635053
2024-03-23 07:00:00,22.279953386578597
2024-03-23 08:00:00,22.04734977037956
2024-03-23 09:00:00,20.134069480445223
2024-03-23 10:00:00,24.533072255808264
2024-03-23 11:00:00,24.04765383542985
2024-03-23 12:00:00,23.884165686832223
2024-03-23 13:00:00,24.044097990450343
2024-03-23 14:00:00,22.05404987372291
2024-03-23 15:00:00,21.891077311487905
2024-03-23 16:00:00,23.538510741181184
2024-03-23 17:00:00,21.421169518020644
2024-03-23 18:00:00,21.867375746521937
2024-03-23 19:00:00,22.37016301429261
2024-03-23 20:00:00,21.08515092319666
2024-03-23 21:00:00,23.931876140735916
2024-03-23 22:00:00,22.590627430451352
2024-03-23 23:00:00,24.280492520325836
2024-03-24 00:00:00,23.556767651986938
2024-03-24 01:00:00,24.495141369304378
2024-03-24 02:00:00,21.496539004311106
2024-03-24 03:00:00,23.86849352202527
2024-03-24 04:00:00,22.603190291943328
2024-03-24 05:00:00,23.20966207073695
2024-03-24 06:00:00,23.53066968616413
2024-03-24 07:00:00,23.715680588567736
2024-03-24 08:00:00,24.997941770406847
2024-03-24 09:00:00,24.061000514752504
2024-03-24 10:00:00,21.681500802818213
2024-03-24 11:00:00,22.41515027574894
2024-03-24 12:00:00,20.059225717571987
2024-03-24 13:00:00,23.690101210680137
2024-03-24 14:00:00,22.887799949544227
2024-03-24 15:00:00,20.50153958437079
2024-03-24 16:00:00,22.5671386710046
2024-03-24 17:00:00,24.051283192167173
2024-03-24 18:00:00,22.43500562505021
2024-03-24 19:00:00,22.648282207966183
2024-03-24 20:00:00,24.001221478103684
2024-03-24 21:00:00,23.042995830019528
2024-03-24 22:00:00,21.59181324782184
2024-03-24 23:00:00,21.01652068583985
2024-03-25 00:00:00,29.61993511398372
2024-03-25 01:00:00,26.012718046442536
2024-03-25 02:00:00,25.310782018304053
2024-03-25 03:00:00,25.178320854257276
2024-03-25 04:00:00,29.08630874045398
2024-03-25 05:00:00,29.1909605140274
2024-03-25 06:00:00,26.888458013389098
2024-03-25 07:00:00,27.199580524733182
2024-03-25 08:00:00,71.44501529012571
2024-03-25 09:00:00,98.04708231404985
2024-03-25 10:00:00,63.56783285865577
2024-03-25 11:00:00,105.06661489646493
2024-03-25 12:00:00,106.67623136915701
2024-03-25 13:00:00,83.87852231671093
2024-03-25 14:00:00,96.13619873912106
2024-03-25 15:00:00,90.13499457785923
2024-03-25 16:00:00,75.29377274259473
2024-03-25 17:00:00,98.9372568206476
2024-03-25 18:00:00,83.347474958735
2024-03-25 19:00:00,29.043438253359717
2024-03-25 20:00:00,24.557897358339385
2024-03-25 21:00:00,28.045759318247118
2024-03-25 22:00:00,28.48533245125745
2024-03-25 23:00:00,22.64671678686385
2024-03-26 00:00:00,26.374942978103604
2024-03-26 01:00:00,26.807784787391366
2024-03-26 02:00:00,22.49911451235107
2024-03-26 03:00:00,26.291713482189078
2024-03-26 04:00:00,23.620193582558898
2024-03-26 05:00:00,26.184838241454578
2024-03-26 06:00:00,24.592247017492284
2024-03-26 07:00:00,27.09201166496169
2024-03-26 08:00:00,85.87395878702893
2024-03-26 09:00:00,85.21885275776347
2024-03-26 10:00:00,101.91995476044619
2024-03-26 11:00:00,74.46697963463869
2024-03-26 12:00:00,72.6370033783619
2024-03-26 13:00:00,61.81137243788858
2024-03-26 14:00:00,72.89793661613973
2024-03-26 15:00:00,72.66695781610261
2024-03-26 16:00:00,69.7898440565201
2024-03-26 17:00:00,91.38914367936717
2024-03-26 18:00:00,89.04171026348659
2024-03-26 19:00:00,26.550868146246003
2024-03-26 20:00:00,28.007426756051036
2024-03-26 21:00:00,26.330514020555903
2024-03-26 22:00:00,26.43768379792185
2024-03-26 23:00:00,26.161928736946876
2024-03-27 00:00:00,28.62690448822949
2024-03-27 01:00:00,24.275690431730904
2024-03-27 02:00:00,24.15707758107915
2024-03-27 03:00:00,26.332086549352645
2024-03-27 04:00:00,29.616134643756077
2024-03-27 05:00:00,26.0487654996597
2024-03-27 06:00:00,23.231123741038857
2024-03-27 07:00:00,26.696441078838117
2024-03-27 08:00:00,82.16095501649892
2024-03-27 09:00:00,88.69870012802454
2024-03-27 10:00:00,63.517282651683985
2024-03-27 11:00:00,77.55878336040234
2024-03-27 12:00:00,83.831738064996
2024-03-27 13:00:00,94.51935980358093
2024-03-27 14:00:00,83.72487665406241
2024-03-27 15:00:00,89.09416354822307
2024-03-27 16:00:00,78.14681448576756
2024-03-27 17:00:00,88.63003904270064
2024-03-27 18:00:00,86.49490546201096
2024-03-27 19:00:00,23.29700165136862
2024-03-27 20:00:00,26.738648137543986
2024-03-27 21:00:00,23.828131415890176
2024-03-27 22:00:00,28.86597874528556
2024-03-27 23:00:00,25.44357681458555
2024-03-28 00:00:00,24.16988267958439
2024-03-28 01:00:00,29.606238815066284
2024-03-28 02:00:00,24.902347038067163
2024-03-28 03:00:00,22.089383089401927
2024-03-28 04:00:00,26.017916195121536
2024-03-28 05:00:00,26.39360551238942
2024-03-28 06:00:00,26.00618226205367
2024-03-28 07:00:00,23.558554210131366
2024-03-28 08:00:00,83.60132910668997
2024-03-28 09:00:00,96.51962767602888
2024-03-28 10:00:00,60.94876210102111
2024-03-28 11:00:00,89.79813180683996
2024-03-28 12:00:00,69.29530135386332
2024-03-28 13:00:00,98.89035515736882
2024-03-28 14:00:00,84.7696338012399
2024-03-28 15:00:00,70.71814219655042
2024-03-28 16:00:00,66.60064888248588
2024-03-28 17:00:00,105.35519516201164
2024-03-28 18:00:00,84.3430483686183
2024-03-28 19:00:00,27.31094730526393
2024-03-28 20:00:00,29.953610491717264
2024-03-28 21:00:00,22.581624827666655
2024-03-28 22:00:00,29.21830854149027
2024-03-28 23:00:00,25.34802008880322
2024-03-29 00:00:00,25.764308599526643
2024-03-29 01:00:00,26.378933457110886
2024-03-29 02:00:00,29.065587265919497
2024-03-29 03:00:00,27.821137868970624
2024-03-29 04:00:00,23.45771060376275
2024-03-29 05:00:00,29.164192973715373
2024-03-29 06:00:00,25.279107870995812
2024-03-29 07:00:00,22.062953126219764
2024-03-29 08:00:00,70.30771099675492
2024-03-29 09:00:00,83.55743110181663
2024-03-29 10:00:00,72.40733156112012
2024-03-29 11:00:00,81.59681776597935
2024-03-29 12:00:00,68.98247211002789
2024-03-29 13:00:00,89.1750917815136
2024-03-29 14:00:00,89.42423541943162
2024-03-29 15:00:00,89.79570787160199
2024-03-29 16:00:00,87.33689784862659
2024-03-29 17:00:00,107.72547357414992
2024-03-29 18:00:00,102.93495549307067
2024-03-29 19:00:00,29.425884243695876
2024-03-29 20:00:00,25.064929133663703
2024-03-29 21:00:00,25.402701372385188
2024-03-29 22:00:00,23.05947572801683
2024-03-29 23:00:00,28.618280271023597
2024-03-30 00:00:00,22.81498909095261
2024-03-30 01:00:00,21.67969925219782
2024-03-30 02:00:00,22.225543256638794
2024-03-30 03:00:00,22.351747998178414
2024-03-30 04:00:00,20.306162380990436
2024-03-30 05:00:00,24.12003805998294
2024-03-30 06:00:00,23.588625674809848
2024-03-30 07:00:00,21.263229450027982
2024-03-30 08:00:00,20.686243154648967
2024-03-30 09:00:00,21.873956966086393
2024-03-30 10:00:00,23.27813410987549
2024-03-30 11:00:00,24.886613407419688
2024-03-30 12:00:00,23.27860733931492
2024-03-30 13:00:00,20.575198214515442
2024-03-30 14:00:00,24.882486741049792
2024-03-30 15:00:00,23.052093708779275
2024-03-30 16:00:00,22.094444317484175
2024-03-30 17:00:00,24.279373629542185
2024-03-30 18:00:00,24.704906394271703
2024-03-30 19:00:00,21.118332963093696
2024-03-30 20:00:00,24.008852157193665
2024-03-30 21:00:00,24.14842547290722
2024-03-30 22:00:00,24.522611497962608
2024-03-30 23:00:00,23.339003462157006
2024-03-31 00:00:00,21.287810722328395
2024-03-31 01:00:00,22.823490754374976
2024-03-31 02:00:00,20.988028295086448
2024-03-31 03:00:00,21.269170069429506
2024-03-31 04:00:00,22.438612755527892
2024-03-31 05:00:00,24.98069061258797
2024-03-31 06:00:00,20.92247792256243
2024-03-31 07:00:00,24.299167591811187
2024-03-31 08:00:00,23.64532630953224
2024-03-31 09:00:00,21.96230872116744
2024-03-31 10:00:00,21.771359350037244
2024-03-31 11:00:00,23.593057130872666
2024-03-31 12:00:00,24.718803977602523
2024-03-31 13:00:00,24.748593332013613
2024-03-31 14:00:00,21.60460808117564
2024-03-31 15:00:00,23.451007984331586
2024-03-31 16:00:00,21.70508264652897
2024-03-31 17:00:00,24.712954274887263
2024-03-31 18:00:00,23.801629971844825
2024-03-31 19:00:00,24.051028307403577
2024-03-31 20:00:00,20.585067386254433
2024-03-31 21:00:00,23.808974612993133
2024-03-31 22:00:00,22.68854786958742
2024-03-31 23:00:00,22.906938057174145
2024-04-01 00:00:00,24.876793625433216
2024-04-01 01:00:00,26.340200284713333
2024-04-01 02:00:00,24.044983648552755
2024-04-01 03:00:00,25.34704085211675
2024-04-01 04:00:00,22.99107485946263
2024-04-01 05:00:00,24.008335792406072
2024-04-01 06:00:00,27.927425187896702
2024-04-01 07:00:00,23.28803189692868
2024-04-01 08:00:00,108.237715922818
2024-04-01 09:00:00,84.80779992425038
2024-04-01 10:00:00,93.10495103585936
2024-04-01 11:00:00,84.39639494042936
2024-04-01 12:00:00,93.82168019871554
2024-04-01 13:00:00,88.75988689824194
2024-04-01 14:00:00,71.51784122000609
2024-04-01 15:00:00,81.01401946588356
2024-04-01 16:00:00,55.19672190397789
2024-04-01 17:00:00,79.53935657544362
2024-04-01 18:00:00,108.44695227426323
2024-04-01 19:00:00,23.865172189438596
2024-04-01 20:00:00,24.854968329402794
2024-04-01 21:00:00,24.862487552479216
2024-04-01 22:00:00,26.00684315654216
2024-04-01 23:00:00,28.55475753485549
2024-04-02 00:00:00,25.301068427623242
2024-04-02 01:00:00,24.515974538138916
2024-04-02 02:00:00,26.317669902390065
2024-04-02 03:00:00,22.96321154832603
2024-04-02 04:00:00,27.61423869245868
2024-04-02 05:00:00,27.475335366455585
2024-04-02 06:00:00,23.2712302043289
2024-04-02 07:00:00,25.893100371385835
2024-04-02 08:00:00,108.5357511491691
2024-04-02 09:00:00,97.33335075908819
2024-04-02 10:00:00,90.53361504834103
2024-04-02 11:00:00,76.49378083028812
2024-04-02 12:00:00,61.262261611081875
2024-04-02 13:00:00,90.74373678818863
2024-04-02 14:00:00,99.51443366028433
2024-04-02 15:00:00,88.62873268075163
2024-04-02 16:00:00,68.40752672545003
2024-04-02 17:00:00,92.6515260312975
2024-04-02 18:00:00,62.176437873296166
2024-04-02 19:00:00,24.019121004436407
2024-04-02 20:00:00,28.98862150568505
2024-04-02 21:00:00,22.860709921822192
2024-04-02 22:00:00,29.8174312670789
2024-04-02 23:00:00,26.613129002330307
2024-04-03 00:00:00,28.977632144810084
2024-04-03 01:00:00,28.622319399056263
2024-04-03 02:00:00,23.564953189199414
2024-04-03 03:00:00,26.52985511427824
2024-04-03 04:00:00,27.577342709379153
2024-04-03 05:00:00,22.999979542759547
2024-04-03 06:00:00,26.7221857820846
2024-04-03 07:00:00,23.1414049765039
2024-04-03 08:00:00,76.87702189182811
2024-04-03 09:00:00,105.9070404872306
2024-04-03 10:00:00,65.78824625122742
2024-04-03 11:00:00,105.17330271300072
2024-04-03 12:00:00,83.94604787075524
2024-04-03 13:00:00,100.93961608940833
2024-04-03 14:00:00,92.12465412106057
2024-04-03 15:00:00,103.21981209103835
2024-04-03 16:00:00,89.69236113462449
2024-04-03 17:00:00,85.0843165240722
2024-04-03 18:00:00,88.86988132770097
2024-04-03 19:00:00,28.36290335721642
2024-04-03 20:00:00,22.2642941559238
2024-04-03 21:00:00,26.205242660767617
2024-04-03 22:00:00,27.012313190639276
2024-04-03 23:00:00,22.16200808666179
2024-04-04 00:00:00,25.52001588369268
2024-04-04 01:00:00,25.873132053300548
2024-04-04 02:00:00,23.909484198424554
2024-04-04 03:00:00,28.253436406644425
2024-04-04 04:00:00,24.510724567239297
2024-04-04 05:00:00,24.675255038865203
2024-04-04 06:00:00,28.631332878837377
2024-04-04 07:00:00,22.498871004308153
2024-04-04 08:00:00,77.67207934755808
2024-04-04 09:00:00,86.37501415984482
2024-04-04 10:00:00,104.90911843944912
2024-04-04 11:00:00,98.04407927800884
2024-04-04 12:00:00,81.85754796714525
2024-04-04 13:00:00,88.87799578413684
2024-04-04 14:00:00,63.21685013155604
2024-04-04 15:00:00,86.17536539829135
2024-04-04 16:00:00,62.62670614169602
2024-04-04 17:00:00,92.48478901417919
2024-04-04 18:00:00,92.18718769439603
2024-04-04 19:00:00,22.28830526921656
2024-04-04 20:00:00,29.621881507868935
2024-04-04 21:00:00,25.259944868765977
2024-04-04 22:00:00,25.309067719600954
2024-04-04 23:00:00,28.530011466280268
2024-04-05 00:00:00,29.71845942942905
2024-04-05 01:00:00,26.286182026850945
2024-04-05 02:00:00,26.382228977227776
2024-04-05 03:00:00,23.62832750801098
2024-04-05 04:00:00,26.855270879847605
2024-04-05 05:00:00,22.616699977606398
2024-04-05 06:00:00,28.933948078426027
2024-04-05 07:00:00,28.097839425139853
2024-04-05 08:00:00,88.93881737616583
2024-04-05 09:00:00,99.43740165754342
2024-04-05 10:00:00,66.19693239717591
2024-04-05 11:00:00,98.9367328485427
2024-04-05 12:00:00,103.20371890188764
2024-04-05 13:00:00,81.05529073476653
2024-04-05 14:00:00,105.44666179557106
2024-04-05 15:00:00,82.80625663039244
2024-04-05 16:00:00,93.7013659057404
2024-04-05 17:00:00,79.70543184582361
2024-04-05 18:00:00,79.533946086004
2024-04-05 19:00:00,26.55247294905361
2024-04-05 20:00:00,22.16844618450414
2024-04-05 21:00:00,29.233490242549795
2024-04-05 22:00:00,24.824370592668433
2024-04-05 23:00:00,27.027775499190618
2024-04-06 00:00:00,24.15464663888628
2024-04-06 01:00:00,24.111864846490217
2024-04-06 02:00:00,21.085502083280097
2024-04-06 03:00:00,23.013080828623647
2024-04-06 04:00:00,22.950341594683017
2024-04-06 05:00:00,23.667916018802345
2024-04-06 06:00:00,21.283373936548987
2024-04-06 07:00:00,21.398845003463244
2024-04-06 08:00:00,20.83073446883233
2024-04-06 09:00:00,20.399101638857093
2024-04-06 10:00:00,24.432463382046986
2024-04-06 11:00:00,23.41562799842847
2024-04-06 12:00:00,21.51065365763816
2024-04-06 13:00:00,24.147195028392765
2024-04-06 14:00:00,23.545651961194302
2024-04-06 15:00:00,21.19218289022456
2024-04-06 16:00:00,22.594292789562974
2024-04-06 17:00:00,22.983886951130753
2024-04-06 18:00:00,21.1900628160684
2024-04-06 19:00:00,22.854618750729912
2024-04-06 20:00:00,23.054495747755222
2024-04-06 21:00:00,24.614853817734023
2024-04-06 22:00:00,23.861709699359157
2024-04-06 23:00:00,23.349840158881683
2024-04-07 00:00:00,22.85698703434607
2024-04-07 01:00:00,23.70690889912894
2024-04-07 02:00:00,23.29860464157258
2024-04-07 03:00:00,22.864473510193307
2024-04-07 04:00:00,24.673034377165088
2024-04-07 05:00:00,22.622738674989385
2024-04-07 06:00:00,21.177061067377075
2024-04-07 07:00:00,21.4177662385262
2024-04-07 08:00:00,20.179923611791715
2024-04-07 09:00:00,22.512715442493963
2024-04-07 10:00:00,20.683981214876976
2024-04-07 11:00:00,20.140894478989495
2024-04-07 12:00:00,21.409057653324545
2024-04-07 13:00:00,21.13206166537136
2024-04-07 14:00:00,22.911726981814134
2024-04-07 15:00:00,24.327699775608373
2024-04-07 16:00:00,24.08696015106451
2024-04-07 17:00:00,21.316877447938698
2024-04-07 18:00:00,21.997278819868765
2024-04-07 19:00:00,22.268713166301335
2024-04-07 20:00:00,21.30184225275049
2024-04-07 21:00:00,20.718746748184895
2024-04-07 22:00:00,22.701082277637877
2024-04-07 23:00:00,22.515529529105397
2024-04-08 00:00:00,24.553651156612972
2024-04-08 01:00:00,28.02883233402455
2024-04-08 02:00:00,28.976104395859714
2024-04-08 03:00:00,24.995653401854586
2024-04-08 04:00:00,24.39003513452355
2024-04-08 05:00:00,28.983993492721062
2024-04-08 06:00:00,26.595085470744387
2024-04-08 07:00:00,29.17131357543969
2024-04-08 08:00:00,76.93380628908676
2024-04-08 09:00:00,92.04411075285152
2024-04-08 10:00:00,82.82590425114094
2024-04-08 11:00:00,58.75448402590179
2024-04-08 12:00:00,90.00136854031648
2024-04-08 13:00:00,86.9945309789972
2024-04-08 14:00:00,90.10758347510858
2024-04-08 15:00:00,101.51565239825673
2024-04-08 16:00:00,62.6888178991216
2024-04-08 17:00:00,82.70126265895783
2024-04-08 18:00:00,107.83924283393182
2024-04-08 19:00:00,22.992130704690922
2024-04-08 20:00:00,24.943785452058247
2024-04-08 21:00:00,22.42063093970411
2024-04-08 22:00:00,22.84603283462584
2024-04-08 23:00:00,26.620034353607505
2024-04-09 00:00:00,28.997458166277287
2024-04-09 01:00:00,29.183844353577516
2024-04-09 02:00:00,22.812124926318866
2024-04-09 03:00:00,26.735939028229524
2024-04-09 04:00:00,26.168540673068687
2024-04-09 05:00:00,27.240062977047394
2024-04-09 06:00:00,29.271971419754465
2024-04-09 07:00:00,24.36095632520486
2024-04-09 08:00:00,57.71585557964722
2024-04-09 09:00:00,76.93053168803294
2024-04-09 10:00:00,86.4079420771821
2024-04-09 11:00:00,83.26453411457459
2024-04-09 12:00:00,67.3083693184922
2024-04-09 13:00:00,109.04170300210592
2024-04-09 14:00:00,86.63238043192811
2024-04-09 15:00:00,100.75804332744283
2024-04-09 16:00:00,85.36895003793684
2024-04-09 17:00:00,67.28332968760441
2024-04-09 18:00:00,74.56732347011535
2024-04-09 19:00:00,26.492176413767886
2024-04-09 20:00:00,22.164228001456593
2024-04-09 21:00:00,25.213762638556734
2024-04-09 22:00:00,26.274878394016504
2024-04-09 23:00:00,26.262265795456923
2024-04-10 00:00:00,23.632234209537845
2024-04-10 01:00:00,29.77566649973479
2024-04-10 02:00:00,24.434168171986485
2024-04-10 03:00:00,24.18594787423789
2024-04-10 04:00:00,22.97583347600586
2024-04-10 05:00:00,23.74326625292693
2024-04-10 06:00:00,28.432775993327066
2024-04-10 07:00:00,24.082432808918224
2024-04-10 08:00:00,97.51628340639195
2024-04-10 09:00:00,92.380393312054
2024-04-10 10:00:00,72.06219465752613
2024-04-10 11:00:00,95.61833554988414
2024-04-10 12:00:00,104.19560591814292
2024-04-10 13:00:00,63.22270815952895
2024-04-10 14:00:00,93.83053092930581
2024-04-10 15:00:00,88.17069793802962
2024-04-10 16:00:00,76.17777248403789
2024-04-10 17:00:00,95.37025751838115
2024-04-10 18:00:00,56.75012908846352
2024-04-10 19:00:00,28.56172683451297
2024-04-10 20:00:00,28.601296430813044
2024-04-10 21:00:00,28.068972837254798
2024-04-10 22:00:00,23.685685439329887
2024-04-10 23:00:00,24.100658366354082
2024-04-11 00:00:00,22.22773396216417
2024-04-11 01:00:00,24.881241171304254
2024-04-11 02:00:00,25.005308639379525
2024-04-11 03:00:00,28.17470150121912
2024-04-11 04:00:00,22.235425687879623
2024-04-11 05:00:00,23.053573940780655
2024-04-11 06:00:00,28.53574186077867
2024-04-11 07:00:00,25.62701917053244
2024-04-11 08:00:00,117.4977714861457
2024-04-11 09:00:00,86.16133204815625
2024-04-11 10:00:00,74.61974428977199
2024-04-11 11:00:00,76.88117012564602
2024-04-11 12:00:00,98.65889295978039
2024-04-11 13:00:00,73.94366896010101
2024-04-11 14:00:00,77.09756816545249
2024-04-11 15:00:00,84.9616005398997
2024-04-11 16:00:00,82.06649496398262
2024-04-11 17:00:00,68.28378744287082
2024-04-11 18:00:00,74.37476843938433
2024-04-11 19:00:00,28.760266869121264
2024-04-11 20:00:00,27.79203434638184
2024-04-11 21:00:00,26.84850369055773
2024-04-11 22:00:00,24.747042901121752
2024-04-11 23:00:00,24.912350238913838
2024-04-12 00:00:00,22.48624365411007
2024-04-12 01:00:00,22.92402893289386
2024-04-12 02:00:00,25.30514423803973
2024-04-12 03:00:00,24.215937780343936
2024-04-12 04:00:00,24.913065011806196
2024-04-12 05:00:00,27.67654830801611
2024-04-12 06:00:00,29.980350383504252
2024-04-12 07:00:00,24.5354590200291
2024-04-12 08:00:00,91.1110345840451
2024-04-12 09:00:00,77.21648448467315
2024-04-12 10:00:00,70.76033231780207
2024-04-12 11:00:00,101.61480488427455
2024-04-12 12:00:00,105.86365792743831
2024-04-12 13:00:00,71.59728500183071
2024-04-12 14:00:00,65.20799398142232
2024-04-12 15:00:00,92.06689432254025
2024-04-12 16:00:00,81.26056765806815
2024-04-12 17:00:00,74.37628320630738
2024-04-12 18:00:00,80.62053856675794
2024-04-12 19:00:00,28.05461142997569
2024-04-12 20:00:00,26.596272571104144
2024-04-12 21:00:00,27.53224287805616
2024-04-12 22:00:00,27.326395763551535
2024-04-12 23:00:00,29.58808600224844
2024-04-13 00:00:00,21.115299002249134
2024-04-13 01:00:00,22.8799469338903
2024-04-13 02:00:00,23.23573164336895
2024-04-13 03:00:00,20.52670786164508
2024-04-13 04:00:00,20.196524937920067
2024-04-13 05:00:00,22.62052523165316
2024-04-13 06:00:00,22.164942508964195
2024-04-13 07:00:00,24.875276126778175
2024-04-13 08:00:00,22.277473561185857
2024-04-13 09:00:00,24.496641051545808
2024-04-13 10:00:00,23.941456981431003
2024-04-13 11:00:00,22.073442425852136
2024-04-13 12:00:00,20.289478323497924
2024-04-13 13:00:00,22.87881076241333
2024-04-13 14:00:00,21.503898116502715
2024-04-13 15:00:00,24.758722257492717
2024-04-13 16:00:00,23.664394009989422
2024-04-13 17:00:00,21.412174551853198
2024-04-13 18:00:00,20.519050688695845
2024-04-13 19:00:00,21.589364148086734
2024-04-13 20:00:00,21.114266935577216
2024-04-13 21:00:00,22.706385956803473
2024-04-13 22:00:00,22.783275991569944
2024-04-13 23:00:00,20.93787434096104
2024-04-14 00:00:00,20.17729624059762
2024-04-14 01:00:00,20.34750448411907
2024-04-14 02:00:00,23.079642418392737
2024-04-14 03:00:00,24.542056292983148
2024-04-14 04:00:00,22.73572745562505
2024-04-14 05:00:00,22.629234356637483
2024-04-14 06:00:00,20.231284788577106
2024-04-14 07:00:00,22.28823176850299
2024-04-14 08:00:00,24.38329861003004
2024-04-14 09:00:00,22.704427953062268
2024-04-14 10:00:00,23.860238125980274
2024-04-14 11:00:00,20.922907682147457
2024-04-14 12:00:00,24.62615428290004
2024-04-14 13:00:00,24.004059077891363
2024-04-14 14:00:00,20.458379913381798
2024-04-14 15:00:00,22.310508049994066
2024-04-14 16:00:00,24.09365964906192
2024-04-14 17:00:00,21.403700223653864
2024-04-14 18:00:00,23.48445071160074
2024-04-14 19:00:00,22.89546170336653
2024-04-14 20:00:00,24.22222935069076
2024-04-14 21:00:00,24.255084410272225
2024-04-14 22:00:00,23.021099505025557
2024-04-14 23:00:00,23.282735680145677
2024-04-15 00:00:00,60.60501999383213
2024-04-15 01:00:00,91.28151070138472
2024-04-15 02:00:00,44.57675534162934
2024-04-15 03:00:00,71.14941876243566
2024-04-15 04:00:00,59.30680723210528
2024-04-15 05:00:00,56.28989476469085
2024-04-15 06:00:00,85.17759557391939
2024-04-15 07:00:00,89.50498483779137
2024-04-15 08:00:00,47.543264118504254
2024-04-15 09:00:00,47.5764310863151
2024-04-15 10:00:00,36.117630870800824
2024-04-15 11:00:00,78.97270536055879
2024-04-15 12:00:00,48.50498486398643
2024-04-15 13:00:00,79.16277994703489
2024-04-15 14:00:00,60.254925837573175
2024-04-15 15:00:00,44.03777056341159
2024-04-15 16:00:00,53.54677499097178
2024-04-15 17:00:00,84.90120243146136
2024-04-15 18:00:00,64.41789351972511
2024-04-15 19:00:00,53.46038970085653
2024-04-15 20:00:00,66.67507994380006
2024-04-15 21:00:00,75.22486477257755
2024-04-15 22:00:00,41.599735612625864
2024-04-15 23:00:00,40.1985103151743
2024-04-16 00:00:00,49.08041832038123
2024-04-16 01:00:00,71.1887923352195
2024-04-16 02:00:00,81.94509338734014
2024-04-16 03:00:00,56.99647255243265
2024-04-16 04:00:00,81.69034648782497
2024-04-16 05:00:00,88.29475454743465
2024-04-16 06:00:00,57.52339807248886
2024-04-16 07:00:00,64.8393215282132
2024-04-16 08:00:00,79.26501848824262
2024-04-16 09:00:00,64.20250210217591
2024-04-16 10:00:00,71.85420704889688
2024-04-16 11:00:00,85.88661158444174
2024-04-16 12:00:00,85.95122402946583
2024-04-16 13:00:00,90.74765606424191
2024-04-16 14:00:00,80.64260025154027
2024-04-16 15:00:00,93.99047452078051
2024-04-16 16:00:00,73.483565666118
2024-04-16 17:00:00,55.10687649719068
2024-04-16 18:00:00,83.15528484482866
2024-04-16 19:00:00,79.75515553672656
2024-04-16 20:00:00,69.5612217583327
2024-04-16 21:00:00,86.71607471968477
2024-04-16 22:00:00,89.69264182931659
2024-04-16 23:00:00,67.85481886488779
2024-04-17 00:00:00,70.45620774128322
2024-04-17 01:00:00,56.445957381563076
2024-04-17 02:00:00,49.312819557356164
2024-04-17 03:00:00,75.82297484288573
2024-04-17 04:00:00,78.32768309741365
2024-04-17 05:00:00,50.174624379973665
2024-04-17 06:00:00,56.8667567038611
2024-04-17 07:00:00,79.29227263763575
2024-04-17 08:00:00,61.76346267366923
2024-04-17 09:00:00,49.68815372869913
2024-04-17 10:00:00,76.76747762174205
2024-04-17 11:00:00,74.8899818720449
2024-04-17 12:00:00,61.00696041415074
2024-04-17 13:00:00,80.50637657191149
2024-04-17 14:00:00,82.48983727456411
2024-04-17 15:00:00,86.33397489082475
2024-04-17 16:00:00,49.501879769976426
2024-04-17 17:00:00,65.20070210299018
2024-04-17 18:00:00,57.502312874013654
2024-04-17 19:00:00,47.55833265932946
2024-04-17 20:00:00,74.47380929984409
2024-04-17 21:00:00,54.74622120294123
2024-04-17 22:00:00,81.91408990521253
2024-04-17 23:00:00,53.24922859166571
2024-04-18 00:00:00,87.66958610132406
2024-04-18 01:00:00,49.70154403688027
2024-04-18 02:00:00,58.383005564279806
2024-04-18 03:00:00,70.05772565088748
2024-04-18 04:00:00,62.4417399304903
2024-04-18 05:00:00,66.551846276308
2024-04-18 06:00:00,59.0334697263485
2024-04-18 07:00:00,76.51379888088712
2024-04-18 08:00:00,75.99614992902036
2024-04-18 09:00:00,93.55174753419789
2024-04-18 10:00:00,92.80702593561905
2024-04-18 11:00:00,74.9970930646742
2024-04-18 12:00:00,89.21065840809236
2024-04-18 13:00:00,52.934191964692026
2024-04-18 14:00:00,41.23135827493099
2024-04-18 15:00:00,55.92224307389591
2024-04-18 16:00:00,76.1567678917767
2024-04-18 17:00:00,50.7567929375716
2024-04-18 18:00:00,70.06810085359825
2024-04-18 19:00:00,74.59134952897702
2024-04-18 20:00:00,80.63408631706838
2024-04-18 21:00:00,52.351770592879305
2024-04-18 22:00:00,73.48496165186285
2024-04-18 23:00:00,91.3252933440752
2024-04-19 00:00:00,64.69413033290118
2024-04-19 01:00:00,75.84638808640523
2024-04-19 02:00:00,90.7657755621915
2024-04-19 03:00:00,52.58173340363045
2024-04-19 04:00:00,82.11095476451416
2024-04-19 05:00:00,80.85320054221498
2024-04-19 06:00:00,80.77400002559422
2024-04-19 07:00:00,69.61496490467985
2024-04-19 08:00:00,68.2847018533981
2024-04-19 09:00:00,55.46811343594236
2024-04-19 10:00:00,60.85372145206557
2024-04-19 11:00:00,67.49842424971504
2024-04-19 12:00:00,85.26429689227257
2024-04-19 13:00:00,52.79030917977112
2024-04-19 14:00:00,75.40094926882847
2024-04-19 15:00:00,63.63812682669499
2024-04-19 16:00:00,45.39535673173157
2024-04-19 17:00:00,84.59309397862124
2024-04-19 18:00:00,60.77267257155138
2024-04-19 19:00:00,45.97070654629674
2024-04-19 20:00:00,82.24339575447271
2024-04-19 21:00:00,86.56821143967007
2024-04-19 22:00:00,56.030791360017815
2024-04-19 23:00:00,53.44212284131109
2024-04-20 00:00:00,21.409936122385414
2024-04-20 01:00:00,20.587979927047176
2024-04-20 02:00:00,20.76365039611684
2024-04-20 03:00:00,23.022565912427332
2024-04-20 04:00:00,21.02735218500105
2024-04-20 05:00:00,21.499961923079017
2024-04-20 06:00:00,23.56767071800544
2024-04-20 07:00:00,24.23778713688085
2024-04-20 08:00:00,21.776560329095314
2024-04-20 09:00:00,20.162509664939105
2024-04-20 10:00:00,20.355756092464016
2024-04-20 11:00:00,21.841889636673635
2024-04-20 12:00:00,24.582315771026916
2024-04-20 13:00:00,20.99136649098321
2024-04-20 14:00:00,22.57318644145628
2024-04-20 15:00:00,20.757381164603196
2024-04-20 16:00:00,20.43457440012348
2024-04-20 17:00:00,24.661512945668637
2024-04-20 18:00:00,23.19982064865356
2024-04-20 19:00:00,23.826282714349787
2024-04-20 20:00:00,20.699104823945405
2024-04-20 21:00:00,24.101836804847764
2024-04-20 22:00:00,22.278424582153928
2024-04-20 23:00:00,21.566672885314553
2024-04-21 00:00:00,24.500337764814414
2024-04-21 01:00:00,21.07449918374239
2024-04-21 02:00:00,23.07226773414711
2024-04-21 03:00:00,24.693164544861492
2024-04-21 04:00:00,24.963069521285398
2024-04-21 05:00:00,24.863463250731854
2024-04-21 06:00:00,22.738480998301068
2024-04-21 07:00:00,20.04875255447214
2024-04-21 08:00:00,22.317037704509524
2024-04-21 09:00:00,21.33092473032346
2024-04-21 10:00:00,20.33801649159428
2024-04-21 11:00:00,22.779118685310397
2024-04-21 12:00:00,22.84925425143085
2024-04-21 13:00:00,20.09146834622779
2024-04-21 14:00:00,20.429720877730272
2024-04-21 15:00:00,24.952953497905277
2024-04-21 16:00:00,24.91996853244959
2024-04-21 17:00:00,20.625890814750353
2024-04-21 18:00:00,22.172797612294364
2024-04-21 19:00:00,23.642748421723887
2024-04-21 20:00:00,23.797045601437585
2024-04-21 21:00:00,20.725176493319406
2024-04-21 22:00:00,24.030756111407232
2024-04-21 23:00:00,20.93070454755042
2024-04-22 00:00:00,57.25473181150468
2024-04-22 01:00:00,69.37588981776678
2024-04-22 02:00:00,74.51286948377795
2024-04-22 03:00:00,80.47581092807897
2024-04-22 04:00:00,55.22467961159227
2024-04-22 05:00:00,64.89421462418811
2024-04-22 06:00:00,82.14337401293507
2024-04-22 07:00:00,48.39920117857654
2024-04-22 08:00:00,76.16058873879052
2024-04-22 09:00:00,61.60990706757284
2024-04-22 10:00:00,67.56380746647527
2024-04-22 11:00:00,65.41802878331933
2024-04-22 12:00:00,52.4681801189785
2024-04-22 13:00:00,42.67270877005113
2024-04-22 14:00:00,49.49790811280524
2024-04-22 15:00:00,64.23487371507777
2024-04-22 16:00:00,57.2477954661311
2024-04-22 17:00:00,58.04760474948152
2024-04-22 18:00:00,42.82066103292688
2024-04-22 19:00:00,83.86510515741865
2024-04-22 20:00:00,61.932288767037804
2024-04-22 21:00:00,66.86198911779682
2024-04-22 22:00:00,47.6272998141482
2024-04-22 23:00:00,65.36895680609953
2024-04-23 00:00:00,69.88570639908961
2024-04-23 01:00:00,63.454566591542125
2024-04-23 02:00:00,78.84467728302748
2024-04-23 03:00:00,80.65374410845146
2024-04-23 04:00:00,62.42426674530304
2024-04-23 05:00:00,67.30253196421303
2024-04-23 06:00:00,67.35292933242994
2024-04-23 07:00:00,83.8883424877939
2024-04-23 08:00:00,82.71736742879774
2024-04-23 09:00:00,84.55737213754274
2024-04-23 10:00:00,83.42181911878296
2024-04-23 11:00:00,86.69919982397748
2024-04-23 12:00:00,49.74273777842051
2024-04-23 13:00:00,78.10524907545098
2024-04-23 14:00:00,57.28143186916214
2024-04-23 15:00:00,58.45892450845611
2024-04-23 16:00:00,90.75168489130218
2024-04-23 17:00:00,51.7601121901814
2024-04-23 18:00:00,64.50867122926168
2024-04-23 19:00:00,77.49980110374368
2024-04-23 20:00:00,68.2446980823461
2024-04-23 21:00:00,70.6699258464664
2024-04-23 22:00:00,50.005101885845306
2024-04-23 23:00:00,81.10719164004294
2024-04-24 00:00:00,45.53456328309742
2024-04-24 01:00:00,84.06885461247356
2024-04-24 02:00:00,76.5752716123249
2024-04-24 03:00:00,43.960652093652996
2024-04-24 04:00:00,58.59307433223647
2024-04-24 05:00:00,87.2872423757827
2024-04-24 06:00:00,43.88550211017176
2024-04-24 07:00:00,92.68937661384398
2024-04-24 08:00:00,63.01154234087845
2024-04-24 09:00:00,45.41670134343681
2024-04-24 10:00:00,62.434773496236005
2024-04-24 11:00:00,61.73483968533331
2024-04-24 12:00:00,47.426982482508976
2024-04-24 13:00:00,92.5348987416437
2024-04-24 14:00:00,69.11256755796049
2024-04-24 15:00:00,68.91217642139128
2024-04-24 16:00:00,62.77052369176141
2024-04-24 17:00:00,65.15517267135311
2024-04-24 18:00:00,60.57567296784951
2024-04-24 19:00:00,54.33763700071791
2024-04-24 20:00:00,79.27346568749608
2024-04-24 21:00:00,80.09787358987337
2024-04-24 22:00:00,57.594301946607715
2024-04-24 23:00:00,95.53010117080258
2024-04-25 00:00:00,65.4083793775041
2024-04-25 01:00:00,85.07348160952301
2024-04-25 02:00:00,58.14800739017767
2024-04-25 03:00:00,61.62482091540888
2024-04-25 04:00:00,57.82548424157129
2024-04-25 05:00:00,71.88220552469737
2024-04-25 06:00:00,68.20637413950196
2024-04-25 07:00:00,80.6555414944948
2024-04-25 08:00:00,40.371071705348044
2024-04-25 09:00:00,44.67654986696184
2024-04-25 10:00:00,97.07042112799904
2024-04-25 11:00:00,89.9571737151204
2024-04-25 12:00:00,68.36723380118818
2024-04-25 13:00:00,66.6424405982547
2024-04-25 14:00:00,54.6708543352461
2024-04-25 15:00:00,60.20299250695559
2024-04-25 16:00:00,52.45070902959906
2024-04-25 17:00:00,80.2052173900787
2024-04-25 18:00:00,78.52835646750474
2024-04-25 19:00:00,73.66004419113165
2024-04-25 20:00:00,65.51369781954591
2024-04-25 21:00:00,51.21787011900948
2024-04-25 22:00:00,66.11042647086347
2024-04-25 23:00:00,76.8351526050098
2024-04-26 00:00:00,44.12901787042856
2024-04-26 01:00:00,49.86290218117273
2024-04-26 02:00:00,50.70720617912203
2024-04-26 03:00:00,67.3184552205328
2024-04-26 04:00:00,53.897065892129284
2024-04-26 05:00:00,81.21452859521351
2024-04-26 06:00:00,70.04081455915863
2024-04-26 07:00:00,53.706590075470594
2024-04-26 08:00:00,45.155878189429345
2024-04-26 09:00:00,64.95791279809191
2024-04-26 10:00:00,81.15621515593139
2024-04-26 11:00:00,63.07295050648909
2024-04-26 12:00:00,58.645674084983725
2024-04-26 13:00:00,48.937685885268365
2024-04-26 14:00:00,54.93346972171377
2024-04-26 15:00:00,82.48422412883826
2024-04-26 16:00:00,42.17820721175259
2024-04-26 17:00:00,53.12207398970272
2024-04-26 18:00:00,64.9657101603591
2024-04-26 19:00:00,73.1354130039547
2024-04-26 20:00:00,57.043473339112914
2024-04-26 21:00:00,45.78084237201977
2024-04-26 22:00:00,48.237448200274166
2024-04-26 23:00:00,84.11648776727249
2024-04-27 00:00:00,22.640376332406163
2024-04-27 01:00:00,23.369916207722042
2024-04-27 02:00:00,22.209125338723887
2024-04-27 03:00:00,21.18272152179603
2024-04-27 04:00:00,24.332688614452728
2024-04-27 05:00:00,22.024155292085354
2024-04-27 06:00:00,23.844506673754996
2024-04-27 07:00:00,23.978402774291553
2024-04-27 08:00:00,21.725006999167814
2024-04-27 09:00:00,22.783014771230985
2024-04-27 10:00:00,24.3244495312835
2024-04-27 11:00:00,24.000931358900495
2024-04-27 12:00:00,23.371471732733024
2024-04-27 13:00:00,22.624883241503447
2024-04-27 14:00:00,21.54704951764817
2024-04-27 15:00:00,21.51716448786262
2024-04-27 16:00:00,22.232069078866406
2024-04-27 17:00:00,21.866625259712556
2024-04-27 18:00:00,24.707757053463006
2024-04-27 19:00:00,22.626248066562223
2024-04-27 20:00:00,23.322119624731528
2024-04-27 21:00:00,22.24362147377909
2024-04-27 22:00:00,24.873608472241372
2024-04-27 23:00:00,20.871884917796862
2024-04-28 00:00:00,21.44357692751371
2024-04-28 01:00:00,20.7878875316019
2024-04-28 02:00:00,21.9735262272072
2024-04-28 03:00:00,24.161980244335737
2024-04-28 04:00:00,22.356053563312006
2024-04-28 05:00:00,23.692560451361306
2024-04-28 06:00:00,24.164167700277865
2024-04-28 07:00:00,23.749030540747885
2024-04-28 08:00:00,20.195988418396997
2024-04-28 09:00:00,23.288008609495716
2024-04-28 10:00:00,22.63959050332459
2024-04-28 11:00:00,21.177820843467224
2024-04-28 12:00:00,20.778426307853373
2024-04-28 13:00:00,22.839745812527767
2024-04-28 14:00:00,22.899594005139132
2024-04-28 15:00:00,20.44748291617767
2024-04-28 16:00:00,22.60795645518751
2024-04-28 17:00:00,22.02831012199682
2024-04-28 18:00:00,24.198096984257358
2024-04-28 19:00:00,23.159113469123135
2024-04-28 20:00:00,23.93523622341444
2024-04-28 21:00:00,22.940362018096117
2024-04-28 22:00:00,22.43971434676344
2024-04-28 23:00:00,24.03756999572025
2024-04-29 00:00:00,89.98719492309809
2024-04-29 01:00:00,89.10268638318038
2024-04-29 02:00:00,54.018112902727424
2024-04-29 03:00:00,77.63185984867545
2024-04-29 04:00:00,60.46956726749165
2024-04-29 05:00:00,54.15982891785664
2024-04-29 06:00:00,76.98646130395348
2024-04-29 07:00:00,53.4088824826132
2024-04-29 08:00:00,76.23522951408984
2024-04-29 09:00:00,57.976075641369754
2024-04-29 10:00:00,78.04411981316463
2024-04-29 11:00:00,50.65208147520798
2024-04-29 12:00:00,89.55359552055616
2024-04-29 13:00:00,89.90580522170607
2024-04-29 14:00:00,68.46191306323996
2024-04-29 15:00:00,50.160756466441555
2024-04-29 16:00:00,74.70823868403961
2024-04-29 17:00:00,53.573424973641366
2024-04-29 18:00:00,90.51734459335556
2024-04-29 19:00:00,59.96362903285164
2024-04-29 20:00:00,48.65485360144274
2024-04-29 21:00:00,60.21827377336679
2024-04-29 22:00:00,64.7208096433204
2024-04-29 23:00:00,43.043937532741964
2024-04-30 00:00:00,94.48057181300886
2024-04-30 01:00:00,80.95084003190107
2024-04-30 02:00:00,57.022066718443284
2024-04-30 03:00:00,84.32200862556047
2024-04-30 04:00:00,68.66967918523484
2024-04-30 05:00:00,86.00237296726073
2024-04-30 06:00:00,86.22075507645258
2024-04-30 07:00:00,56.425866404168815
2024-04-30 08:00:00,68.06528843790423
2024-04-30 09:00:00,53.59458084461212
2024-04-30 10:00:00,74.31206650997864
2024-04-30 11:00:00,60.56316638257652
2024-04-30 12:00:00,59.42710244712624
2024-04-30 13:00:00,58.07881009716
2024-04-30 14:00:00,74.72975762437335
2024-04-30 15:00:00,79.55866928835674
2024-04-30 16:00:00,54.86822925285888
2024-04-30 17:00:00,62.34550877227679
2024-04-30 18:00:00,66.80760477626387
2024-04-30 19:00:00,51.83417233080954
2024-04-30 20:00:00,93.19542674916647
2024-04-30 21:00:00,55.13309383643269
2024-04-30 22:00:00,52.47383160541767
2024-04-30 23:00:00,69.60662703062538
2024-05-01 00:00:00,75.36826294458298
2024-05-01 01:00:00,59.43335591000121
2024-05-01 02:00:00,45.15309928953248
2024-05-01 03:00:00,81.9801852446755
2024-05-01 04:00:00,78.78515482102068
2024-05-01 05:00:00,55.18681709320447
2024-05-01 06:00:00,79.78036234270348
2024-05-01 07:00:00,66.00030658757943
2024-05-01 08:00:00,42.81541816331784
2024-05-01 09:00:00,85.57200205260405
2024-05-01 10:00:00,57.29342521460389
2024-05-01 11:00:00,73.27141532068745
2024-05-01 12:00:00,76.96591583471499
2024-05-01 13:00:00,68.28486270996962
2024-05-01 14:00:00,66.742260899504
2024-05-01 15:00:00,78.96626302966109
2024-05-01 16:00:00,71.58190945460369
2024-05-01 17:00:00,43.230992795427554
2024-05-01 18:00:00,69.81898389723207
2024-05-01 19:00:00,69.22033026347376
2024-05-01 20:00:00,59.86076180314713
2024-05-01 21:00:00,55.69149422450896
2024-05-01 22:00:00,56.4206390134014
2024-05-01 23:00:00,68.37200873345512
2024-05-02 00:00:00,66.26879391417815
2024-05-02 01:00:00,54.328232470170974
2024-05-02 02:00:00,52.62153490463891
2024-05-02 03:00:00,71.97808987067356
2024-05-02 04:00:00,65.99289814088027
2024-05-02 05:00:00,73.24012749366554
2024-05-02 06:00:00,64.84655945331811
2024-05-02 07:00:00,68.86367082569335
2024-05-02 08:00:00,84.88709942695397
2024-05-02 09:00:00,91.69367757385172
2024-05-02 10:00:00,61.5528400557493
2024-05-02 11:00:00,36.112149229383036
2024-05-02 12:00:00,63.99653197167874
2024-05-02 13:00:00,66.02097883850209
2024-05-02 14:00:00,44.336979520129006
2024-05-02 15:00:00,46.29483395535607
2024-05-02 16:00:00,41.13829546588118
2024-05-02 17:00:00,67.28620180849126
2024-05-02 18:00:00,81.33564845131028
2024-05-02 19:00:00,71.46874913158425
2024-05-02 20:00:00,73.803096809094
2024-05-02 21:00:00,56.411587099190946
2024-05-02 22:00:00,44.20467737159299
2024-05-02 23:00:00,59.56528928974712
2024-05-03 00:00:00,77.25990580540223
2024-05-03 01:00:00,62.94439782828158
2024-05-03 02:00:00,64.83190270178535
2024-05-03 03:00:00,68.3543759595693
2024-05-03 04:00:00,88.24531440877709
2024-05-03 05:00:00,70.1271955408038
2024-05-03 06:00:00,51.84104558369447
2024-05-03 07:00:00,65.28669013548802
2024-05-03 08:00:00,85.9762476132429
2024-05-03 09:00:00,74.70362701576082
2024-05-03 10:00:00,81.24235833314967
2024-05-03 11:00:00,57.45879799279315
2024-05-03 12:00:00,64.10001640492047
2024-05-03 13:00:00,73.57508334266939
2024-05-03 14:00:00,69.49837368185692
2024-05-03 15:00:00,80.54545679135147
2024-05-03 16:00:00,56.93924431443308
2024-05-03 17:00:00,77.99430744318332
2024-05-03 18:00:00,94.39793825910118
2024-05-03 19:00:00,75.20040598430558
2024-05-03 20:00:00,43.81179567703614
2024-05-03 21:00:00,85.77005877012805
2024-05-03 22:00:00,49.42084462658627
2024-05-03 23:00:00,62.06434265276787
2024-05-04 00:00:00,24.666870965181754
2024-05-04 01:00:00,21.250535988215212
2024-05-04 02:00:00,23.683598325579712
2024-05-04 03:00:00,22.940521931079463
2024-05-04 04:00:00,24.538380173722363
2024-05-04 05:00:00,20.54040686519474
2024-05-04 06:00:00,21.02222644320165
2024-05-04 07:00:00,21.666440426947226
2024-05-04 08:00:00,23.72368302675177
2024-05-04 09:00:00,24.378148954214165
2024-05-04 10:00:00,22.68844093284732
2024-05-04 11:00:00,20.09463674089729
2024-05-04 12:00:00,23.621240698077692
2024-05-04 13:00:00,20.84072572311954
2024-05-04 14:00:00,21.277862428915164
2024-05-04 15:00:00,24.134280850840643
2024-05-04 16:00:00,21.383700031192202
2024-05-04 17:00:00,23.155338486329388
2024-05-04 18:00:00,20.940232222903262
2024-05-04 19:00:00,21.126884223550586
2024-05-04 20:00:00,21.643812943118714
2024-05-04 21:00:00,23.319626735205873
2024-05-04 22:00:00,20.166721454535324
2024-05-04 23:00:00,24.46988912519472
2024-05-05 00:00:00,20.143195297771438
2024-05-05 01:00:00,23.583255823388868
2024-05-05 02:00:00,20.877138899033262
2024-05-05 03:00:00,21.17826253906388
2024-05-05 04:00:00,21.92796315212977
2024-05-05 05:00:00,23.96149655598769
2024-05-05 06:00:00,21.08829912355122
2024-05-05 07:00:00,22.928800684877356
2024-05-05 08:00:00,24.711834165302257
2024-05-05 09:00:00,21.453747376827206
2024-05-05 10:00:00,21.332048887023355
2024-05-05 11:00:00,20.59122147634368
2024-05-05 12:00:00,23.178526909833796
2024-05-05 13:00:00,22.773245658912995
2024-05-05 14:00:00,23.4065654742344
2024-05-05 15:00:00,21.899854704108858
2024-05-05 16:00:00,22.50311138630204
2024-05-05 17:00:00,21.855053089004425
2024-05-05 18:00:00,20.709326800209194
2024-05-05 19:00:00,21.406892682195085
2024-05-05 20:00:00,24.098447584711778
2024-05-05 21:00:00,20.379685756090744
2024-05-05 22:00:00,24.712337678103903
2024-05-05 23:00:00,23.203454514488794
2024-05-06 00:00:00,21.775560254282947
2024-05-06 01:00:00,22.902894465332913
2024-05-06 02:00:00,22.48760944318573
2024-05-06 03:00:00,23.9280656184075
2024-05-06 04:00:00,20.418187255202103
2024-05-06 05:00:00,24.54037575464088
2024-05-06 06:00:00,21.55477723740163
2024-05-06 07:00:00,20.974269316057082
2024-05-06 08:00:00,22.480886279180535
2024-05-06 09:00:00,22.659014864809528
2024-05-06 10:00:00,23.019476544206057
2024-05-06 11:00:00,20.63635940065289
2024-05-06 12:00:00,21.640019440363574
2024-05-06 13:00:00,23.475649568848517
2024-05-06 14:00:00,20.04509751933887
2024-05-06 15:00:00,22.345461465012576
2024-05-06 16:00:00,23.09697354790579
2024-05-06 17:00:00,20.01059995648558
2024-05-06 18:00:00,22.688314510250137
2024-05-06 19:00:00,21.768126580445596
2024-05-06 20:00:00,20.797187710558635
2024-05-06 21:00:00,23.474241119992772
2024-05-06 22:00:00,21.580201693886746
2024-05-06 23:00:00,21.115912444249282
2024-05-07 00:00:00,24.512081965270994
2024-05-07 01:00:00,21.577451807154663
2024-05-07 02:00:00,22.41843951514942
2024-05-07 03:00:00,23.10733093935583
2024-05-07 04:00:00,23.565368002106094
2024-05-07 05:00:00,23.51539350413843
2024-05-07 06:00:00,20.77742330325777
2024-05-07 07:00:00,21.086617092181513
2024-05-07 08:00:00,20.779044089339557
2024-05-07 09:00:00,23.467292108193487
2024-05-07 10:00:00,24.521434078574355
2024-05-07 11:00:00,23.457852528708685
2024-05-07 12:00:00,21.57503385256436
2024-05-07 13:00:00,22.232031683575002
2024-05-07 14:00:00,20.76087242148196
2024-05-07 15:00:00,23.22843231494484
2024-05-07 16:00:00,22.38573317519321
2024-05-07 17:00:00,20.875290947339977
2024-05-07 18:00:00,23.46153050219984
2024-05-07 19:00:00,21.588229253905787
2024-05-07 20:00:00,20.805757932420082
2024-05-07 21:00:00,24.003875984619278
2024-05-07 22:00:00,24.28511883847828
2024-05-07 23:00:00,24.89396135239046
2024-05-08 00:00:00,22.259342274356445
2024-05-08 01:00:00,22.961249106070767
2024-05-08 02:00:00,21.581383358982688
2024-05-08 03:00:00,21.983951470571515
2024-05-08 04:00:00,21.932785996683243
2024-05-08 05:00:00,23.451391681399997
2024-05-08 06:00:00,21.663354942288723
2024-05-08 07:00:00,24.260516661495288
2024-05-08 08:00:00,24.32820273549887
2024-05-08 09:00:00,23.175442876610727
2024-05-08 10:00:00,21.213386388509594
2024-05-08 11:00:00,22.10224687153663
2024-05-08 12:00:00,24.501216363522673
2024-05-08 13:00:00,23.787835492873874
2024-05-08 14:00:00,20.022976740558384
2024-05-08 15:00:00,24.891906550843757
2024-05-08 16:00:00,24.28097509586003
2024-05-08 17:00:00,23.133294157701094
2024-05-08 18:00:00,21.43201677037416
2024-05-08 19:00:00,22.723973468967664
2024-05-08 20:00:00,24.765787279902433
2024-05-08 21:00:00,21.84486502021464
2024-05-08 22:00:00,22.86770483690909
2024-05-08 23:00:00,23.881438679388193
2024-05-09 00:00:00,22.60478612802212
2024-05-09 01:00:00,21.345154254167532
2024-05-09 02:00:00,23.144209814070248
2024-05-09 03:00:00,21.416368621742183
2024-05-09 04:00:00,20.92849752994566
2024-05-09 05:00:00,24.520116340666366
2024-05-09 06:00:00,21.327173738537134
2024-05-09 07:00:00,23.114312284441514
2024-05-09 08:00:00,24.825738884287787
2024-05-09 09:00:00,22.760057663159387
2024-05-09 10:00:00,20.12667414548179
2024-05-09 11:00:00,22.114642925162862
2024-05-09 12:00:00,22.03551628211065
2024-05-09 13:00:00,21.003438455613637
2024-05-09 14:00:00,21.141860489577855
2024-05-09 15:00:00,24.45618199728931
2024-05-09 16:00:00,23.345336313009767
2024-05-09 17:00:00,20.129465599790123
2024-05-09 18:00:00,21.332601672005303
2024-05-09 19:00:00,24.91288224931682
2024-05-09 20:00:00,24.75521093722064
2024-05-09 21:00:00,20.584292166496393
2024-05-09 22:00:00,23.607880795017223
2024-05-09 23:00:00,23.409890946022742
2024-05-10 00:00:00,21.329737200521215
2024-05-10 01:00:00,24.455228885609696
2024-05-10 02:00:00,23.276632698058947
2024-05-10 03:00:00,23.803282343224417
2024-05-10 04:00:00,24.921940338341695
2024-05-10 05:00:00,21.998020586250465
2024-05-10 06:00:00,24.06381557313967
2024-05-10 07:00:00,21.143978992129416
2024-05-10 08:00:00,21.139717339615014
2024-05-10 09:00:00,23.07433221466733
2024-05-10 10:00:00,22.119053297204495
2024-05-10 11:00:00,22.28754440344012
2024-05-10 12:00:00,21.33657966486342
2024-05-10 13:00:00,23.443338635510543
2024-05-10 14:00:00,24.903631478543648
2024-05-10 15:00:00,20.51161780081238
2024-05-10 16:00:00,23.101706329333147
2024-05-10 17:00:00,23.71030738247341
2024-05-10 18:00:00,20.229565863021715
2024-05-10 19:00:00,21.40355096277004
2024-05-10 20:00:00,22.47213946388506
2024-05-10 21:00:00,23.126085994245933
2024-05-10 22:00:00,23.127923790035773
2024-05-10 23:00:00,22.468390544411957
2024-05-11 00:00:00,20.801251000700965
2024-05-11 01:00:00,23.124685451185982
2024-05-11 02:00:00,24.545627631972643
2024-05-11 03:00:00,21.70645149311614
2024-05-11 04:00:00,20.759711577526698
2024-05-11 05:00:00,23.831253004175924
2024-05-11 06:00:00,20.98696410644503
2024-05-11 07:00:00,22.300540188967464
2024-05-11 08:00:00,24.468896775715034
2024-05-11 09:00:00,23.945753024713376
2024-05-11 10:00:00,24.16520798436803
2024-05-11 11:00:00,20.012333558314307
2024-05-11 12:00:00,21.031394792320533
2024-05-11 13:00:00,21.51541611092753
2024-05-11 14:00:00,24.351173441898098
2024-05-11 15:00:00,23.56807613779248
2024-05-11 16:00:00,20.995992920584378
2024-05-11 17:00:00,22.757780621588672
2024-05-11 18:00:00,22.059949788900646
2024-05-11 19:00:00,24.214442201328755
2024-05-11 20:00:00,21.300496979642386
2024-05-11 21:00:00,22.26820121334167
2024-05-11 22:00:00,24.866655039239408
2024-05-11 23:00:00,22.332901536500184
2024-05-12 00:00:00,23.43002409090602
2024-05-12 01:00:00,20.630694387461883
2024-05-12 02:00:00,20.850120708954467
2024-05-12 03:00:00,21.839780383331238
2024-05-12 04:00:00,20.564828393843335
2024-05-12 05:00:00,23.16065233729973
2024-05-12 06:00:00,22.845885320784124
2024-05-12 07:00:00,24.144002690025697
2024-05-12 08:00:00,24.427799481319465
2024-05-12 09:00:00,24.45464469255521
2024-05-12 10:00:00,24.887457891790582
2024-05-12 11:00:00,23.474861591422567
2024-05-12 12:00:00,24.443793385754294
2024-05-12 13:00:00,21.9254655082326
2024-05-12 14:00:00,24.78756518861816
2024-05-12 15:00:00,24.243271998370986
2024-05-12 16:00:00,21.228677011636155
2024-05-12 17:00:00,20.764635485619934
2024-05-12 18:00:00,22.659392823434153
2024-05-12 19:00:00,23.077456049205786
2024-05-12 20:00:00,22.423205520987093
2024-05-12 21:00:00,20.047030128624023
2024-05-12 22:00:00,23.332796516882482
2024-05-12 23:00:00,20.024773692250196
2024-05-13 00:00:00,21.494597889565433
2024-05-13 01:00:00,21.67789995230908
2024-05-13 02:00:00,24.73914288924073
2024-05-13 03:00:00,20.70879876750433
2024-05-13 04:00:00,20.744583871345487
2024-05-13 05:00:00,24.202640682431372
2024-05-13 06:00:00,20.569999420449456
2024-05-13 07:00:00,22.209865146381667
2024-05-13 08:00:00,22.862737734792386
2024-05-13 09:00:00,23.22402401727381
2024-05-13 10:00:00,21.418747599759378
2024-05-13 11:00:00,20.716223210345028
2024-05-13 12:00:00,20.259527588412272
2024-05-13 13:00:00,23.799477786739946
2024-05-13 14:00:00,24.550673550783984
2024-05-13 15:00:00,24.607431117215825
2024-05-13 16:00:00,22.98781351423794
2024-05-13 17:00:00,22.798413120182865
2024-05-13 18:00:00,23.192131650424795
2024-05-13 19:00:00,21.57969825592697
2024-05-13 20:00:00,21.28871272429445
2024-05-13 21:00:00,21.245766171609176
2024-05-13 22:00:00,23.507525431647785
2024-05-13 23:00:00,23.252257470688356
2024-05-14 00:00:00,23.640552988135056
2024-05-14 01:00:00,20.623368903876237
2024-05-14 02:00:00,24.153537730409553
2024-05-14 03:00:00,22.481279353438154
2024-05-14 04:00:00,23.65576414918547
2024-05-14 05:00:00,21.066427808973284
2024-05-14 06:00:00,24.797667009673628
2024-05-14 07:00:00,22.5499768259493
2024-05-14 08:00:00,22.058298123702837
2024-05-14 09:00:00,23.992772394286444
2024-05-14 10:00:00,24.87293786717209
2024-05-14 11:00:00,23.30725956994765
2024-05-14 12:00:00,20.02390503064549
2024-05-14 13:00:00,21.68707989089241
2024-05-14 14:00:00,21.31287616856782
2024-05-14 15:00:00,21.521277360352865
2024-05-14 16:00:00,22.122043630464443
2024-05-14 17:00:00,24.609438247549736
2024-05-14 18:00:00,20.575004906194895
2024-05-14 19:00:00,24.838351100301104
2024-05-14 20:00:00,24.49512695616004
2024-05-14 21:00:00,20.904657071620324
2024-05-14 22:00:00,22.62711548805521
2024-05-14 23:00:00,24.742634416240676
2024-05-15 00:00:00,20.998568297304026
2024-05-15 01:00:00,20.513875661345043
2024-05-15 02:00:00,24.133464610727273
2024-05-15 03:00:00,24.739399277185615
2024-05-15 04:00:00,24.637658633683614
2024-05-15 05:00:00,24.38339834479547
2024-05-15 06:00:00,22.32306459489771
2024-05-15 07:00:00,20.661908344281986
2024-05-15 08:00:00,24.486167060703824
2024-05-15 09:00:00,22.666123129837615
2024-05-15 10:00:00,21.440673341672216
2024-05-15 11:00:00,20.156715436796432
2024-05-15 12:00:00,21.978112930410457
2024-05-15 13:00:00,22.001789513558922
2024-05-15 14:00:00,24.848345770084144
2024-05-15 15:00:00,21.244956489631054
2024-05-15 16:00:00,23.64213865580858
2024-05-15 17:00:00,24.678515295397858
2024-05-15 18:00:00,20.191547731334737
2024-05-15 19:00:00,24.415838589485418
2024-05-15 20:00:00,22.06646063046676
2024-05-15 21:00:00,23.809439842161172
2024-05-15 22:00:00,24.04760350452132
2024-05-15 23:00:00,21.209242897497795
2024-05-16 00:00:00,21.717351610617566
2024-05-16 01:00:00,23.00412861809137
2024-05-16 02:00:00,24.67781169290724
2024-05-16 03:00:00,23.57945489371691
2024-05-16 04:00:00,21.540166908922053
2024-05-16 05:00:00,21.514407676049814
2024-05-16 06:00:00,23.37909024034592
2024-05-16 07:00:00,21.1534524697505
2024-05-16 08:00:00,24.94723991719175
2024-05-16 09:00:00,23.31953711487666
2024-05-16 10:00:00,21.33255461948504
2024-05-16 11:00:00,20.193857512142223
2024-05-16 12:00:00,23.4888617582216
2024-05-16 13:00:00,22.87743172801899
2024-05-16 14:00:00,23.837903770015814
2024-05-16 15:00:00,21.909587819113696
2024-05-16 16:00:00,20.61710853834839
2024-05-16 17:00:00,23.892770155684815
2024-05-16 18:00:00,20.59163116744876
2024-05-16 19:00:00,21.099241249312982
2024-05-16 20:00:00,21.05605413533924
2024-05-16 21:00:00,20.145511497961955
2024-05-16 22:00:00,23.852930480916825
2024-05-16 23:00:00,24.166297736016567
2024-05-17 00:00:00,22.881105449605375
2024-05-17 01:00:00,21.42442766865927
2024-05-17 02:00:00,24.685868734388883
2024-05-17 03:00:00,22.828583493572634
2024-05-17 04:00:00,22.909302612947005
2024-05-17 05:00:00,23.386180621307428
2024-05-17 06:00:00,24.850658392419774
2024-05-17 07:00:00,22.44265815379481
2024-05-17 08:00:00,24.0082269152981
2024-05-17 09:00:00,23.32235968306068
2024-05-17 10:00:00,23.96240738031596
2024-05-17 11:00:00,24.4592823954956
2024-05-17 12:00:00,24.45119186695721
2024-05-17 13:00:00,21.58943268644998
2024-05-17 14:00:00,20.51320190053216
2024-05-17 15:00:00,21.99534103273414
2024-05-17 16:00:00,24.849194165385562
2024-05-17 17:00:00,21.88229489946985
2024-05-17 18:00:00,24.64860420972507
2024-05-17 19:00:00,21.082316101883983
2024-05-17 20:00:00,24.60701549649274
2024-05-17 21:00:00,20.805597445649333
2024-05-17 22:00:00,22.638168010646385
2024-05-17 23:00:00,22.777351156562954
2024-05-18 00:00:00,23.930603989531896
2024-05-18 01:00:00,24.381473469944655
2024-05-18 02:00:00,22.50806935917881
2024-05-18 03:00:00,23.72589267064216
2024-05-18 04:00:00,22.290149348307274
2024-05-18 05:00:00,20.402780278744935
2024-05-18 06:00:00,24.008661157764905
2024-05-18 07:00:00,22.25521704705001
2024-05-18 08:00:00,20.09753206989764
2024-05-18 09:00:00,21.12793758747023
2024-05-18 10:00:00,20.74793870837602
2024-05-18 11:00:00,20.88794395033095
2024-05-18 12:00:00,24.837182368292925
2024-05-18 13:00:00,21.39028922715855
2024-05-18 14:00:00,23.2458299111464
2024-05-18 15:00:00,21.644012492107613
2024-05-18 16:00:00,20.899757540932395
2024-05-18 17:00:00,20.627638279509014
2024-05-18 18:00:00,20.753565026259174
2024-05-18 19:00:00,21.882987176877602
2024-05-18 20:00:00,22.08766587802497
2024-05-18 21:00:00,23.045260536172812
2024-05-18 22:00:00,21.373273883042852
2024-05-18 23:00:00,23.318944283519834
2024-05-19 00:00:00,20.447555203267143
2024-05-19 01:00:00,20.001754440021813
2024-05-19 02:00:00,21.092899410475674
2024-05-19 03:00:00,22.4307578032939
2024-05-19 04:00:00,23.96238663488671
2024-05-19 05:00:00,22.62599578895339
2024-05-19 06:00:00,23.929973177991975
2024-05-19 07:00:00,21.663026388482038
2024-05-19 08:00:00,20.15105995854103
2024-05-19 09:00:00,20.906638391496916
2024-05-19 10:00:00,22.348636853905106
2024-05-19 11:00:00,20.607034867814647
2024-05-19 12:00:00,21.07382156353434
2024-05-19 13:00:00,21.755823369117984
2024-05-19 14:00:00,22.46680110056916
2024-05-19 15:00:00,23.939238317704977
2024-05-19 16:00:00,22.722356582171166
2024-05-19 17:00:00,24.642897565294753
2024-05-19 18:00:00,24.898668299988035
2024-05-19 19:00:00,20.935954378829987
2024-05-19 20:00:00,21.033653032971877
2024-05-19 21:00:00,20.028480694752364
2024-05-19 22:00:00,20.272047143016238
2024-05-19 23:00:00,22.60789570082431
2024-05-20 00:00:00,20.879888075322427
2024-05-20 01:00:00,22.94956565494435
2024-05-20 02:00:00,23.383148717594562
2024-05-20 03:00:00,22.623804318318744
2024-05-20 04:00:00,21.992428137545353
2024-05-20 05:00:00,20.976333184067112
2024-05-20 06:00:00,22.331608917441997
2024-05-20 07:00:00,24.533214164333728
2024-05-20 08:00:00,23.261101601285354
2024-05-20 09:00:00,24.413758127633898
2024-05-20 10:00:00,22.17396988808027
2024-05-20 11:00:00,21.852986579287254
2024-05-20 12:00:00,21.626064141250673
2024-05-20 13:00:00,20.828047698095773
2024-05-20 14:00:00,23.933834662336487
2024-05-20 15:00:00,24.695998279859918
2024-05-20 16:00:00,21.81559889983389
2024-05-20 17:00:00,21.238463636963182
2024-05-20 18:00:00,21.610250827294454
2024-05-20 19:00:00,20.745820314082117
2024-05-20 20:00:00,20.872346561186017
2024-05-20 21:00:00,24.95750029662871
2024-05-20 22:00:00,20.385211344329974
2024-05-20 23:00:00,20.26768255744752
2024-05-21 00:00:00,20.301932856798103
2024-05-21 01:00:00,22.335892241864343
2024-05-21 02:00:00,22.55619047968701
2024-05-21 03:00:00,22.526303141191327
2024-05-21 04:00:00,24.056687458773034
2024-05-21 05:00:00,22.33663896741376
2024-05-21 06:00:00,24.88856342571298
2024-05-21 07:00:00,21.41377368963531
2024-05-21 08:00:00,21.56765084770753
2024-05-21 09:00:00,24.94539759400825
2024-05-21 10:00:00,23.46609703153427
2024-05-21 11:00:00,22.88631102861009
2024-05-21 12:00:00,22.56617993610496
2024-05-21 13:00:00,22.522293548411128
2024-05-21 14:00:00,22.588818647213312
2024-05-21 15:00:00,22.463353128292923
2024-05-21 16:00:00,21.0577866001735
2024-05-21 17:00:00,22.05196425967772
2024-05-21 18:00:00,23.454502801152845
2024-05-21 19:00:00,24.283911937702413
2024-05-21 20:00:00,21.69776144043716
2024-05-21 21:00:00,22.47015344934948
2024-05-21 22:00:00,21.25127561545735
2024-05-21 23:00:00,22.93744107396225
2024-05-22 00:00:00,22.217288947805507
2024-05-22 01:00:00,24.674175082856898
2024-05-22 02:00:00,20.856621401292408
2024-05-22 03:00:00,21.566893025238482
2024-05-22 04:00:00,22.96171922785648
2024-05-22 05:00:00,24.617075501866097
2024-05-22 06:00:00,24.840128855724434
2024-05-22 07:00:00,20.404634582085887
2024-05-22 08:00:00,20.58801438542434
2024-05-22 09:00:00,24.721528914640853
2024-05-22 10:00:00,22.904711809193966
2024-05-22 11:00:00,21.21560306655628
2024-05-22 12:00:00,22.34154675844431
2024-05-22 13:00:00,22.67333125103101
2024-05-22 14:00:00,21.31332364402746
2024-05-22 15:00:00,22.94772430962263
2024-05-22 16:00:00,20.599119737098075
2024-05-22 17:00:00,21.838605195914973
2024-05-22 18:00:00,21.289267636753554
2024-05-22 19:00:00,21.485211350397897
2024-05-22 20:00:00,21.56138339890493
2024-05-22 21:00:00,20.15767003578088
2024-05-22 22:00:00,23.118007795790874
2024-05-22 23:00:00,22.91165779033961
2024-05-23 00:00:00,21.14684740656665
2024-05-23 01:00:00,22.909768507080535
2024-05-23 02:00:00,22.79731587251863
2024-05-23 03:00:00,23.02650595387704
2024-05-23 04:00:00,24.46210836140254
2024-05-23 05:00:00,22.20651028860071
2024-05-23 06:00:00,21.555800533681097
2024-05-23 07:00:00,23.979646153237127
2024-05-23 08:00:00,20.185117084915053
2024-05-23 09:00:00,22.081680806757163
2024-05-23 10:00:00,20.314319440276645
2024-05-23 11:00:00,23.060919222450625
2024-05-23 12:00:00,21.51852849446053
2024-05-23 13:00:00,20.929532460675034
2024-05-23 14:00:00,23.88975118632218
2024-05-23 15:00:00,20.511293434512563
2024-05-23 16:00:00,22.053985331012157
2024-05-23 17:00:00,21.053276636105167
2024-05-23 18:00:00,23.957094559178618
2024-05-23 19:00:00,20.598612684892924
2024-05-23 20:00:00,20.70272899048557
2024-05-23 21:00:00,20.151877424904242
2024-05-23 22:00:00,24.280908620477735
2024-05-23 23:00:00,20.561554026851304
2024-05-24 00:00:00,24.769493396671685
2024-05-24 01:00:00,20.662621622557477
2024-05-24 02:00:00,22.82533907114042
2024-05-24 03:00:00,22.14819542227913
2024-05-24 04:00:00,22.5888400247511
2024-05-24 05:00:00,22.095800743650322
2024-05-24 06:00:00,23.821605031879283
2024-05-24 07:00:00,23.866976573413726
2024-05-24 08:00:00,21.959305194210305
2024-05-24 09:00:00,24.890021479178774
2024-05-24 10:00:00,20.39795299320375
2024-05-24 11:00:00,22.71621277847074
2024-05-24 12:00:00,21.507840970668973
2024-05-24 13:00:00,23.303224085484896
2024-05-24 14:00:00,21.095734917651697
2024-05-24 15:00:00,20.892205251059366
2024-05-24 16:00:00,21.386829939882976
2024-05-24 17:00:00,22.64427526100481
2024-05-24 18:00:00,22.328271700089402
2024-05-24 19:00:00,22.229138799444556
2024-05-24 20:00:00,23.066294021537473
2024-05-24 21:00:00,20.116215732156984
2024-05-24 22:00:00,20.379543075275773
2024-05-24 23:00:00,23.80832090109426
2024-05-25 00:00:00,24.073795851458332
2024-05-25 01:00:00,20.59698624543629
2024-05-25 02:00:00,21.48071811819956
2024-05-25 03:00:00,23.181003191141304
2024-05-25 04:00:00,23.767711995266815
2024-05-25 05:00:00,21.79689839727036
2024-05-25 06:00:00,20.49205025317131
2024-05-25 07:00:00,24.726944652619977
2024-05-25 08:00:00,21.030489749728567
2024-05-25 09:00:00,21.93861191443779
2024-05-25 10:00:00,21.227514681850554
2024-05-25 11:00:00,20.47465305922398
2024-05-25 12:00:00,23.7201476289738
2024-05-25 13:00:00,22.899820334804808
2024-05-25 14:00:00,24.691737687654165
2024-05-25 15:00:00,20.112285236008773
2024-05-25 16:00:00,22.11267139567463
2024-05-25 17:00:00,21.290664339886053
2024-05-25 18:00:00,22.152152105744182
2024-05-25 19:00:00,20.61772826135293
2024-05-25 20:00:00,22.96805114405291
2024-05-25 21:00:00,23.76080338296858
2024-05-25 22:00:00,22.906465281204756
2024-05-25 23:00:00,21.8675309368766
2024-05-26 00:00:00,22.502354413977805
2024-05-26 01:00:00,23.309556008834775
2024-05-26 02:00:00,22.281938426542023
2024-05-26 03:00:00,22.114268784774964
2024-05-26 04:00:00,22.07076004734903
2024-05-26 05:00:00,23.55107880989197
2024-05-26 06:00:00,24.58107313645759
2024-05-26 07:00:00,21.53312099067596
2024-05-26 08:00:00,21.36220872821038
2024-05-26 09:00:00,23.156159783063764
2024-05-26 10:00:00,22.20973032652599
2024-05-26 11:00:00,24.276133382037724
2024-05-26 12:00:00,23.9917663854448
2024-05-26 13:00:00,24.631825091529286
2024-05-26 14:00:00,23.205082923878066
2024-05-26 15:00:00,20.05920049923908
2024-05-26 16:00:00,21.94568404381371
2024-05-26 17:00:00,24.4302965430131
2024-05-26 18:00:00,24.495641378593426
2024-05-26 19:00:00,21.30616044454306
2024-05-26 20:00:00,23.300104003910736
2024-05-26 21:00:00,22.66929130956728
2024-05-26 22:00:00,23.178823188804863
2024-05-26 23:00:00,21.641201789534556
2024-05-27 00:00:00,21.581249350557698
2024-05-27 01:00:00,20.27665268875695
2024-05-27 02:00:00,24.907297782244708
2024-05-27 03:00:00,24.878372012822243
2024-05-27 04:00:00,23.259557915424125
2024-05-27 05:00:00,21.456669743279686
2024-05-27 06:00:00,22.726843674851434
2024-05-27 07:00:00,20.26964518638562
2024-05-27 08:00:00,23.59037250971764
2024-05-27 09:00:00,23.98822242845281
2024-05-27 10:00:00,20.63508813063002
2024-05-27 11:00:00,24.545132146143356
2024-05-27 12:00:00,24.762049603112985
2024-05-27 13:00:00,22.57998588160018
2024-05-27 14:00:00,23.532540078755737
2024-05-27 15:00:00,24.596957301661142
2024-05-27 16:00:00,24.547111311928102
2024-05-27 17:00:00,22.557463745538456
2024-05-27 18:00:00,21.645317046144754
2024-05-27 19:00:00,24.016622500490225
2024-05-27 20:00:00,20.37546686940236
2024-05-27 21:00:00,24.879324190564397
2024-05-27 22:00:00,21.01745830320469
2024-05-27 23:00:00,23.305221045077623
2024-05-28 00:00:00,20.525024987616494
2024-05-28 01:00:00,21.913622021196357
2024-05-28 02:00:00,23.290740576598175
2024-05-28 03:00:00,23.238035250878053
2024-05-28 04:00:00,24.533933251567614
2024-05-28 05:00:00,22.090376227261523
2024-05-28 06:00:00,20.21650067156055
2024-05-28 07:00:00,22.38121404018208
2024-05-28 08:00:00,24.310697992009786
2024-05-28 09:00:00,23.283224854548116
2024-05-28 10:00:00,21.243708739219713
2024-05-28 11:00:00,22.873814062079024
2024-05-28 12:00:00,23.906076117986665
2024-05-28 13:00:00,23.353771352024236
2024-05-28 14:00:00,21.888893182519098
2024-05-28 15:00:00,23.37526642489364
2024-05-28 16:00:00,20.78976942988404
2024-05-28 17:00:00,23.44686570390279
2024-05-28 18:00:00,21.43486422926184
2024-05-28 19:00:00,23.387125805361404
2024-05-28 20:00:00,23.412530763204426
2024-05-28 21:00:00,22.22953608130565
2024-05-28 22:00:00,24.5894778239704
2024-05-28 23:00:00,22.61527633055244
2024-05-29 00:00:00,23.413667636845545
2024-05-29 01:00:00,24.212853394880764
2024-05-29 02:00:00,21.010742662479167
2024-05-29 03:00:00,20.65533195222785
2024-05-29 04:00:00,20.12037497875344
2024-05-29 05:00:00,22.88186398135132
2024-05-29 06:00:00,22.01981448047625
2024-05-29 07:00:00,21.964377015307956
2024-05-29 08:00:00,24.942319530747866
2024-05-29 09:00:00,23.276745066042324
2024-05-29 10:00:00,20.06559873730249
2024-05-29 11:00:00,21.97387986864309
2024-05-29 12:00:00,20.980666230760914
2024-05-29 13:00:00,22.77880720470834
2024-05-29 14:00:00,24.948098714200786
2024-05-29 15:00:00,21.579784722231903
2024-05-29 16:00:00,22.066517378736883
2024-05-29 17:00:00,20.967606371752847
2024-05-29 18:00:00,24.552907082006918
2024-05-29 19:00:00,21.25532848849057
2024-05-29 20:00:00,20.646334012198622
2024-05-29 21:00:00,23.58437357869907
2024-05-29 22:00:00,23.59281791469254
2024-05-29 23:00:00,24.706230690473777
2024-05-30 00:00:00,22.460396369607814
2024-05-30 01:00:00,23.71065006641344
2024-05-30 02:00:00,22.230004249473826
2024-05-30 03:00:00,20.709932562336697
2024-05-30 04:00:00,20.60138071434054
2024-05-30 05:00:00,21.74263030064533
2024-05-30 06:00:00,24.335584077582837
2024-05-30 07:00:00,23.242748413217278
2024-05-30 08:00:00,22.067644205040782
2024-05-30 09:00:00,20.833932851454207
2024-05-30 10:00:00,21.272485045518632
2024-05-30 11:00:00,24.632183181715405
2024-05-30 12:00:00,21.253434295689917
2024-05-30 13:00:00,20.064090996107122
2024-05-30 14:00:00,24.41439431769485
2024-05-30 15:00:00,21.418358442976874
2024-05-30 16:00:00,22.09793398332157
2024-05-30 17:00:00,23.29854492870984
2024-05-30 18:00:00,20.990225877477844
2024-05-30 19:00:00,21.039823547708544
2024-05-30 20:00:00,20.44183686195048
2024-05-30 21:00:00,22.35088076176055
2024-05-30 22:00:00,20.272235659940883
2024-05-30 23:00:00,21.230905689539256
2024-05-31 00:00:00,24.262842574920352
2024-05-31 01:00:00,21.065150440806914
2024-05-31 02:00:00,20.26342590125857
2024-05-31 03:00:00,24.15617998658314
2024-05-31 04:00:00,23.74945435654864
2024-05-31 05:00:00,23.726842591127532
2024-05-31 06:00:00,22.32145528724803
2024-05-31 07:00:00,23.552539585148082
2024-05-31 08:00:00,24.979960580059178
2024-05-31 09:00:00,21.630628195484054
2024-05-31 10:00:00,23.58674997140476
2024-05-31 11:00:00,22.875454610059364
2024-05-31 12:00:00,22.501426613146315
2024-05-31 13:00:00,20.836657688440614
2024-05-31 14:00:00,20.160501648968676
2024-05-31 15:00:00,20.453052884609377
2024-05-31 16:00:00,24.67997764039358
2024-05-31 17:00:00,21.583568335451893
2024-05-31 18:00:00,23.779972790429603
2024-05-31 19:00:00,21.266323526564236
2024-05-31 20:00:00,23.873689193411774
2024-05-31 21:00:00,24.856035754046516
2024-05-31 22:00:00,23.770412201472993
2024-05-31 23:00:00,24.017385602959237
2024-06-01 00:00:00,24.43022833825942
2024-06-01 01:00:00,22.779410184779355
2024-06-01 02:00:00,20.202606971183005
2024-06-01 03:00:00,21.689778330120998
2024-06-01 04:00:00,24.063684896308402
2024-06-01 05:00:00,21.44677858544925
2024-06-01 06:00:00,20.793875867736727
2024-06-01 07:00:00,21.589680680925213
2024-06-01 08:00:00,20.776332908977164
2024-06-01 09:00:00,20.870683753905777
2024-06-01 10:00:00,23.22892195815136
2024-06-01 11:00:00,22.75341283667368
2024-06-01 12:00:00,22.38433629255127
2024-06-01 13:00:00,21.064298762239506
2024-06-01 14:00:00,22.779438062542763
2024-06-01 15:00:00,23.956016439815297
2024-06-01 16:00:00,23.44692289577359
2024-06-01 17:00:00,22.772847541516533
2024-06-01 18:00:00,22.111107383227445
2024-06-01 19:00:00,20.57039363360776
2024-06-01 20:00:00,21.12195213077046
2024-06-01 21:00:00,24.575877033761223
2024-06-01 22:00:00,24.80224508066245
2024-06-01 23:00:00,22.544340767694244
2024-06-02 00:00:00,20.835180124798427
2024-06-02 01:00:00,21.25692202260845
2024-06-02 02:00:00,20.139966307987503
2024-06-02 03:00:00,21.039616101652218
2024-06-02 04:00:00,21.588712954195422
2024-06-02 05:00:00,22.69156935197148
2024-06-02 06:00:00,24.10003062502237
2024-06-02 07:00:00,22.147384539212865
2024-06-02 08:00:00,20.307020789233924
2024-06-02 09:00:00,21.971401293708077
2024-06-02 10:00:00,21.541932413699755
2024-06-02 11:00:00,24.301176385665695
2024-06-02 12:00:00,23.329254733592983
2024-06-02 13:00:00,23.882795203902134
2024-06-02 14:00:00,24.467247675595658
2024-06-02 15:00:00,22.41187169952939
2024-06-02 16:00:00,22.239276009730432
2024-06-02 17:00:00,20.973977495304418
2024-06-02 18:00:00,21.632340535854446
2024-06-02 19:00:00,22.21094463309248
2024-06-02 20:00:00,24.51543271487116
2024-06-02 21:00:00,24.017433775549364
2024-06-02 22:00:00,20.999310619198546
2024-06-02 23:00:00,24.604042887051524
2024-06-03 00:00:00,21.608388458130637
2024-06-03 01:00:00,21.29809108831336
2024-06-03 02:00:00,21.71600027581822
2024-06-03 03:00:00,22.71873834594967
2024-06-03 04:00:00,22.844332235364345
2024-06-03 05:00:00,20.775005651099708
2024-06-03 06:00:00,22.821314803809365
2024-06-03 07:00:00,20.815356898115077
2024-06-03 08:00:00,20.431715757526856
2024-06-03 09:00:00,21.871325068822557
2024-06-03 10:00:00,21.741717812896322
2024-06-03 11:00:00,21.01056311524508
2024-06-03 12:00:00,24.27172901652972
2024-06-03 13:00:00,23.21353365869993
2024-06-03 14:00:00,24.232938639233744
2024-06-03 15:00:00,22.601761734967646
2024-06-03 16:00:00,24.09841569066381
2024-06-03 17:00:00,21.312208709517137
2024-06-03 18:00:00,22.696534134979732
2024-06-03 19:00:00,24.371648795472986
2024-06-03 20:00:00,21.505028736274163
2024-06-03 21:00:00,21.26805129984308
2024-06-03 22:00:00,23.226664105467798
2024-06-03 23:00:00,20.225787138244964
2024-06-04 00:00:00,22.960320565742013
2024-06-04 01:00:00,20.21785955414845
2024-06-04 02:00:00,20.607590932912842
2024-06-04 03:00:00,21.289039415426156
2024-06-04 04:00:00,23.662053957329128
2024-06-04 05:00:00,23.26036454164377
2024-06-04 06:00:00,20.956411852505862
2024-06-04 07:00:00,21.293190435240092
2024-06-04 08:00:00,22.951597876174795
2024-06-04 09:00:00,20.46852667020218
2024-06-04 10:00:00,24.291331122703184
2024-06-04 11:00:00,20.292391270821494
2024-06-04 12:00:00,23.557809181484593
2024-06-04 13:00:00,20.99714851226511
2024-06-04 14:00:00,23.500009998363126
2024-06-04 15:00:00,23.552527396700885
2024-06-04 16:00:00,22.775513604616762
2024-06-04 17:00:00,22.642933182399876
2024-06-04 18:00:00,22.09846087813956
2024-06-04 19:00:00,21.746889511385373
2024-06-04 20:00:00,20.14705036371411
2024-06-04 21:00:00,21.339491428663663
2024-06-04 22:00:00,24.654058206462093
2024-06-04 23:00:00,22.219603636022164
2024-06-05 00:00:00,20.2312650806985
2024-06-05 01:00:00,21.265172197110104
2024-06-05 02:00:00,23.039025568934015
2024-06-05 03:00:00,23.457576924084968
2024-06-05 04:00:00,23.31045232287008
2024-06-05 05:00:00,20.605261254739823
2024-06-05 06:00:00,21.425576637587238
2024-06-05 07:00:00,24.26934757743701
2024-06-05 08:00:00,21.316826051467455
2024-06-05 09:00:00,20.418283358885787
2024-06-05 10:00:00,23.5639095406507
2024-06-05 11:00:00,24.020839327051814
2024-06-05 12:00:00,20.67816622560467
2024-06-05 13:00:00,24.760485867909374
2024-06-05 14:00:00,23.842028024652365
2024-06-05 15:00:00,21.807066885241664
2024-06-05 16:00:00,22.353157565111967
2024-06-05 17:00:00,20.839594234263107
2024-06-05 18:00:00,20.042397681180812
2024-06-05 19:00:00,20.595731989016542
2024-06-05 20:00:00,24.209215506057163
2024-06-05 21:00:00,20.191837054532527
2024-06-05 22:00:00,24.46633100634553
2024-06-05 23:00:00,23.64978408020089
2024-06-06 00:00:00,22.820815646322806
2024-06-06 01:00:00,23.78917723641581
2024-06-06 02:00:00,24.471131112403928
2024-06-06 03:00:00,22.567726517489795
2024-06-06 04:00:00,23.283743411731074
2024-06-06 05:00:00,20.42032073241363
2024-06-06 06:00:00,23.081134244332265
2024-06-06 07:00:00,20.841077450311097
2024-06-06 08:00:00,21.1176294839107
2024-06-06 09:00:00,24.090037703296687
2024-06-06 10:00:00,21.84860381147058
2024-06-06 11:00:00,21.52372816890632
2024-06-06 12:00:00,21.990278383288747
2024-06-06 13:00:00,22.123640744496146
2024-06-06 14:00:00,23.541266393772133
2024-06-06 15:00:00,24.056593376326802
2024-06-06 16:00:00,21.30203808037579
2024-06-06 17:00:00,22.14378837794667
2024-06-06 18:00:00,24.978328375995027
2024-06-06 19:00:00,21.971777874901704
2024-06-06 20:00:00,24.669932098322338
2024-06-06 21:00:00,24.500600315000003
2024-06-06 22:00:00,22.18853706990329
2024-06-06 23:00:00,22.773450754579994
2024-06-07 00:00:00,23.958351010989162
2024-06-07 01:00:00,20.606325124774305
2024-06-07 02:00:00,24.415712258423532
2024-06-07 03:00:00,22.639145647773773
2024-06-07 04:00:00,21.781011825458368
2024-06-07 05:00:00,21.93658127862751
2024-06-07 06:00:00,20.70953010939863
2024-06-07 07:00:00,24.747436705271983
2024-06-07 08:00:00,21.525745323670176
2024-06-07 09:00:00,24.22364060438529
2024-06-07 10:00:00,21.921683790779245
2024-06-07 11:00:00,24.6901915059439
2024-06-07 12:00:00,20.87205099832285
2024-06-07 13:00:00,23.58571116363159
2024-06-07 14:00:00,23.651776532530942
2024-06-07 15:00:00,20.295138647275774
2024-06-07 16:00:00,21.97350220055407
2024-06-07 17:00:00,20.484898994022462
2024-06-07 18:00:00,24.39495029803976
2024-06-07 19:00:00,21.439311825345772
2024-06-07 20:00:00,23.972162366707334
2024-06-07 21:00:00,24.470807938940176
2024-06-07 22:00:00,23.74528998020831
2024-06-07 23:00:00,22.24686852024486
2024-06-08 00:00:00,23.773505689507093
2024-06-08 01:00:00,23.4164071563717
2024-06-08 02:00:00,22.91494427175366
2024-06-08 03:00:00,20.366000648796966
2024-06-08 04:00:00,24.12489275781001
2024-06-08 05:00:00,21.426066058202817
2024-06-08 06:00:00,21.359702334525977
2024-06-08 07:00:00,23.24915995787163
2024-06-08 08:00:00,23.805802264474963
2024-06-08 09:00:00,22.73821525518792
2024-06-08 10:00:00,20.7010972387681
2024-06-08 11:00:00,20.354952875859997
2024-06-08 12:00:00,24.406896949503707
2024-06-08 13:00:00,24.18356164941732
2024-06-08 14:00:00,22.97014281537122
2024-06-08 15:00:00,22.279770001497074
2024-06-08 16:00:00,21.0563831852799
2024-06-08 17:00:00,20.511412694704703
2024-06-08 18:00:00,24.174532167774586
2024-06-08 19:00:00,24.88548163757038
2024-06-08 20:00:00,24.492452916440524
2024-06-08 21:00:00,20.188928466226688
2024-06-08 22:00:00,20.05830384278921
2024-06-08 23:00:00,22.930844644967006
2024-06-09 00:00:00,22.3577830255742
2024-06-09 01:00:00,21.159661333419443
2024-06-09 02:00:00,23.967070691917836
2024-06-09 03:00:00,24.87579385798238
2024-06-09 04:00:00,21.92446775371126
2024-06-09 05:00:00,23.54245104158304
2024-06-09 06:00:00,22.43993832685394
2024-06-09 07:00:00,22.081828031159347
2024-06-09 08:00:00,24.15262937278235
2024-06-09 09:00:00,20.801164159662257
2024-06-09 10:00:00,20.611682779682642
2024-06-09 11:00:00,20.187881594720153
2024-06-09 12:00:00,23.604856549908533
2024-06-09 13:00:00,23.05236154378476
2024-06-09 14:00:00,21.578849291565124
2024-06-09 15:00:00,23.637293775356337
2024-06-09 16:00:00,23.694209171237514
2024-06-09 17:00:00,21.726053736661495
2024-06-09 18:00:00,24.074039073408972
2024-06-09 19:00:00,21.266762999537107
2024-06-09 20:00:00,20.601363973609423
2024-06-09 21:00:00,24.545477952139546
2024-06-09 22:00:00,21.877713970011246
2024-06-09 23:00:00,24.521980491103125
2024-06-10 00:00:00,23.175864315642816
2024-06-10 01:00:00,23.853843041167085
2024-06-10 02:00:00,20.159060522756572
2024-06-10 03:00:00,24.484678443745594
2024-06-10 04:00:00,22.131616988864057
2024-06-10 05:00:00,24.666360806609628
2024-06-10 06:00:00,24.84051868155332
2024-06-10 07:00:00,21.409229059630494
2024-06-10 08:00:00,22.35485309421303
2024-06-10 09:00:00,21.302298801910272
2024-06-10 10:00:00,20.653283984834392
2024-06-10 11:00:00,24.540610366906648
2024-06-10 12:00:00,21.16133532824196
2024-06-10 13:00:00,22.653324483483747
2024-06-10 14:00:00,20.697323672783305
2024-06-10 15:00:00,20.614400924977026
2024-06-10 16:00:00,20.54771728787447
2024-06-10 17:00:00,24.5010803962211
2024-06-10 18:00:00,23.702522744792276
2024-06-10 19:00:00,22.285860811156613
2024-06-10 20:00:00,21.08875568947029
2024-06-10 21:00:00,20.17815643325934
2024-06-10 22:00:00,24.90859506452839
2024-06-10 23:00:00,21.566714939734304
2024-06-11 00:00:00,21.450684549985404
2024-06-11 01:00:00,21.756453961663148
2024-06-11 02:00:00,23.984587839588663
2024-06-11 03:00:00,23.90761175631968
2024-06-11 04:00:00,20.64694015493058
2024-06-11 05:00:00,21.156115908783754
2024-06-11 06:00:00,24.889018729301778
2024-06-11 07:00:00,20.297412801187797
2024-06-11 08:00:00,23.275166208366436
2024-06-11 09:00:00,20.376015073781407
2024-06-11 10:00:00,22.379587153084497
2024-06-11 11:00:00,24.215305640019515
2024-06-11 12:00:00,22.078915846261555
2024-06-11 13:00:00,20.787880526069614
2024-06-11 14:00:00,22.23288523107614
2024-06-11 15:00:00,21.709715000478244
2024-06-11 16:00:00,20.22563891571247
2024-06-11 17:00:00,23.272897289847425
2024-06-11 18:00:00,22.218333888734747
2024-06-11 19:00:00,20.089315077460633
2024-06-11 20:00:00,22.978472682775696
2024-06-11 21:00:00,22.849099083808177
2024-06-11 22:00:00,23.847414980793335
2024-06-11 23:00:00,22.786654874986787
2024-06-12 00:00:00,21.547892136353727
2024-06-12 01:00:00,21.763204528805442
2024-06-12 02:00:00,24.87997162954433
2024-06-12 03:00:00,22.701747327591775
2024-06-12 04:00:00,24.00457246700066
2024-06-12 05:00:00,23.546346935554485
2024-06-12 06:00:00,23.460411465369067
2024-06-12 07:00:00,23.390635782505235
2024-06-12 08:00:00,22.448455076540984
2024-06-12 09:00:00,21.673849246005226
2024-06-12 10:00:00,24.79718500431639
2024-06-12 11:00:00,23.48471929591123
2024-06-12 12:00:00,23.89012281326433
2024-06-12 13:00:00,23.37191591584571
2024-06-12 14:00:00,20.13490343735412
2024-06-12 15:00:00,24.35497067708711
2024-06-12 16:00:00,24.014545904357668
2024-06-12 17:00:00,21.702267381734256
2024-06-12 18:00:00,20.51398198899328
2024-06-12 19:00:00,24.440850632335398
2024-06-12 20:00:00,22.614592531972225
2024-06-12 21:00:00,20.3999006769759
2024-06-12 22:00:00,22.23034337401732
2024-06-12 23:00:00,24.708702073144245
2024-06-13 00:00:00,22.59683456805676
2024-06-13 01:00:00,21.981937508181126
2024-06-13 02:00:00,23.548792756956722
2024-06-13 03:00:00,23.15896262096255
2024-06-13 04:00:00,22.996642478353166
2024-06-13 05:00:00,22.46939393736832
2024-06-13 06:00:00,24.252112552693013
2024-06-13 07:00:00,24.675494568969455
2024-06-13 08:00:00,21.386338833176346
2024-06-13 09:00:00,23.982565710930814
2024-06-13 10:00:00,23.08074770924981
2024-06-13 11:00:00,23.737708149417976
2024-06-13 12:00:00,21.992312263581265
2024-06-13 13:00:00,23.73322479911501
2024-06-13 14:00:00,22.85249217937061
2024-06-13 15:00:00,24.743959488320183
2024-06-13 16:00:00,21.672554777857837
2024-06-13 17:00:00,21.775467738019344
2024-06-13 18:00:00,22.174459775538086
2024-06-13 19:00:00,23.69673721687426
2024-06-13 20:00:00,22.065798610059947
2024-06-13 21:00:00,24.693519083272754
2024-06-13 22:00:00,20.58393219250793
2024-06-13 23:00:00,20.31744995020674
2024-06-14 00:00:00,23.73210200992122
2024-06-14 01:00:00,21.69543105061419
2024-06-14 02:00:00,21.060348771152228
2024-06-14 03:00:00,23.768346462643812
2024-06-14 04:00:00,21.484142823731013
2024-06-14 05:00:00,23.3570158781717
2024-06-14 06:00:00,22.372097040987843
2024-06-14 07:00:00,21.654042841464246
2024-06-14 08:00:00,21.43107114910719
2024-06-14 09:00:00,24.641892424176632
2024-06-14 10:00:00,20.26601603310813
2024-06-14 11:00:00,21.87842347324757
2024-06-14 12:00:00,24.024063232506805
2024-06-14 13:00:00,20.05589749117471
2024-06-14 14:00:00,23.269419042320756
2024-06-14 15:00:00,20.37755627475371
2024-06-14 16:00:00,20.410715109320396
2024-06-14 17:00:00,20.515916063248184
2024-06-14 18:00:00,20.44038381986259
2024-06-14 19:00:00,23.563128523957975
2024-06-14 20:00:00,20.473824754214707
2024-06-14 21:00:00,23.52543808312887
2024-06-14 22:00:00,23.997867023440303
2024-06-14 23:00:00,20.36700636371564
2024-06-15 00:00:00,22.027943118676987
2024-06-15 01:00:00,20.940393010151723
2024-06-15 02:00:00,21.05342373968724
2024-06-15 03:00:00,21.376748120135264
2024-06-15 04:00:00,22.854278113432404
2024-06-15 05:00:00,20.549983999241412
2024-06-15 06:00:00,22.17757960135347
2024-06-15 07:00:00,23.839159233714827
2024-06-15 08:00:00,20.926336778062673
2024-06-15 09:00:00,21.462739687389725
2024-06-15 10:00:00,20.5815229695139
2024-06-15 11:00:00,21.416045914741535
2024-06-15 12:00:00,20.410931579837683
2024-06-15 13:00:00,23.721927640639453
2024-06-15 14:00:00,21.511778861324384
2024-06-15 15:00:00,23.91624510653124
2024-06-15 16:00:00,24.713887954071332
2024-06-15 17:00:00,23.294398289701515
2024-06-15 18:00:00,22.035392763613434
2024-06-15 19:00:00,23.6019189851883
2024-06-15 20:00:00,24.063404331089018
2024-06-15 21:00:00,21.78574723598575
2024-06-15 22:00:00,24.844278118215954
2024-06-15 23:00:00,24.819204221892985
2024-06-16 00:00:00,20.404656430090366
2024-06-16 01:00:00,20.43122472209324
2024-06-16 02:00:00,22.713413210162464
2024-06-16 03:00:00,24.023081881722845
2024-06-16 04:00:00,23.733514858466723
2024-06-16 05:00:00,20.61373241851004
2024-06-16 06:00:00,23.310110112334588
2024-06-16 07:00:00,23.40893259962377
2024-06-16 08:00:00,24.08901192010862
2024-06-16 09:00:00,21.802915474295748
2024-06-16 10:00:00,20.790247026017163
2024-06-16 11:00:00,24.51458791423081
2024-06-16 12:00:00,24.877576379904937
2024-06-16 13:00:00,21.65148530322629
2024-06-16 14:00:00,21.505162450391175
2024-06-16 15:00:00,22.130312008993652
2024-06-16 16:00:00,23.714286399328266
2024-06-16 17:00:00,23.953726824280736
2024-06-16 18:00:00,23.870463778666913
2024-06-16 19:00:00,23.614109321393798
2024-06-16 20:00:00,21.177804790822353
2024-06-16 21:00:00,22.31373979804937
2024-06-16 22:00:00,20.59147012162936
2024-06-16 23:00:00,22.51587051042187
2024-06-17 00:00:00,20.978477387187283
2024-06-17 01:00:00,22.764562462685685
2024-06-17 02:00:00,22.141757174254238
2024-06-17 03:00:00,21.658857825493076
2024-06-17 04:00:00,24.999683897624266
2024-06-17 05:00:00,22.602127377714986
2024-06-17 06:00:00,21.132852296903852
2024-06-17 07:00:00,22.70923055823463
2024-06-17 08:00:00,23.020440965630847
2024-06-17 09:00:00,23.236438226717702
2024-06-17 10:00:00,20.6787392122071
2024-06-17 11:00:00,21.659051397175148
2024-06-17 12:00:00,23.528109406862544
2024-06-17 13:00:00,21.735165516080283
2024-06-17 14:00:00,22.81324083753296
2024-06-17 15:00:00,21.369486763657207
2024-06-17 16:00:00,23.637467874496743
2024-06-17 17:00:00,22.884423316688846
2024-06-17 18:00:00,24.037738095838474
2024-06-17 19:00:00,20.265249975323464
2024-06-17 20:00:00,24.94104962236184
2024-06-17 21:00:00,20.81598595169863
2024-06-17 22:00:00,24.48335891122546
2024-06-17 23:00:00,21.926394177485225
2024-06-18 00:00:00,22.9000040185086
2024-06-18 01:00:00,21.47941487378252
2024-06-18 02:00:00,22.097769145700838
2024-06-18 03:00:00,21.619594650327368
2024-06-18 04:00:00,20.201920852038953
2024-06-18 05:00:00,23.344394514694187
2024-06-18 06:00:00,24.79701563567117
2024-06-18 07:00:00,22.790690919788624
2024-06-18 08:00:00,22.636565527499002
2024-06-18 09:00:00,22.993925573323413
2024-06-18 10:00:00,22.91634039863769
2024-06-18 11:00:00,20.032808959829875
2024-06-18 12:00:00,20.425364400915907
2024-06-18 13:00:00,22.994688702436235
2024-06-18 14:00:00,20.419942103224777
2024-06-18 15:00:00,24.857564229567547
2024-06-18 16:00:00,23.20892701081032
2024-06-18 17:00:00,24.31210716513552
2024-06-18 18:00:00,22.549316239532597
2024-06-18 19:00:00,23.924950296429024
2024-06-18 20:00:00,22.950206883482284
2024-06-18 21:00:00,22.630264661268466
2024-06-18 22:00:00,21.805348706226923
2024-06-18 23:00:00,23.05827504350639
2024-06-19 00:00:00,23.698820683050045
2024-06-19 01:00:00,20.071623227720114
2024-06-19 02:00:00,24.515956217206735
2024-06-19 03:00:00,24.25747337812713
2024-06-19 04:00:00,23.9420198714506
2024-06-19 05:00:00,24.47301544633146
2024-06-19 06:00:00,22.55608283793336
2024-06-19 07:00:00,22.718812039255802
2024-06-19 08:00:00,24.6707845292147
2024-06-19 09:00:00,22.467089296635173
2024-06-19 10:00:00,22.630797361642006
2024-06-19 11:00:00,21.279095659299593
2024-06-19 12:00:00,23.572334829087588
2024-06-19 13:00:00,22.85186716751188
2024-06-19 14:00:00,24.433125366051556
2024-06-19 15:00:00,21.899904009252587
2024-06-19 16:00:00,20.50028383070338
2024-06-19 17:00:00,23.157117466391703
2024-06-19 18:00:00,22.48955631449315
2024-06-19 19:00:00,22.63498930425112
2024-06-19 20:00:00,23.061677371958552
2024-06-19 21:00:00,20.975506171031007
2024-06-19 22:00:00,22.678556782123405
2024-06-19 23:00:00,20.774010614619893
2024-06-20 00:00:00,24.053716263650713
2024-06-20 01:00:00,22.29333226524863
2024-06-20 02:00:00,20.232402135299413
2024-06-20 03:00:00,20.077633278303686
2024-06-20 04:00:00,24.207965880967087
2024-06-20 05:00:00,23.40625229086159
2024-06-20 06:00:00,22.218224195103097
2024-06-20 07:00:00,21.469302839395446
2024-06-20 08:00:00,20.24778673916039
2024-06-20 09:00:00,24.999862655509162
2024-06-20 10:00:00,22.664081446667925
2024-06-20 11:00:00,22.61570249692943
2024-06-20 12:00:00,23.055533858410207
2024-06-20 13:00:00,23.27042274717887
2024-06-20 14:00:00,24.22601541437882
2024-06-20 15:00:00,21.24480599797899
2024-06-20 16:00:00,21.810486516688275
2024-06-20 17:00:00,22.911007693829443
2024-06-20 18:00:00,20.91194995457694
2024-06-20 19:00:00,24.26399012374433
2024-06-20 20:00:00,21.035311688218883
2024-06-20 21:00:00,22.70240674457517
2024-06-20 22:00:00,20.71920584888584
2024-06-20 23:00:00,22.65509802437654
2024-06-21 00:00:00,20.839860322866663
2024-06-21 01:00:00,23.233787384048647
2024-06-21 02:00:00,24.395236829515195
2024-06-21 03:00:00,23.590324027251324
2024-06-21 04:00:00,23.874204144335486
2024-06-21 05:00:00,20.97771902901141
2024-06-21 06:00:00,20.821594614119817
2024-06-21 07:00:00,24.5091609981199
2024-06-21 08:00:00,20.2159109320376
2024-06-21 09:00:00,22.18048511155406
2024-06-21 10:00:00,23.604433677926004
2024-06-21 11:00:00,20.97097778622442
2024-06-21 12:00:00,23.598490046913803
2024-06-21 13:00:00,20.391296194681956
2024-06-21 14:00:00,21.44804700199873
2024-06-21 15:00:00,24.480543889287603
2024-06-21 16:00:00,22.97613970121558
2024-06-21 17:00:00,24.592815183135972
2024-06-21 18:00:00,22.586028584823648
2024-06-21 19:00:00,22.60654453562675
2024-06-21 20:00:00,23.058134561408018
2024-06-21 21:00:00,21.450462116040725
2024-06-21 22:00:00,24.88215601477468
2024-06-21 23:00:00,23.244924064446234
2024-06-22 00:00:00,23.431930229497848
2024-06-22 01:00:00,24.13626878335601
2024-06-22 02:00:00,23.160785363569033
2024-06-22 03:00:00,22.791269309196043
2024-06-22 04:00:00,21.255677238758153
2024-06-22 05:00:00,23.597227550432113
2024-06-22 06:00:00,21.4669349821001
2024-06-22 07:00:00,23.960067514902207
2024-06-22 08:00:00,21.30846787913708
2024-06-22 09:00:00,23.703259538585208
2024-06-22 10:00:00,20.24054201117613
2024-06-22 11:00:00,23.09789807052201
2024-06-22 12:00:00,23.352594557806697
2024-06-22 13:00:00,20.25260780833692
2024-06-22 14:00:00,20.235698743141025
2024-06-22 15:00:00,21.12872429186996
2024-06-22 16:00:00,23.9887097536681
2024-06-22 17:00:00,22.293079145876284
2024-06-22 18:00:00,21.290755621862125
2024-06-22 19:00:00,23.206865310951205
2024-06-22 20:00:00,21.679833467242787
2024-06-22 21:00:00,22.601494803270874
2024-06-22 22:00:00,21.471537815179822
2024-06-22 23:00:00,20.502466471077444
2024-06-23 00:00:00,22.727470928017645
2024-06-23 01:00:00,21.868602309937415
2024-06-23 02:00:00,23.096775940778436
2024-06-23 03:00:00,20.979581481251007
2024-06-23 04:00:00,23.59644830057108
2024-06-23 05:00:00,23.90395981658743
2024-06-23 06:00:00,20.517996882173342
2024-06-23 07:00:00,21.81599923645248
2024-06-23 08:00:00,23.066855568640754
2024-06-23 09:00:00,24.258629577152732
2024-06-23 10:00:00,24.36582640317736
2024-06-23 11:00:00,23.10005930982313
2024-06-23 12:00:00,20.432143803167634
2024-06-23 13:00:00,22.711000049251695
2024-06-23 14:00:00,20.54119036360804
2024-06-23 15:00:00,24.83697044261616
2024-06-23 16:00:00,21.033865994382737
2024-06-23 17:00:00,22.23350622746667
2024-06-23 18:00:00,21.84739429595607
2024-06-23 19:00:00,22.404478697064818
2024-06-23 20:00:00,20.466090833080347
2024-06-23 21:00:00,22.72517000517584
2024-06-23 22:00:00,23.673666910007412
2024-06-23 23:00:00,21.426655925569737
2024-06-24 00:00:00,20.431521730060577
2024-06-24 01:00:00,20.88873649099104
2024-06-24 02:00:00,23.197623291191587
2024-06-24 03:00:00,20.795159030685284
2024-06-24 04:00:00,23.655513950592315
2024-06-24 05:00:00,20.56379601898179
2024-06-24 06:00:00,23.02561005231192
2024-06-24 07:00:00,24.532193397158814
2024-06-24 08:00:00,22.461469368093017
2024-06-24 09:00:00,22.32062636687852
2024-06-24 10:00:00,21.574260290540693
2024-06-24 11:00:00,24.446707920587023
2024-06-24 12:00:00,24.09816819201151
2024-06-24 13:00:00,21.441023756022034
2024-06-24 14:00:00,24.463180011449232
2024-06-24 15:00:00,24.07395800195672
2024-06-24 16:00:00,20.286051635854832
2024-06-24 17:00:00,23.640263172951666
2024-06-24 18:00:00,20.81398777936767
2024-06-24 19:00:00,23.80894591698638
2024-06-24 20:00:00,23.249741883780587
2024-06-24 21:00:00,22.01993847730192
2024-06-24 22:00:00,23.2268070921738
2024-06-24 23:00:00,20.109033434525312
2024-06-25 00:00:00,23.307903151755806
2024-06-25 01:00:00,21.66515847368751
2024-06-25 02:00:00,21.680973914669774
2024-06-25 03:00:00,22.519924226159358
2024-06-25 04:00:00,23.486393716368788
2024-06-25 05:00:00,21.668631586781114
2024-06-25 06:00:00,24.20316867688925
2024-06-25 07:00:00,21.093536567058862
2024-06-25 08:00:00,24.844148558426703
2024-06-25 09:00:00,22.62870755961501
2024-06-25 10:00:00,23.639685437832377
2024-06-25 11:00:00,21.0870519244708
2024-06-25 12:00:00,24.29496673808346
2024-06-25 13:00:00,24.047208763890602
2024-06-25 14:00:00,24.99526150671423
2024-06-25 15:00:00,22.79377106524726
2024-06-25 16:00:00,24.173926584325184
2024-06-25 17:00:00,21.022730630982903
2024-06-25 18:00:00,24.361641759771516
2024-06-25 19:00:00,23.692971882937677
2024-06-25 20:00:00,24.927587734022303
2024-06-25 21:00:00,22.40958333893019
2024-06-25 22:00:00,21.677847236109375
2024-06-25 23:00:00,24.803896850262106
2024-06-26 00:00:00,20.25668153722733
2024-06-26 01:00:00,21.405322797275826
2024-06-26 02:00:00,24.982012391507546
2024-06-26 03:00:00,23.01204797682429
2024-06-26 04:00:00,22.348234523283516
2024-06-26 05:00:00,22.13980263138016
2024-06-26 06:00:00,20.37320809747343
2024-06-26 07:00:00,23.291723956718016
2024-06-26 08:00:00,21.446412360970182
2024-06-26 09:00:00,22.689325399869485
2024-06-26 10:00:00,23.088526330900994
2024-06-26 11:00:00,20.080382860658666
2024-06-26 12:00:00,23.08122182229564
2024-06-26 13:00:00,24.049923058739488
2024-06-26 14:00:00,24.290567542525874
2024-06-26 15:00:00,23.68578583918307
2024-06-26 16:00:00,24.610118762576253
2024-06-26 17:00:00,24.9724277803674
2024-06-26 18:00:00,22.290606666131346
2024-06-26 19:00:00,20.56090383283512
2024-06-26 20:00:00,20.70105548777071
2024-06-26 21:00:00,24.28174489319257
2024-06-26 22:00:00,20.83212466390686
2024-06-26 23:00:00,23.820206750210858
2024-06-27 00:00:00,22.08943008778593
2024-06-27 01:00:00,22.24657543851513
2024-06-27 02:00:00,24.482928930705594
2024-06-27 03:00:00,23.6970892687483
2024-06-27 04:00:00,20.76783941098612
2024-06-27 05:00:00,21.219997813532764
2024-06-27 06:00:00,24.903738561511865
2024-06-27 07:00:00,22.081184209008335
2024-06-27 08:00:00,20.924447103124688
2024-06-27 09:00:00,22.073951931284785
2024-06-27 10:00:00,24.664258852737486
2024-06-27 11:00:00,21.050081877962917
2024-06-27 12:00:00,23.225020445933843
2024-06-27 13:00:00,20.34641646229426
2024-06-27 14:00:00,23.224593814727683
2024-06-27 15:00:00,20.177285442479516
2024-06-27 16:00:00,22.49272483700487
2024-06-27 17:00:00,21.54460042129042
2024-06-27 18:00:00,23.020903578098586
2024-06-27 19:00:00,22.50020095531285
2024-06-27 20:00:00,22.77413015643903
2024-06-27 21:00:00,22.842162122798175
2024-06-27 22:00:00,21.68979477641326
2024-06-27 23:00:00,22.57308966272538
2024-06-28 00:00:00,24.94304264105451
2024-06-28 01:00:00,22.00219400781004
2024-06-28 02:00:00,23.339946040013817
2024-06-28 03:00:00,23.489553751555714
2024-06-28 04:00:00,23.711066438931567
2024-06-28 05:00:00,24.96757243970998
2024-06-28 06:00:00,23.510549579267355
2024-06-28 07:00:00,24.737815145197203
2024-06-28 08:00:00,22.951290987327862
2024-06-28 09:00:00,24.77205126343582
2024-06-28 10:00:00,22.362656654036673
2024-06-28 11:00:00,24.514393456650048
2024-06-28 12:00:00,22.75763745004033
2024-06-28 13:00:00,24.217685364469737
2024-06-28 14:00:00,24.777747559955696
2024-06-28 15:00:00,22.913723958281146
2024-06-28 16:00:00,21.603413186711524
2024-06-28 17:00:00,24.126312132551035
2024-06-28 18:00:00,23.87676693357478
2024-06-28 19:00:00,24.55160435461227
2024-06-28 20:00:00,21.075110272064443
2024-06-28 21:00:00,23.58289315743955
2024-06-28 22:00:00,22.112107262906676
2024-06-28 23:00:00,24.533411113607258
2024-06-29 00:00:00,23.040415303495706
2024-06-29 01:00:00,23.34711633722117
2024-06-29 02:00:00,20.651526249931194
2024-06-29 03:00:00,24.869960935768614
2024-06-29 04:00:00,21.782967936535425
2024-06-29 05:00:00,24.852848023676557
2024-06-29 06:00:00,24.471357291072806
2024-06-29 07:00:00,20.213444979841878
2024-06-29 08:00:00,20.801007378105755
2024-06-29 09:00:00,22.319578994800633
2024-06-29 10:00:00,24.795882699541313
2024-06-29 11:00:00,21.739009298653897
2024-06-29 12:00:00,23.39185908461775
2024-06-29 13:00:00,20.597540911956678
2024-06-29 14:00:00,24.183878562490207
2024-06-29 15:00:00,22.92800639380527
2024-06-29 16:00:00,22.173680311264402
2024-06-29 17:00:00,21.9160037138939
2024-06-29 18:00:00,21.293851845778192
2024-06-29 19:00:00,20.306419428454422
2024-06-29 20:00:00,24.196353591647398
2024-06-29 21:00:00,20.037912657110763
2024-06-29 22:00:00,21.67326368379664
2024-06-29 23:00:00,23.13001486644663
2024-06-30 00:00:00,23.403692410606304
2024-06-30 01:00:00,20.08037260734432
2024-06-30 02:00:00,23.174496490529354
2024-06-30 03:00:00,24.64792931882669
2024-06-30 04:00:00,23.16984349453581
2024-06-30 05:00:00,21.707144670641817
2024-06-30 06:00:00,22.770871709419147
2024-06-30 07:00:00,22.62807752158899
2024-06-30 08:00:00,22.31490345912633
2024-06-30 09:00:00,20.97001809967984
2024-06-30 10:00:00,22.29683237650615
2024-06-30 11:00:00,21.2144481999003
2024-06-30 12:00:00,24.76252445290091
2024-06-30 13:00:00,23.974790249170145
2024-06-30 14:00:00,20.92356677109489
2024-06-30 15:00:00,24.40545300978144
2024-06-30 16:00:00,23.975805467765063
2024-06-30 17:00:00,20.763039689201054
2024-06-30 18:00:00,22.68842492940964
2024-06-30 19:00:00,22.959730285490394
2024-06-30 20:00:00,21.696714301902695
2024-06-30 21:00:00,22.77715571435344
2024-06-30 22:00:00,20.11081769374124
2024-06-30 23:00:00,20.197565825832633
2024-07-01 00:00:00,24.252378645149932
2024-07-01 01:00:00,22.648301788251704
2024-07-01 02:00:00,21.263456906642794
2024-07-01 03:00:00,24.162849295516715
2024-07-01 04:00:00,23.016321891897974
2024-07-01 05:00:00,22.86295178081431
2024-07-01 06:00:00,21.482424182578765
2024-07-01 07:00:00,20.973739128693705
2024-07-01 08:00:00,22.6322309383399
2024-07-01 09:00:00,23.858708142656166
2024-07-01 10:00:00,23.50516431460592
2024-07-01 11:00:00,22.891248098290706
2024-07-01 12:00:00,22.768187236755338
2024-07-01 13:00:00,22.381334910825007
2024-07-01 14:00:00,21.301294269829427
2024-07-01 15:00:00,23.54165042375985
2024-07-01 16:00:00,22.887625169798447
2024-07-01 17:00:00,23.753985569540333
2024-07-01 18:00:00,24.79999296741992
2024-07-01 19:00:00,20.876394957833654
2024-07-01 20:00:00,20.883202461179334
2024-07-01 21:00:00,21.509113398069513
2024-07-01 22:00:00,20.31952200867903
2024-07-01 23:00:00,22.022257131919815
2024-07-02 00:00:00,21.484069482118475
2024-07-02 01:00:00,21.850303823273784
2024-07-02 02:00:00,23.289971914586257
2024-07-02 03:00:00,22.695499067027924
2024-07-02 04:00:00,22.577454188269705
2024-07-02 05:00:00,20.594367039562727
2024-07-02 06:00:00,23.96696477750437
2024-07-02 07:00:00,24.931027581892224
2024-07-02 08:00:00,23.41915244307426
2024-07-02 09:00:00,23.505329466328348
2024-07-02 10:00:00,23.666678305817307
2024-07-02 11:00:00,24.878405546828073
2024-07-02 12:00:00,21.854838016200173
2024-07-02 13:00:00,20.26690523504493
2024-07-02 14:00:00,22.60631477827236
2024-07-02 15:00:00,24.81662091359766
2024-07-02 16:00:00,22.454732511003698
2024-07-02 17:00:00,24.381687849013836
2024-07-02 18:00:00,20.195583038711785
2024-07-02 19:00:00,20.541289292098536
2024-07-02 20:00:00,21.565594199390414
2024-07-02 21:00:00,23.005903701259868
2024-07-02 22:00:00,22.059742106922542
2024-07-02 23:00:00,21.050368745897877
2024-07-03 00:00:00,22.745769464379887
2024-07-03 01:00:00,21.786977710971044
2024-07-03 02:00:00,20.767974023273993
2024-07-03 03:00:00,24.553567697421588
2024-07-03 04:00:00,22.30845491969847
2024-07-03 05:00:00,23.95660250819083
2024-07-03 06:00:00,24.61053254843894
2024-07-03 07:00:00,24.929526793979274
2024-07-03 08:00:00,20.327489004176734
2024-07-03 09:00:00,22.419038814753936
2024-07-03 10:00:00,23.68396337706453
2024-07-03 11:00:00,23.463214869805427
2024-07-03 12:00:00,24.155522217278712
2024-07-03 13:00:00,24.284808749164696
2024-07-03 14:00:00,21.659725647266516
2024-07-03 15:00:00,22.619494520673577
2024-07-03 16:00:00,20.519179519404876
2024-07-03 17:00:00,21.171903936594568
2024-07-03 18:00:00,23.078454248312312
2024-07-03 19:00:00,21.304109140037617
2024-07-03 20:00:00,21.715007727807706
2024-07-03 21:00:00,22.307400318439495
2024-07-03 22:00:00,23.83922815111355
2024-07-03 23:00:00,24.13488588345721
2024-07-04 00:00:00,21.103793745198015
2024-07-04 01:00:00,20.157856146059427
2024-07-04 02:00:00,22.740892731636528
2024-07-04 03:00:00,24.680500838743797
2024-07-04 04:00:00,20.206948776135327
2024-07-04 05:00:00,20.722544693763258
2024-07-04 06:00:00,20.548935512372452
2024-07-04 07:00:00,23.012605998882815
2024-07-04 08:00:00,24.658212715360598
2024-07-04 09:00:00,21.541088607745223
2024-07-04 10:00:00,24.411671811555294
2024-07-04 11:00:00,21.224755932205284
2024-07-04 12:00:00,23.68827547351952
2024-07-04 13:00:00,20.847981036668465
2024-07-04 14:00:00,24.530922292781376
2024-07-04 15:00:00,24.129512102272578
2024-07-04 16:00:00,20.552962678492776
2024-07-04 17:00:00,21.428731447084086
2024-07-04 18:00:00,21.41614198034827
2024-07-04 19:00:00,21.450356146441763
2024-07-04 20:00:00,20.532458739522486
2024-07-04 21:00:00,24.904517170082052
2024-07-04 22:00:00,22.50707501443535
2024-07-04 23:00:00,22.779079025993973
2024-07-05 00:00:00,23.35729133250841
2024-07-05 01:00:00,23.001641612454705
2024-07-05 02:00:00,24.06866689598904
2024-07-05 03:00:00,21.519658717604255
2024-07-05 04:00:00,22.627448997725086
2024-07-05 05:00:00,23.097854180860196
2024-07-05 06:00:00,20.573703988153138
2024-07-05 07:00:00,24.245104567619748
2024-07-05 08:00:00,20.762209449952426
2024-07-05 09:00:00,24.94811459989207
2024-07-05 10:00:00,21.126923215538568
2024-07-05 11:00:00,22.811080673023106
2024-07-05 12:00:00,20.57533829632096
2024-07-05 13:00:00,24.406007222650132
2024-07-05 14:00:00,23.047925486631673
2024-07-05 15:00:00,24.870279592129194
2024-07-05 16:00:00,23.97789788187091
2024-07-05 17:00:00,22.664188461130866
2024-07-05 18:00:00,21.88163741107949
2024-07-05 19:00:00,23.46878235772835
2024-07-05 20:00:00,23.02849732176362
2024-07-05 21:00:00,20.922904934304817
2024-07-05 22:00:00,23.131916873314907
2024-07-05 23:00:00,21.81068230447183
2024-07-06 00:00:00,20.482528025226184
2024-07-06 01:00:00,23.136551701064057
2024-07-06 02:00:00,21.39739072500314
2024-07-06 03:00:00,20.456735528505124
2024-07-06 04:00:00,20.419384311784842
2024-07-06 05:00:00,24.0820137678775
2024-07-06 06:00:00,21.547773546987855
2024-07-06 07:00:00,20.82690559478429
2024-07-06 08:00:00,22.029271611131268
2024-07-06 09:00:00,23.062282938572096
2024-07-06 10:00:00,20.468629734378418
2024-07-06 11:00:00,22.71565985942371
2024-07-06 12:00:00,23.300771762737764
2024-07-06 13:00:00,20.86156624261991
2024-07-06 14:00:00,23.6023481929494
2024-07-06 15:00:00,23.81702702950465
2024-07-06 16:00:00,23.20613609328378
2024-07-06 17:00:00,24.07002301111181
2024-07-06 18:00:00,24.020181832092405
2024-07-06 19:00:00,23.13042834361299
2024-07-06 20:00:00,22.564971948557623
2024-07-06 21:00:00,21.177337471633578
2024-07-06 22:00:00,24.12505234830916
2024-07-06 23:00:00,24.237944226583572
2024-07-07 00:00:00,21.546427313274688
2024-07-07 01:00:00,22.52980411220821
2024-07-07 02:00:00,24.838305805579473
2024-07-07 03:00:00,20.834440645956025
2024-07-07 04:00:00,24.377469037202
2024-07-07 05:00:00,24.379251424558525
2024-07-07 06:00:00,22.113661465859064
2024-07-07 07:00:00,23.04128890931851
2024-07-07 08:00:00,20.448085029555067
2024-07-07 09:00:00,21.211513063577772
2024-07-07 10:00:00,22.275302340304346
2024-07-07 11:00:00,23.38302335672017
2024-07-07 12:00:00,21.39707975472822
2024-07-07 13:00:00,21.692819022741652
2024-07-07 14:00:00,24.109720423494704
2024-07-07 15:00:00,23.971472592115372
2024-07-07 16:00:00,22.683501873323177
2024-07-07 17:00:00,22.635158023666413
2024-07-07 18:00:00,20.979316321443118
2024-07-07 19:00:00,23.515395173796772
2024-07-07 20:00:00,23.688964172654476
2024-07-07 21:00:00,22.417782432006607
2024-07-07 22:00:00,22.125429865891366
2024-07-07 23:00:00,20.402236607227042
2024-07-08 00:00:00,23.5296619907979
2024-07-08 01:00:00,23.974316688993486
2024-07-08 02:00:00,23.141935249197754
2024-07-08 03:00:00,22.894059766920712
2024-07-08 04:00:00,21.631157358631132
2024-07-08 05:00:00,24.182978327272277
2024-07-08 06:00:00,20.54187757608096
2024-07-08 07:00:00,24.947859227622523
2024-07-08 08:00:00,23.073918238478576
2024-07-08 09:00:00,21.560017043677803
2024-07-08 10:00:00,23.827341395505204
2024-07-08 11:00:00,23.111293246774913
2024-07-08 12:00:00,20.575863308511792
2024-07-08 13:00:00,22.63171309899741
2024-07-08 14:00:00,20.041115245463356
2024-07-08 15:00:00,23.682336647579056
2024-07-08 16:00:00,20.77338038047383
2024-07-08 17:00:00,22.075739225922902
2024-07-08 18:00:00,22.80741980345614
2024-07-08 19:00:00,23.20263704430496
2024-07-08 20:00:00,20.344329686415477
2024-07-08 21:00:00,20.24446877182296
2024-07-08 22:00:00,23.79255818013833
2024-07-08 23:00:00,20.441594447460226
2024-07-09 00:00:00,21.36228261561953
2024-07-09 01:00:00,22.68155338296735
2024-07-09 02:00:00,24.002560684575556
2024-07-09 03:00:00,23.77640138394666
2024-07-09 04:00:00,24.735154870260057
2024-07-09 05:00:00,22.15578244246467
2024-07-09 06:00:00,23.804634870016862
2024-07-09 07:00:00,22.09299963823232
2024-07-09 08:00:00,21.6071575588865
2024-07-09 09:00:00,24.282490472438266
2024-07-09 10:00:00,20.859765703180845
2024-07-09 11:00:00,20.122513828825223
2024-07-09 12:00:00,20.729120414221445
2024-07-09 13:00:00,21.275221514786075
2024-07-09 14:00:00,23.825992752936287
2024-07-09 15:00:00,21.618159930415786
2024-07-09 16:00:00,20.301709927015356
2024-07-09 17:00:00,24.047221262926048
2024-07-09 18:00:00,21.92248426068867
2024-07-09 19:00:00,23.394214937951094
2024-07-09 20:00:00,21.800970699498475
2024-07-09 21:00:00,24.12254736698725
2024-07-09 22:00:00,22.911964496525435
2024-07-09 23:00:00,21.514109289308443
2024-07-10 00:00:00,20.603356707328313
2024-07-10 01:00:00,24.788765222298224
2024-07-10 02:00:00,22.961304780828424
2024-07-10 03:00:00,23.078329377411624
2024-07-10 04:00:00,23.46910305536779
2024-07-10 05:00:00,21.451222077778652
2024-07-10 06:00:00,22.728172458081335
2024-07-10 07:00:00,23.260472347217995
2024-07-10 08:00:00,20.721441428355426
2024-07-10 09:00:00,22.76816851550209
2024-07-10 10:00:00,24.770902470411723
2024-07-10 11:00:00,21.285068556756215
2024-07-10 12:00:00,22.327212522545675
2024-07-10 13:00:00,23.35985994311291
2024-07-10 14:00:00,23.885761551981894
2024-07-10 15:00:00,20.30283752058821
2024-07-10 16:00:00,20.68500200277612
2024-07-10 17:00:00,23.99193438817496
2024-07-10 18:00:00,21.79083263032243
2024-07-10 19:00:00,22.198828585752008
2024-07-10 20:00:00,24.13025562458071
2024-07-10 21:00:00,23.50210291294584
2024-07-10 22:00:00,24.100453079328634
2024-07-10 23:00:00,22.515998284086102
2024-07-11 00:00:00,21.697929854332223
2024-07-11 01:00:00,24.319153578316673
2024-07-11 02:00:00,24.8316471026462
2024-07-11 03:00:00,20.38577471558249
2024-07-11 04:00:00,24.590239615447203
2024-07-11 05:00:00,23.776003944655056
2024-07-11 06:00:00,21.258898431426395
2024-07-11 07:00:00,20.252727070771805
2024-07-11 08:00:00,23.23769586511344
2024-07-11 09:00:00,23.585195375627954
2024-07-11 10:00:00,24.121305276610126
2024-07-11 11:00:00,24.22728780597721
2024-07-11 12:00:00,24.156329335182406
2024-07-11 13:00:00,20.150807788312157
2024-07-11 14:00:00,23.776821620732978
2024-07-11 15:00:00,24.11023592983211
2024-07-11 16:00:00,21.03966305392184
2024-07-11 17:00:00,22.859105003993598
2024-07-11 18:00:00,20.43366936541404
2024-07-11 19:00:00,20.863225086365553
2024-07-11 20:00:00,20.072194148207625
2024-07-11 21:00:00,20.577037210010634
2024-07-11 22:00:00,24.88088251948618
2024-07-11 23:00:00,21.95436191865244
2024-07-12 00:00:00,20.502176166023542
2024-07-12 01:00:00,22.610697241014726
2024-07-12 02:00:00,24.96276664219901
2024-07-12 03:00:00,21.18840269106076
2024-07-12 04:00:00,23.38376241026105
2024-07-12 05:00:00,21.859199827964108
2024-07-12 06:00:00,20.945245100232075
2024-07-12 07:00:00,21.789547545623392
2024-07-12 08:00:00,22.4166130700082
2024-07-12 09:00:00,23.509066162856048
2024-07-12 10:00:00,22.707445935336846
2024-07-12 11:00:00,21.957417419279096
2024-07-12 12:00:00,24.12799525005518
2024-07-12 13:00:00,20.150863378050648
2024-07-12 14:00:00,24.63167848642555
2024-07-12 15:00:00,22.94264964765679
2024-07-12 16:00:00,20.96009382430056
2024-07-12 17:00:00,24.5208375814856
2024-07-12 18:00:00,22.68454859912063
2024-07-12 19:00:00,22.519063459629514
2024-07-12 20:00:00,22.93152641573257
2024-07-12 21:00:00,22.692981570213462
2024-07-12 22:00:00,23.788441235754807
2024-07-12 23:00:00,23.436472665531404
2024-07-13 00:00:00,20.669852277833243
2024-07-13 01:00:00,24.2768418100252
2024-07-13 02:00:00,23.53858206447171
2024-07-13 03:00:00,20.968366303273278
2024-07-13 04:00:00,21.51201830854916
2024-07-13 05:00:00,21.560403069982016
2024-07-13 06:00:00,24.235710875850117
2024-07-13 07:00:00,22.649812207576858
2024-07-13 08:00:00,22.50557773482732
2024-07-13 09:00:00,22.56280209447503
2024-07-13 10:00:00,22.48264096330056
2024-07-13 11:00:00,24.696913464541197
2024-07-13 12:00:00,20.877596200064453
2024-07-13 13:00:00,24.800747865972287
2024-07-13 14:00:00,24.856704533590907
2024-07-13 15:00:00,23.765114969003236
2024-07-13 16:00:00,24.022020493792176
2024-07-13 17:00:00,22.602851755354862
2024-07-13 18:00:00,21.943163039717643
2024-07-13 19:00:00,24.32703212063369
2024-07-13 20:00:00,22.337888301273242
2024-07-13 21:00:00,20.971939461875216
2024-07-13 22:00:00,23.337778256107583
2024-07-13 23:00:00,20.101651879326027
2024-07-14 00:00:00,24.468699342741083
2024-07-14 01:00:00,20.442458070636263
2024-07-14 02:00:00,21.172756023863414
2024-07-14 03:00:00,20.793312755751508
2024-07-14 04:00:00,24.83550139822115
2024-07-14 05:00:00,24.075504079342537
2024-07-14 06:00:00,21.66528690222544
2024-07-14 07:00:00,24.609125944743116
2024-07-14 08:00:00,21.287491354574385
2024-07-14 09:00:00,21.411441858531255
2024-07-14 10:00:00,20.00707617825476
2024-07-14 11:00:00,24.073502703221585
2024-07-14 12:00:00,22.100284845476516
2024-07-14 13:00:00,20.076735553578096
2024-07-14 14:00:00,23.780164951136797
2024-07-14 15:00:00,23.86429857143425
2024-07-14 16:00:00,22.42961688398757
2024-07-14 17:00:00,20.5770718850221
2024-07-14 18:00:00,24.919124837537417
2024-07-14 19:00:00,20.449023112874062
2024-07-14 20:00:00,23.710785593817615
2024-07-14 21:00:00,20.71760542996008
2024-07-14 22:00:00,21.909976168564906
2024-07-14 23:00:00,21.890828560306513
2024-07-15 00:00:00,23.301312730311786
2024-07-15 01:00:00,23.708189521770066
2024-07-15 02:00:00,20.342250998232306
2024-07-15 03:00:00,24.066600612459744
2024-07-15 04:00:00,24.77953138930264
2024-07-15 05:00:00,22.94708336696537
2024-07-15 06:00:00,20.505982615038846
2024-07-15 07:00:00,21.249637534477895
2024-07-15 08:00:00,24.764207941883853
2024-07-15 09:00:00,22.908146719235518
2024-07-15 10:00:00,21.23247939520559
2024-07-15 11:00:00,20.313656169047015
2024-07-15 12:00:00,20.81726141638824
2024-07-15 13:00:00,24.127918839214143
2024-07-15 14:00:00,23.83433622645179
2024-07-15 15:00:00,24.312688749804476
2024-07-15 16:00:00,23.243565089181175
2024-07-15 17:00:00,21.909472197099998
2024-07-15 18:00:00,23.8898885664372
2024-07-15 19:00:00,22.22667235228527
2024-07-15 20:00:00,24.281599293813816
2024-07-15 21:00:00,23.78784900697636
2024-07-15 22:00:00,23.002950717466163
2024-07-15 23:00:00,20.077279622467724
2024-07-16 00:00:00,23.717113209592295
2024-07-16 01:00:00,21.034357219852534
2024-07-16 02:00:00,23.25126495217429
2024-07-16 03:00:00,23.14103847915752
2024-07-16 04:00:00,23.30278257448956
2024-07-16 05:00:00,22.870626795371194
2024-07-16 06:00:00,22.306293683023885
2024-07-16 07:00:00,24.600807998091632
2024-07-16 08:00:00,24.47930741535521
2024-07-16 09:00:00,23.433929845991987
2024-07-16 10:00:00,22.083160225917645
2024-07-16 11:00:00,23.417628606587893
2024-07-16 12:00:00,23.843472653744882
2024-07-16 13:00:00,23.761004635109128
2024-07-16 14:00:00,22.171547987686374
2024-07-16 15:00:00,22.004930025823196
2024-07-16 16:00:00,21.682240191546285
2024-07-16 17:00:00,24.118453491234852
2024-07-16 18:00:00,24.598819765306725
2024-07-16 19:00:00,23.964951461874453
2024-07-16 20:00:00,24.698675494655745
2024-07-16 21:00:00,20.653365970252263
2024-07-16 22:00:00,20.04807135319122
2024-07-16 23:00:00,23.490326726986183
2024-07-17 00:00:00,24.327227276271948
2024-07-17 01:00:00,21.936508674376384
2024-07-17 02:00:00,23.590328491152963
2024-07-17 03:00:00,21.289514285627334
2024-07-17 04:00:00,21.162820099257004
2024-07-17 05:00:00,24.918120639746025
2024-07-17 06:00:00,20.82164664439505
2024-07-17 07:00:00,20.95579124019765
2024-07-17 08:00:00,21.682883552067647
2024-07-17 09:00:00,20.22700018139792
2024-07-17 10:00:00,21.130428344514655
2024-07-17 11:00:00,23.571996922284285
2024-07-17 12:00:00,23.405076224849736
2024-07-17 13:00:00,23.312450611128842
2024-07-17 14:00:00,24.914440580328133
2024-07-17 15:00:00,24.332990102429026
2024-07-17 16:00:00,21.99632054979396
2024-07-17 17:00:00,23.394103815232395
2024-07-17 18:00:00,21.423293576271373
2024-07-17 19:00:00,23.62290890951285
2024-07-17 20:00:00,22.90452379959398
2024-07-17 21:00:00,22.127228440660648
2024-07-17 22:00:00,23.46588088405835
2024-07-17 23:00:00,23.450221213562276
2024-07-18 00:00:00,22.328988578852833
2024-07-18 01:00:00,20.65859383834336
2024-07-18 02:00:00,22.20395215627208
2024-07-18 03:00:00,21.71052151185365
2024-07-18 04:00:00,21.422520105300364
2024-07-18 05:00:00,22.28038599875129
2024-07-18 06:00:00,22.963181612333447
2024-07-18 07:00:00,22.2783173567204
2024-07-18 08:00:00,24.09918413631215
2024-07-18 09:00:00,20.5654274601575
2024-07-18 10:00:00,21.84680409410542
2024-07-18 11:00:00,22.031307362326327
2024-07-18 12:00:00,21.19927222658872
2024-07-18 13:00:00,22.113733211657767
2024-07-18 14:00:00,24.424444429627652
2024-07-18 15:00:00,22.763604440974287
2024-07-18 16:00:00,22.98518111667656
2024-07-18 17:00:00,20.432822472280574
2024-07-18 18:00:00,22.784258922451254
2024-07-18 19:00:00,24.768160065938098
2024-07-18 20:00:00,24.96813217309627
2024-07-18 21:00:00,21.521104974680515
2024-07-18 22:00:00,22.460194129017353
2024-07-18 23:00:00,23.360773012211165
2024-07-19 00:00:00,22.985015788298433
2024-07-19 01:00:00,20.241418169617315
2024-07-19 02:00:00,22.945765076258542
2024-07-19 03:00:00,24.469953231380593
2024-07-19 04:00:00,23.91787397464953
2024-07-19 05:00:00,21.261889667151074
2024-07-19 06:00:00,24.766583619905774
2024-07-19 07:00:00,22.15140500272077
2024-07-19 08:00:00,22.59484559906114
2024-07-19 09:00:00,23.37115583870138
2024-07-19 10:00:00,20.684001749881052
2024-07-19 11:00:00,23.30962045014876
2024-07-19 12:00:00,23.252820583607434
2024-07-19 13:00:00,22.24804655301505
2024-07-19 14:00:00,20.403875205495737
2024-07-19 15:00:00,23.0970552979925
2024-07-19 16:00:00,23.049515259494267
2024-07-19 17:00:00,22.572069811880535
2024-07-19 18:00:00,24.71715852775229
2024-07-19 19:00:00,24.725019665834935
2024-07-19 20:00:00,23.623991479920072
2024-07-19 21:00:00,23.948005308637484
2024-07-19 22:00:00,21.88722835139977
2024-07-19 23:00:00,23.03014503765076
2024-07-20 00:00:00,24.638531354138482
2024-07-20 01:00:00,23.855249876392094
2024-07-20 02:00:00,23.28888805991821
2024-07-20 03:00:00,22.47734122968169
2024-07-20 04:00:00,21.72945712675276
2024-07-20 05:00:00,24.83966445469233
2024-07-20 06:00:00,20.139652846638647
2024-07-20 07:00:00,20.31538767070025
2024-07-20 08:00:00,22.149298727516367
2024-07-20 09:00:00,20.105882794736633
2024-07-20 10:00:00,21.344189239745436
2024-07-20 11:00:00,23.671143147233348
2024-07-20 12:00:00,21.94521455393598
2024-07-20 13:00:00,20.54235983017148
2024-07-20 14:00:00,23.298794973094367
2024-07-20 15:00:00,22.713898572377587
2024-07-20 16:00:00,21.28208572191658
2024-07-20 17:00:00,21.62998424398993
2024-07-20 18:00:00,21.59770924578293
2024-07-20 19:00:00,20.93108362112714
2024-07-20 20:00:00,22.14335963343721
2024-07-20 21:00:00,21.878176049832614
2024-07-20 22:00:00,20.373885861105272
2024-07-20 23:00:00,22.714361771579984
2024-07-21 00:00:00,22.55360570733276
2024-07-21 01:00:00,21.130095412818417
2024-07-21 02:00:00,20.71099016571292
2024-07-21 03:00:00,21.57365111411477
2024-07-21 04:00:00,20.533453665577145
2024-07-21 05:00:00,20.600236387390876
2024-07-21 06:00:00,20.791402147848473
2024-07-21 07:00:00,24.816444047876338
2024-07-21 08:00:00,21.2069530756656
2024-07-21 09:00:00,20.832296169619827
2024-07-21 10:00:00,20.571167569123606
2024-07-21 11:00:00,23.28638797941239
2024-07-21 12:00:00,23.403600198044852
2024-07-21 13:00:00,22.009606022114653
2024-07-21 14:00:00,24.140555016564264
2024-07-21 15:00:00,24.101023594526502
2024-07-21 16:00:00,22.864010113674297
2024-07-21 17:00:00,24.800732036818523
2024-07-21 18:00:00,24.3532618480669
2024-07-21 19:00:00,23.547567570467727
2024-07-21 20:00:00,23.682504430501965
2024-07-21 21:00:00,24.50512109362898
2024-07-21 22:00:00,22.806630167461847
2024-07-21 23:00:00,23.404574700216056
2024-07-22 00:00:00,23.532011989518615
2024-07-22 01:00:00,24.523676857523
2024-07-22 02:00:00,22.394987522010897
2024-07-22 03:00:00,24.059501629393836
2024-07-22 04:00:00,20.83518752563394
2024-07-22 05:00:00,23.664647616199336
2024-07-22 06:00:00,21.16491185859818
2024-07-22 07:00:00,20.376564468589443
2024-07-22 08:00:00,21.414773625137958
2024-07-22 09:00:00,23.61733089733041
2024-07-22 10:00:00,24.182141911146857
2024-07-22 11:00:00,20.689606447528714
2024-07-22 12:00:00,24.843337188849553
2024-07-22 13:00:00,20.475352342027023
2024-07-22 14:00:00,23.83155819574457
2024-07-22 15:00:00,22.855939327920748
2024-07-22 16:00:00,22.234387765129078
2024-07-22 17:00:00,21.34701667685595
2024-07-22 18:00:00,23.37184305182178
2024-07-22 19:00:00,21.476741420997556
2024-07-22 20:00:00,21.625324481583757
2024-07-22 21:00:00,22.67548436654087
2024-07-22 22:00:00,22.36261782722015
2024-07-22 23:00:00,20.941520342771305
2024-07-23 00:00:00,23.988512143530123
2024-07-23 01:00:00,21.079613879426795
2024-07-23 02:00:00,21.8767895232827
2024-07-23 03:00:00,23.296988171369865
2024-07-23 04:00:00,22.60419974514032
2024-07-23 05:00:00,21.05337953064512
2024-07-23 06:00:00,23.834647724915676
2024-07-23 07:00:00,23.221409969652576
2024-07-23 08:00:00,24.80754646224552
2024-07-23 09:00:00,22.580824438343328
2024-07-23 10:00:00,21.7339422416095
2024-07-23 11:00:00,24.342747666828718
2024-07-23 12:00:00,21.16313671940808
2024-07-23 13:00:00,21.587234385179773
2024-07-23 14:00:00,23.463216192163696
2024-07-23 15:00:00,20.900693042947303
2024-07-23 16:00:00,23.165123954165256
2024-07-23 17:00:00,23.03989813362493
2024-07-23 18:00:00,21.763806689656363
2024-07-23 19:00:00,23.04106100849353
2024-07-23 20:00:00,23.973827736452968
2024-07-23 21:00:00,24.482637522025676
2024-07-23 22:00:00,22.265605868972813
2024-07-23 23:00:00,21.072335508083587
2024-07-24 00:00:00,21.001286676009684
2024-07-24 01:00:00,20.66252841509481
2024-07-24 02:00:00,21.938094463044578
2024-07-24 03:00:00,24.28142780758068
2024-07-24 04:00:00,21.36081898881428
2024-07-24 05:00:00,22.43650877496845
2024-07-24 06:00:00,21.34672677174927
2024-07-24 07:00:00,23.78413081888728
2024-07-24 08:00:00,23.730951900199276
2024-07-24 09:00:00,23.286398716636587
2024-07-24 10:00:00,24.303360215876957
2024-07-24 11:00:00,20.576948650051563
2024-07-24 12:00:00,20.853124335650975
2024-07-24 13:00:00,20.06038110749985
2024-07-24 14:00:00,21.100289119756788
2024-07-24 15:00:00,24.685359680551034
2024-07-24 16:00:00,21.122133441315032
2024-07-24 17:00:00,23.341652545683985
2024-07-24 18:00:00,22.259883419902053
2024-07-24 19:00:00,24.87150468501136
2024-07-24 20:00:00,24.522070047152596
2024-07-24 21:00:00,23.09753177055097
2024-07-24 22:00:00,20.06056379938916
2024-07-24 23:00:00,24.722012826310397
2024-07-25 00:00:00,23.284365727199372
2024-07-25 01:00:00,20.76602515175164
2024-07-25 02:00:00,20.7438125668159
2024-07-25 03:00:00,23.716325077037233
2024-07-25 04:00:00,23.962594622321426
2024-07-25 05:00:00,21.142283090988265
2024-07-25 06:00:00,21.486380554143825
2024-07-25 07:00:00,22.861847990738926
2024-07-25 08:00:00,23.13607359374573
2024-07-25 09:00:00,22.780259467781924
2024-07-25 10:00:00,24.521389657404477
2024-07-25 11:00:00,24.58427699025104
2024-07-25 12:00:00,24.225191993904005
2024-07-25 13:00:00,24.464026827418536
2024-07-25 14:00:00,22.480936857632784
2024-07-25 15:00:00,20.54331618180548
2024-07-25 16:00:00,23.789903891471507
2024-07-25 17:00:00,24.133026125158565
2024-07-25 18:00:00,23.795266838742272
2024-07-25 19:00:00,20.781232555815308
2024-07-25 20:00:00,23.860510908240858
2024-07-25 21:00:00,21.785340863380313
2024-07-25 22:00:00,24.285000255120437
2024-07-25 23:00:00,22.85143440836601
2024-07-26 00:00:00,23.232397194835066
2024-07-26 01:00:00,21.63247491287657
2024-07-26 02:00:00,22.611993971435933
2024-07-26 03:00:00,21.18608178796451
2024-07-26 04:00:00,21.11535608636573
2024-07-26 05:00:00,24.360286286498674
2024-07-26 06:00:00,24.969827239164736
2024-07-26 07:00:00,22.21916487671412
2024-07-26 08:00:00,20.381900281880593
2024-07-26 09:00:00,23.688571088843783
2024-07-26 10:00:00,23.99298450268808
2024-07-26 11:00:00,21.14931598052265
2024-07-26 12:00:00,21.80278722942278
2024-07-26 13:00:00,22.60343814511299
2024-07-26 14:00:00,21.22191535054097
2024-07-26 15:00:00,20.426113135068817
2024-07-26 16:00:00,20.68672876136797
2024-07-26 17:00:00,24.91080517346325
2024-07-26 18:00:00,22.61601182822262
2024-07-26 19:00:00,24.864404958762393
2024-07-26 20:00:00,21.886433263776286
2024-07-26 21:00:00,22.87754691340798
2024-07-26 22:00:00,20.897829932825235
2024-07-26 23:00:00,23.97647275388865
2024-07-27 00:00:00,24.696390473914825
2024-07-27 01:00:00,20.180125915018458
2024-07-27 02:00:00,21.063301908590535
2024-07-27 03:00:00,20.860472808347247
2024-07-27 04:00:00,22.93446846878165
2024-07-27 05:00:00,21.060596300767408
2024-07-27 06:00:00,20.869832424738966
2024-07-27 07:00:00,22.30170644774133
2024-07-27 08:00:00,20.438036128877197
2024-07-27 09:00:00,20.925238362753245
2024-07-27 10:00:00,22.01862863010288
2024-07-27 11:00:00,24.652266664727478
2024-07-27 12:00:00,20.707239331091944
2024-07-27 13:00:00,24.094635579567253
2024-07-27 14:00:00,24.72911621922721
2024-07-27 15:00:00,22.269478717853065
2024-07-27 16:00:00,23.165875933813833
2024-07-27 17:00:00,20.288758446731176
2024-07-27 18:00:00,24.010056955453063
2024-07-27 19:00:00,23.227864723635022
2024-07-27 20:00:00,20.42292239936037
2024-07-27 21:00:00,23.549070196334235
2024-07-27 22:00:00,22.663461985562407
2024-07-27 23:00:00,20.479688159799192
2024-07-28 00:00:00,23.541558358789977
2024-07-28 01:00:00,20.029241810407207
2024-07-28 02:00:00,20.674152749956715
2024-07-28 03:00:00,22.54970462618807
2024-07-28 04:00:00,23.300347616598383
2024-07-28 05:00:00,22.25977791021862
2024-07-28 06:00:00,23.013403536712577
2024-07-28 07:00:00,22.78704239687347
2024-07-28 08:00:00,24.07133415141365
2024-07-28 09:00:00,20.71444735614589
2024-07-28 10:00:00,23.448804395634937
2024-07-28 11:00:00,23.06110336090676
2024-07-28 12:00:00,22.562742626459872
2024-07-28 13:00:00,22.805981022072697
2024-07-28 14:00:00,20.272135974246826
2024-07-28 15:00:00,21.029338340873412
2024-07-28 16:00:00,21.545845797563384
2024-07-28 17:00:00,22.85067226700159
2024-07-28 18:00:00,23.651984830943448
2024-07-28 19:00:00,22.709287956784927
2024-07-28 20:00:00,21.992123085821202
2024-07-28 21:00:00,22.746463038920822
2024-07-28 22:00:00,24.744623703183844
2024-07-28 23:00:00,21.091074828027487
2024-07-29 00:00:00,20.030334610085568
2024-07-29 01:00:00,22.168434481704963
2024-07-29 02:00:00,24.639289409552113
2024-07-29 03:00:00,20.19355780661399
2024-07-29 04:00:00,21.038295360654697
2024-07-29 05:00:00,24.531384866684448
2024-07-29 06:00:00,24.527243724434804
2024-07-29 07:00:00,24.10202594722428
2024-07-29 08:00:00,22.918820246411954
2024-07-29 09:00:00,22.615101715225304
2024-07-29 10:00:00,20.44004818611555
2024-07-29 11:00:00,20.80539076216197
2024-07-29 12:00:00,24.73152151458727
2024-07-29 13:00:00,22.22695448248676
2024-07-29 14:00:00,21.088788484405008
2024-07-29 15:00:00,22.902947313228637
2024-07-29 16:00:00,20.8877138513642
2024-07-29 17:00:00,21.294945903461787
2024-07-29 18:00:00,22.4069376578842
2024-07-29 19:00:00,22.07891775132113
2024-07-29 20:00:00,23.941691445011987
2024-07-29 21:00:00,23.640236297933313
2024-07-29 22:00:00,22.587119894429136
2024-07-29 23:00:00,23.773577696162825
2024-07-30 00:00:00,23.625320053685765
2024-07-30 01:00:00,21.431118825499127
2024-07-30 02:00:00,24.996095007241518
2024-07-30 03:00:00,21.995664508827982
2024-07-30 04:00:00,20.755943995865692
2024-07-30 05:00:00,23.435823952272123
2024-07-30 06:00:00,21.148198204874998
2024-07-30 07:00:00,24.460696791547008
2024-07-30 08:00:00,20.875596463146607
2024-07-30 09:00:00,22.05757159313587
2024-07-30 10:00:00,20.886826219648718
2024-07-30 11:00:00,23.089300838053937
2024-07-30 12:00:00,23.826936980107945
2024-07-30 13:00:00,20.133614009168248
2024-07-30 14:00:00,22.742906134520545
2024-07-30 15:00:00,20.00208647229269
2024-07-30 16:00:00,23.055052353972172
2024-07-30 17:00:00,21.616272801759493
2024-07-30 18:00:00,23.15753440318268
2024-07-30 19:00:00,23.886667510689712
2024-07-30 20:00:00,23.815854774842663
2024-07-30 21:00:00,22.88797516435516
2024-07-30 22:00:00,21.739707579881955
2024-07-30 23:00:00,23.958105778757094
2024-07-31 00:00:00,24.98762275621194
2024-07-31 01:00:00,20.38138572117689
2024-07-31 02:00:00,20.737307262331843
2024-07-31 03:00:00,21.27129125218103
2024-07-31 04:00:00,23.260108232440064
2024-07-31 05:00:00,20.1518862856144
2024-07-31 06:00:00,21.660937139861172
2024-07-31 07:00:00,24.83115180187803
2024-07-31 08:00:00,24.93197393942238
2024-07-31 09:00:00,20.757171373112737
2024-07-31 10:00:00,20.527718191352683
2024-07-31 11:00:00,24.997768076148475
2024-07-31 12:00:00,22.751676104297385
2024-07-31 13:00:00,21.24322773039257
2024-07-31 14:00:00,24.50025025856629
2024-07-31 15:00:00,23.788346505238167
2024-07-31 16:00:00,20.234646035369625
2024-07-31 17:00:00,22.298806788099405
2024-07-31 18:00:00,24.507361192299584
2024-07-31 19:00:00,21.378999644637304
2024-07-31 20:00:00,24.18633411853775
2024-07-31 21:00:00,21.135289858800206
2024-07-31 22:00:00,22.417714224576688
2024-07-31 23:00:00,24.48722198832262
2024-08-01 00:00:00,25.714426716950367
2024-08-01 01:00:00,22.39559539725105
2024-08-01 02:00:00,29.328289328642754
2024-08-01 03:00:00,23.232818958692338
2024-08-01 04:00:00,24.11165987644289
2024-08-01 05:00:00,29.66651306049049
2024-08-01 06:00:00,22.409341604888297
2024-08-01 07:00:00,27.798596787120147
2024-08-01 08:00:00,70.95756408615325
2024-08-01 09:00:00,104.5836599099151
2024-08-01 10:00:00,110.44264754897533
2024-08-01 11:00:00,89.55652403896855
2024-08-01 12:00:00,57.25533885256873
2024-08-01 13:00:00,71.28309910384908
2024-08-01 14:00:00,111.7287896200771
2024-08-01 15:00:00,79.16430703400908
2024-08-01 16:00:00,63.86163801180463
2024-08-01 17:00:00,69.60029814042113
2024-08-01 18:00:00,76.23330210719975
2024-08-01 19:00:00,22.979917446431216
2024-08-01 20:00:00,23.63746247658186
2024-08-01 21:00:00,28.264427758972822
2024-08-01 22:00:00,27.594574405877758
2024-08-01 23:00:00,24.47186904887188
2024-08-02 00:00:00,22.499431855942717
2024-08-02 01:00:00,23.32559910100562
2024-08-02 02:00:00,22.920399598680508
2024-08-02 03:00:00,26.054278480807348
2024-08-02 04:00:00,24.592862188942682
2024-08-02 05:00:00,26.11284773943164
2024-08-02 06:00:00,23.181017511132342
2024-08-02 07:00:00,29.705902733207118
2024-08-02 08:00:00,86.35003050611125
2024-08-02 09:00:00,79.36026419894714
2024-08-02 10:00:00,81.1013721505263
2024-08-02 11:00:00,92.15888919182787
2024-08-02 12:00:00,56.11124513829242
2024-08-02 13:00:00,74.12237177789699
2024-08-02 14:00:00,91.76641619739547
2024-08-02 15:00:00,64.48971916636266
2024-08-02 16:00:00,112.91467638026535
2024-08-02 17:00:00,90.09628296848666
2024-08-02 18:00:00,96.20302362127137
2024-08-02 19:00:00,23.45917745015983
2024-08-02 20:00:00,29.679517372133127
2024-08-02 21:00:00,27.618429852574103
2024-08-02 22:00:00,23.38319900129745
2024-08-02 23:00:00,26.026674819018815
2024-08-03 00:00:00,24.66618312106489
2024-08-03 01:00:00,22.026083803916602
2024-08-03 02:00:00,21.711447131025597
2024-08-03 03:00:00,23.825446117149234
2024-08-03 04:00:00,21.62429672618651
2024-08-03 05:00:00,20.470627814778368
2024-08-03 06:00:00,22.58117990545268
2024-08-03 07:00:00,22.701944790544694
2024-08-03 08:00:00,21.893368854661748
2024-08-03 09:00:00,20.749385703005355
2024-08-03 10:00:00,21.079908408343936
2024-08-03 11:00:00,24.866182477987167
2024-08-03 12:00:00,24.7195724478322
2024-08-03 13:00:00,24.837770937345898
2024-08-03 14:00:00,24.896631762379243
2024-08-03 15:00:00,21.269153385205353
2024-08-03 16:00:00,23.16058601483842
2024-08-03 17:00:00,23.906076827517587
2024-08-03 18:00:00,23.510789245806443
2024-08-03 19:00:00,21.425310174167155
2024-08-03 20:00:00,20.85545609514116
2024-08-03 21:00:00,21.818305531542972
2024-08-03 22:00:00,23.944035661733896
2024-08-03 23:00:00,22.057925783571164
2024-08-04 00:00:00,24.9311638060091
2024-08-04 01:00:00,23.12641232048729
2024-08-04 02:00:00,23.960397692541218
2024-08-04 03:00:00,22.434443793204448
2024-08-04 04:00:00,23.184836175556605
2024-08-04 05:00:00,20.92783581590326
2024-08-04 06:00:00,20.490455397885388
2024-08-04 07:00:00,22.38455590848659
2024-08-04 08:00:00,23.63109336124616
2024-08-04 09:00:00,20.390117162480355
2024-08-04 10:00:00,20.95569691666906
2024-08-04 11:00:00,20.29174416935141
2024-08-04 12:00:00,22.501416164941055
2024-08-04 13:00:00,23.164284582218816
2024-08-04 14:00:00,23.389804554428032
2024-08-04 15:00:00,20.934319662786336
2024-08-04 16:00:00,24.38283167082912
2024-08-04 17:00:00,20.005283116847078
2024-08-04 18:00:00,24.078033922302588
2024-08-04 19:00:00,22.43610905098024
2024-08-04 20:00:00,24.325513296365028
2024-08-04 21:00:00,21.780241479286808
2024-08-04 22:00:00,22.19912539411833
2024-08-04 23:00:00,23.57357237046807
2024-08-05 00:00:00,23.637321046065956
2024-08-05 01:00:00,26.515397566697036
2024-08-05 02:00:00,25.566672147314122
2024-08-05 03:00:00,29.032696102660523
2024-08-05 04:00:00,29.224643673728465
2024-08-05 05:00:00,24.47800993856113
2024-08-05 06:00:00,24.48916494780965
2024-08-05 07:00:00,29.043646173957008
2024-08-05 08:00:00,72.28914350794788
2024-08-05 09:00:00,93.77466057444911
2024-08-05 10:00:00,100.99724275644084
2024-08-05 11:00:00,101.29729646977913
2024-08-05 12:00:00,97.90207048015947
2024-08-05 13:00:00,97.85532643217726
2024-08-05 14:00:00,83.92579618246901
2024-08-05 15:00:00,63.70273765118266
2024-08-05 16:00:00,87.26196997695038
2024-08-05 17:00:00,73.14154514499309
2024-08-05 18:00:00,90.3928927455002
2024-08-05 19:00:00,24.43482690594588
2024-08-05 20:00:00,29.197057363541795
2024-08-05 21:00:00,26.26328642157519
2024-08-05 22:00:00,23.120017063763605
2024-08-05 23:00:00,25.61775862418123
2024-08-06 00:00:00,22.13541186291154
2024-08-06 01:00:00,22.038825095893873
2024-08-06 02:00:00,25.538571480879238
2024-08-06 03:00:00,25.635546060991405
2024-08-06 04:00:00,24.947690325034447
2024-08-06 05:00:00,23.696733242942177
2024-08-06 06:00:00,29.74351823879573
2024-08-06 07:00:00,27.450693679491252
2024-08-06 08:00:00,74.3190955347779
2024-08-06 09:00:00,72.48114454218725
2024-08-06 10:00:00,61.727807180701625
2024-08-06 11:00:00,112.44470739225665
2024-08-06 12:00:00,104.39224710580561
2024-08-06 13:00:00,64.36385040336899
2024-08-06 14:00:00,89.54177807545337
2024-08-06 15:00:00,81.9934525196122
2024-08-06 16:00:00,96.8200585269612
2024-08-06 17:00:00,102.26954108269878
2024-08-06 18:00:00,73.50154924206387
2024-08-06 19:00:00,22.890795498607808
2024-08-06 20:00:00,28.659081113510744
2024-08-06 21:00:00,26.906580366952454
2024-08-06 22:00:00,29.493423090156544
2024-08-06 23:00:00,23.01225673223121
2024-08-07 00:00:00,23.31901485009506
2024-08-07 01:00:00,23.898972553378385
2024-08-07 02:00:00,28.100666637901195
2024-08-07 03:00:00,26.58113675995478
2024-08-07 04:00:00,22.799435607938978
2024-08-07 05:00:00,28.307207862504985
2024-08-07 06:00:00,25.508085547756163
2024-08-07 07:00:00,28.8497419224968
2024-08-07 08:00:00,72.22310689522376
2024-08-07 09:00:00,73.16959140724732
2024-08-07 10:00:00,57.29697868835155
2024-08-07 11:00:00,74.56048168362378
2024-08-07 12:00:00,103.45876228839012
2024-08-07 13:00:00,83.40192109392046
2024-08-07 14:00:00,88.10950455813148
2024-08-07 15:00:00,105.11951376405247
2024-08-07 16:00:00,76.96619406939371
2024-08-07 17:00:00,76.20168051571379
2024-08-07 18:00:00,79.84213095319609
2024-08-07 19:00:00,26.120718604446616
2024-08-07 20:00:00,28.555481555617646
2024-08-07 21:00:00,22.99112830317003
2024-08-07 22:00:00,27.93575687531755
2024-08-07 23:00:00,25.517116383356132
2024-08-08 00:00:00,22.472745280144196
2024-08-08 01:00:00,23.10955081648737
2024-08-08 02:00:00,22.16797148695072
2024-08-08 03:00:00,24.357738791858885
2024-08-08 04:00:00,24.959505487222916
2024-08-08 05:00:00,25.87706787683094
2024-08-08 06:00:00,29.950549867576665
2024-08-08 07:00:00,28.368637080784012
2024-08-08 08:00:00,100.88460628424156
2024-08-08 09:00:00,88.03981628833935
2024-08-08 10:00:00,77.54438603062621
2024-08-08 11:00:00,93.25265965763644
2024-08-08 12:00:00,118.2216691238296
2024-08-08 13:00:00,63.487114092909266
2024-08-08 14:00:00,107.08201869591312
2024-08-08 15:00:00,80.5758732223684
2024-08-08 16:00:00,66.04439944052187
2024-08-08 17:00:00,68.81560925808544
2024-08-08 18:00:00,78.74509995874958
2024-08-08 19:00:00,25.337799162953658
2024-08-08 20:00:00,24.601450151804855
2024-08-08 21:00:00,22.812201500709996
2024-08-08 22:00:00,28.673204204897004
2024-08-08 23:00:00,24.777712104945543
2024-08-09 00:00:00,24.736223065929707
2024-08-09 01:00:00,23.556019867173706
2024-08-09 02:00:00,27.168869481816813
2024-08-09 03:00:00,29.192116885210716
2024-08-09 04:00:00,23.517596511575938
2024-08-09 05:00:00,22.986065258160153
2024-08-09 06:00:00,29.39383407658342
2024-08-09 07:00:00,27.68236636573367
2024-08-09 08:00:00,92.29551153187683
2024-08-09 09:00:00,82.23469833137403
2024-08-09 10:00:00,78.54448266238603
2024-08-09 11:00:00,70.91758297076687
2024-08-09 12:00:00,106.02861974722997
2024-08-09 13:00:00,104.55244446541418
2024-08-09 14:00:00,92.17961432680295
2024-08-09 15:00:00,97.83768052930007
2024-08-09 16:00:00,99.31152403122553
2024-08-09 17:00:00,84.51052832557747
2024-08-09 18:00:00,63.96946434004535
2024-08-09 19:00:00,24.80305981647698
2024-08-09 20:00:00,28.37987370964681
2024-08-09 21:00:00,24.529412877486184
2024-08-09 22:00:00,24.394682427817365
2024-08-09 23:00:00,22.230531737973585
2024-08-10 00:00:00,24.99672981268323
2024-08-10 01:00:00,22.75213480294653
2024-08-10 02:00:00,20.542752585739457
2024-08-10 03:00:00,24.993534983414882
2024-08-10 04:00:00,23.451711479060766
2024-08-10 05:00:00,20.747873796339444
2024-08-10 06:00:00,21.62941189753768
2024-08-10 07:00:00,23.93656679881878
2024-08-10 08:00:00,22.795556793724387
2024-08-10 09:00:00,22.266619362915105
2024-08-10 10:00:00,24.62292362104662
2024-08-10 11:00:00,21.958416738187026
2024-08-10 12:00:00,21.283465575858433
2024-08-10 13:00:00,22.144002528706586
2024-08-10 14:00:00,22.99743400446068
2024-08-10 15:00:00,20.285246396856735
2024-08-10 16:00:00,21.057727823895373
2024-08-10 17:00:00,23.800341749209156
2024-08-10 18:00:00,21.693934523576335
2024-08-10 19:00:00,22.06862365478503
2024-08-10 20:00:00,23.090837396155578
2024-08-10 21:00:00,20.020064303996396
2024-08-10 22:00:00,24.62587400858147
2024-08-10 23:00:00,21.889522468632123
2024-08-11 00:00:00,20.857512404262522
2024-08-11 01:00:00,23.841338232879217
2024-08-11 02:00:00,21.465220152606552
2024-08-11 03:00:00,22.049634418335238
2024-08-11 04:00:00,21.863243666893823
2024-08-11 05:00:00,22.54468234322015
2024-08-11 06:00:00,22.627074874525835
2024-08-11 07:00:00,21.253714478303532
2024-08-11 08:00:00,22.698568226045502
2024-08-11 09:00:00,23.072241978892215
2024-08-11 10:00:00,22.931599968659608
2024-08-11 11:00:00,23.91724297651741
2024-08-11 12:00:00,24.355656312216112
2024-08-11 13:00:00,24.63341519347815
2024-08-11 14:00:00,24.070075708468032
2024-08-11 15:00:00,24.495311931286388
2024-08-11 16:00:00,24.0674572938803
2024-08-11 17:00:00,22.373237239115344
2024-08-11 18:00:00,20.04111617531792
2024-08-11 19:00:00,21.809184449958853
2024-08-11 20:00:00,22.079331710209015
2024-08-11 21:00:00,23.373629023042483
2024-08-11 22:00:00,22.41574317466045
2024-08-11 23:00:00,21.145657641737476
2024-08-12 00:00:00,27.841595723550686
2024-08-12 01:00:00,27.448612882026325
2024-08-12 02:00:00,23.25160584847894
2024-08-12 03:00:00,28.306951763758228
2024-08-12 04:00:00,26.330881118297693
2024-08-12 05:00:00,27.620171862686988
2024-08-12 06:00:00,28.90632003659953
2024-08-12 07:00:00,25.81739588833286
2024-08-12 08:00:00,104.729087132943
2024-08-12 09:00:00,98.91336054044919
2024-08-12 10:00:00,79.93386667300277
2024-08-12 11:00:00,92.96643243747606
2024-08-12 12:00:00,107.0599374203542
2024-08-12 13:00:00,64.25111169426319
2024-08-12 14:00:00,77.60933767121182
2024-08-12 15:00:00,109.77266627306217
2024-08-12 16:00:00,88.59970142624567
2024-08-12 17:00:00,92.07483487279328
2024-08-12 18:00:00,86.23826689385791
2024-08-12 19:00:00,23.556567421784166
2024-08-12 20:00:00,29.759377576411886
2024-08-12 21:00:00,23.090472248224973
2024-08-12 22:00:00,28.120743015728614
2024-08-12 23:00:00,25.860678465696935
2024-08-13 00:00:00,22.263990548135578
2024-08-13 01:00:00,23.715538058367283
2024-08-13 02:00:00,23.05974448272925
2024-08-13 03:00:00,28.75873004238052
2024-08-13 04:00:00,26.413589724365448
2024-08-13 05:00:00,25.01179671731608
2024-08-13 06:00:00,27.726631788399327
2024-08-13 07:00:00,26.747123410741978
2024-08-13 08:00:00,63.26138710903497
2024-08-13 09:00:00,87.58317503256285
2024-08-13 10:00:00,85.84561528569094
2024-08-13 11:00:00,73.30940368363812
2024-08-13 12:00:00,93.84746784602598
2024-08-13 13:00:00,93.67170575119805
2024-08-13 14:00:00,66.69464673677959
2024-08-13 15:00:00,94.60398137340054
2024-08-13 16:00:00,97.95156257128306
2024-08-13 17:00:00,93.79424044203569
2024-08-13 18:00:00,87.23969898735021
2024-08-13 19:00:00,23.425323178931393
2024-08-13 20:00:00,25.00821706780448
2024-08-13 21:00:00,28.9406115900134
2024-08-13 22:00:00,22.99155205991059
2024-08-13 23:00:00,24.617381015478728
2024-08-14 00:00:00,27.867127629494412
2024-08-14 01:00:00,28.75858906536128
2024-08-14 02:00:00,25.310205186124357
2024-08-14 03:00:00,27.25106005020947
2024-08-14 04:00:00,23.683943540049825
2024-08-14 05:00:00,23.928665034527
2024-08-14 06:00:00,24.258224108483503
2024-08-14 07:00:00,22.112017495721915
2024-08-14 08:00:00,63.28289846108399
2024-08-14 09:00:00,68.42349296986643
2024-08-14 10:00:00,68.49184370975212
2024-08-14 11:00:00,78.77918384973967
2024-08-14 12:00:00,85.87926150814337
2024-08-14 13:00:00,93.62919428390546
2024-08-14 14:00:00,72.30808381580952
2024-08-14 15:00:00,101.8070411228329
2024-08-14 16:00:00,104.56993716860816
2024-08-14 17:00:00,100.24097936719616
2024-08-14 18:00:00,75.84215728995972
2024-08-14 19:00:00,27.33645775021315
2024-08-14 20:00:00,28.29856041463097
2024-08-14 21:00:00,24.48317543391844
2024-08-14 22:00:00,29.975866828654077
2024-08-14 23:00:00,29.76631382882136
2024-08-15 00:00:00,21.826639069215002
2024-08-15 01:00:00,24.15838984251656
2024-08-15 02:00:00,24.549036839727744
2024-08-15 03:00:00,24.207100908217456
2024-08-15 04:00:00,23.76077784058902
2024-08-15 05:00:00,23.00882868684891
2024-08-15 06:00:00,22.759217322601526
2024-08-15 07:00:00,24.69827937302663
2024-08-15 08:00:00,21.146748145586827
2024-08-15 09:00:00,24.52738586421835
2024-08-15 10:00:00,21.844481905986026
2024-08-15 11:00:00,24.041550669511565
2024-08-15 12:00:00,22.035070524161707
2024-08-15 13:00:00,23.476003115474903
2024-08-15 14:00:00,23.07650034781456
2024-08-15 15:00:00,24.751003141274634
2024-08-15 16:00:00,24.886366877568754
2024-08-15 17:00:00,23.99176247243822
2024-08-15 18:00:00,23.75834486826862
2024-08-15 19:00:00,23.12096393775387
2024-08-15 20:00:00,24.993383637720036
2024-08-15 21:00:00,22.95866566930618
2024-08-15 22:00:00,24.48618152002171
2024-08-15 23:00:00,24.420647018415742
2024-08-16 00:00:00,26.021800389821504
2024-08-16 01:00:00,27.911096738778284
2024-08-16 02:00:00,23.297841046767147
2024-08-16 03:00:00,26.558787826319712
2024-08-16 04:00:00,28.06433576548475
2024-08-16 05:00:00,24.639679976243855
2024-08-16 06:00:00,27.13753425215283
2024-08-16 07:00:00,23.10204259186395
2024-08-16 08:00:00,69.80815131316174
2024-08-16 09:00:00,79.60313001829654
2024-08-16 10:00:00,85.01636868869124
2024-08-16 11:00:00,107.59496183902908
2024-08-16 12:00:00,59.66134142827944
2024-08-16 13:00:00,101.46064653741836
2024-08-16 14:00:00,77.24545190872189
2024-08-16 15:00:00,104.97476136124862
2024-08-16 16:00:00,78.34048421474823
2024-08-16 17:00:00,87.2853206465831
2024-08-16 18:00:00,91.56585309705324
2024-08-16 19:00:00,22.201626390858603
2024-08-16 20:00:00,23.60380618049911
2024-08-16 21:00:00,27.82856934491896
2024-08-16 22:00:00,23.254783470265348
2024-08-16 23:00:00,26.740876066222032
2024-08-17 00:00:00,22.551836790014136
2024-08-17 01:00:00,24.666418568688464
2024-08-17 02:00:00,23.99937239112068
2024-08-17 03:00:00,24.417962656889888
2024-08-17 04:00:00,24.884763864500925
2024-08-17 05:00:00,24.4890351918602
2024-08-17 06:00:00,21.311871990024578
2024-08-17 07:00:00,24.489347451361677
2024-08-17 08:00:00,21.286871753873676
2024-08-17 09:00:00,21.809103388623424
2024-08-17 10:00:00,22.3739066877618
2024-08-17 11:00:00,23.828161453914177
2024-08-17 12:00:00,24.418899984672265
2024-08-17 13:00:00,24.550955584397094
2024-08-17 14:00:00,22.177201691768254
2024-08-17 15:00:00,22.36209863708024
2024-08-17 16:00:00,20.324403617495648
2024-08-17 17:00:00,21.741403353560713
2024-08-17 18:00:00,24.98156355819305
2024-08-17 19:00:00,21.590137105552408
2024-08-17 20:00:00,22.742688468732005
2024-08-17 21:00:00,20.70736626784788
2024-08-17 22:00:00,22.457323101384063
2024-08-17 23:00:00,21.52298809719835
2024-08-18 00:00:00,22.472184380552516
2024-08-18 01:00:00,21.89648866549211
2024-08-18 02:00:00,22.512910986741428
2024-08-18 03:00:00,21.424414880851053
2024-08-18 04:00:00,22.670884181898465
2024-08-18 05:00:00,22.244837215857995
2024-08-18 06:00:00,24.258084838839476
2024-08-18 07:00:00,21.186171443936825
2024-08-18 08:00:00,24.288591964944487
2024-08-18 09:00:00,22.892845718510234
2024-08-18 10:00:00,24.76079415635749
2024-08-18 11:00:00,23.851955242652352
2024-08-18 12:00:00,24.296365866797693
2024-08-18 13:00:00,22.343114852688664
2024-08-18 14:00:00,22.69188504148225
2024-08-18 15:00:00,24.19220600235105
2024-08-18 16:00:00,24.808394859404
2024-08-18 17:00:00,23.444603989180838
2024-08-18 18:00:00,22.437455169708027
2024-08-18 19:00:00,20.311440853471765
2024-08-18 20:00:00,20.95116090225583
2024-08-18 21:00:00,24.253051123477885
2024-08-18 22:00:00,23.104651198955388
2024-08-18 23:00:00,23.91218047406117
2024-08-19 00:00:00,29.61946020820887
2024-08-19 01:00:00,24.703915007271934
2024-08-19 02:00:00,24.654703867645374
2024-08-19 03:00:00,27.323683012910887
2024-08-19 04:00:00,22.90740940795871
2024-08-19 05:00:00,26.588428508425608
2024-08-19 06:00:00,23.04067007329318
2024-08-19 07:00:00,28.4523231846416
2024-08-19 08:00:00,77.83962220524509
2024-08-19 09:00:00,85.8810322636132
2024-08-19 10:00:00,64.24161968280228
2024-08-19 11:00:00,79.32140172961576
2024-08-19 12:00:00,95.66914109197474
2024-08-19 13:00:00,97.3098386550021
2024-08-19 14:00:00,96.81935739563491
2024-08-19 15:00:00,79.4528353304317
2024-08-19 16:00:00,97.51753494908583
2024-08-19 17:00:00,99.24135191598016
2024-08-19 18:00:00,89.03298634967123
2024-08-19 19:00:00,22.853266807781395
2024-08-19 20:00:00,22.207104971742076
2024-08-19 21:00:00,24.2760374458622
2024-08-19 22:00:00,23.820938907202564
2024-08-19 23:00:00,25.91875129017675
2024-08-20 00:00:00,26.490642742571502
2024-08-20 01:00:00,26.593973252862092
2024-08-20 02:00:00,22.483888141098262
2024-08-20 03:00:00,27.89050100814882
2024-08-20 04:00:00,22.279453696262543
2024-08-20 05:00:00,24.20647254904485
2024-08-20 06:00:00,28.936177474234306
2024-08-20 07:00:00,24.51632667681132
2024-08-20 08:00:00,89.85791281684992
2024-08-20 09:00:00,66.70060879946845
2024-08-20 10:00:00,101.04593049512432
2024-08-20 11:00:00,92.98908628666624
2024-08-20 12:00:00,114.41793533798473
2024-08-20 13:00:00,81.27890500155553
2024-08-20 14:00:00,87.97338259911953
2024-08-20 15:00:00,75.12112290662124
2024-08-20 16:00:00,78.5534686861924
2024-08-20 17:00:00,74.01856317171642
2024-08-20 18:00:00,55.28696971798054
2024-08-20 19:00:00,28.191464217666248
2024-08-20 20:00:00,24.254362396475024
2024-08-20 21:00:00,28.8053188200419
2024-08-20 22:00:00,28.974265028104547
2024-08-20 23:00:00,22.533828235757532
2024-08-21 00:00:00,29.606274104106753
2024-08-21 01:00:00,26.55620426096867
2024-08-21 02:00:00,27.18312797073177
2024-08-21 03:00:00,26.58594805578467
2024-08-21 04:00:00,25.273178436476716
2024-08-21 05:00:00,28.427688706363007
2024-08-21 06:00:00,22.196805299310622
2024-08-21 07:00:00,22.605406921029164
2024-08-21 08:00:00,83.14311294399172
2024-08-21 09:00:00,90.89053428211821
2024-08-21 10:00:00,60.74235287803022
2024-08-21 11:00:00,63.43136056516673
2024-08-21 12:00:00,67.3994226431357
2024-08-21 13:00:00,68.8225871715261
2024-08-21 14:00:00,93.20741045325525
2024-08-21 15:00:00,82.18224997301306
2024-08-21 16:00:00,94.96451992750315
2024-08-21 17:00:00,101.39180115972839
2024-08-21 18:00:00,67.15915041014227
2024-08-21 19:00:00,22.685541996783748
2024-08-21 20:00:00,29.328974270296097
2024-08-21 21:00:00,25.770316476260206
2024-08-21 22:00:00,29.098005431860727
2024-08-21 23:00:00,24.470718338220905
2024-08-22 00:00:00,27.768506676957035
2024-08-22 01:00:00,22.04069832004444
2024-08-22 02:00:00,23.634001807408
2024-08-22 03:00:00,22.703419937293162
2024-08-22 04:00:00,25.839600997864142
2024-08-22 05:00:00,23.71788761588179
2024-08-22 06:00:00,27.1930455146109
2024-08-22 07:00:00,26.56699799971834
2024-08-22 08:00:00,89.23210118774148
2024-08-22 09:00:00,80.90982458145554
2024-08-22 10:00:00,105.13249891281541
2024-08-22 11:00:00,86.11911345678706
2024-08-22 12:00:00,107.55294940056537
2024-08-22 13:00:00,82.19969977386944
2024-08-22 14:00:00,107.98720115868394
2024-08-22 15:00:00,100.17869705987604
2024-08-22 16:00:00,111.61774261257968
2024-08-22 17:00:00,85.27456150565109
2024-08-22 18:00:00,78.6229557957122
2024-08-22 19:00:00,25.360091154145778
2024-08-22 20:00:00,24.388582776438454
2024-08-22 21:00:00,24.568633256092937
2024-08-22 22:00:00,24.720427509614407
2024-08-22 23:00:00,22.068579381066137
2024-08-23 00:00:00,29.725975694731385
2024-08-23 01:00:00,22.682720600181966
2024-08-23 02:00:00,27.36711524139558
2024-08-23 03:00:00,27.16537897792708
2024-08-23 04:00:00,25.117795492541706
2024-08-23 05:00:00,28.222789082282016
2024-08-23 06:00:00,25.62833395341594
2024-08-23 07:00:00,22.447974554432054
2024-08-23 08:00:00,99.9935700302735
2024-08-23 09:00:00,102.33562867970772
2024-08-23 10:00:00,89.9421192298588
2024-08-23 11:00:00,82.14263188814107
2024-08-23 12:00:00,90.96211472342847
2024-08-23 13:00:00,84.6287401434186
2024-08-23 14:00:00,86.44477527832677
2024-08-23 15:00:00,74.11166386087591
2024-08-23 16:00:00,92.87449142040361
2024-08-23 17:00:00,99.32275657390579
2024-08-23 18:00:00,101.08917089292339
2024-08-23 19:00:00,26.175966120151713
2024-08-23 20:00:00,24.121707827138252
2024-08-23 21:00:00,22.834623726711932
2024-08-23 22:00:00,29.829610221647243
2024-08-23 23:00:00,28.900324257781534
2024-08-24 00:00:00,20.549935929636966
2024-08-24 01:00:00,22.07277951682889
2024-08-24 02:00:00,20.306694610423584
2024-08-24 03:00:00,24.80370686681641
2024-08-24 04:00:00,23.21861773802199
2024-08-24 05:00:00,21.24585258482149
2024-08-24 06:00:00,21.83421311266735
2024-08-24 07:00:00,22.75576235411101
2024-08-24 08:00:00,21.679755285944346
2024-08-24 09:00:00,21.700735763565508
2024-08-24 10:00:00,22.734584500293796
2024-08-24 11:00:00,21.963689803714384
2024-08-24 12:00:00,23.359375946188447
2024-08-24 13:00:00,23.084799595585345
2024-08-24 14:00:00,24.2585652565093
2024-08-24 15:00:00,24.2519053256592
2024-08-24 16:00:00,21.44072452938165
2024-08-24 17:00:00,20.82221602541426
2024-08-24 18:00:00,23.173200516582916
2024-08-24 19:00:00,21.49911205833943
2024-08-24 20:00:00,20.43327832788186
2024-08-24 21:00:00,21.1372645572685
2024-08-24 22:00:00,21.83964821403587
2024-08-24 23:00:00,23.732029524943066
2024-08-25 00:00:00,22.050858474206922
2024-08-25 01:00:00,20.27447159763326
2024-08-25 02:00:00,20.978186919904232
2024-08-25 03:00:00,24.889377532939974
2024-08-25 04:00:00,22.59825695348127
2024-08-25 05:00:00,20.597569979106648
2024-08-25 06:00:00,24.20053458264958
2024-08-25 07:00:00,23.681045086608275
2024-08-25 08:00:00,20.44613433993426
2024-08-25 09:00:00,20.926132047172857
2024-08-25 10:00:00,21.92116601771911
2024-08-25 11:00:00,21.726160804608966
2024-08-25 12:00:00,20.67827394140082
2024-08-25 13:00:00,24.35642731239124
2024-08-25 14:00:00,22.418385312366
2024-08-25 15:00:00,22.2521143161979
2024-08-25 16:00:00,21.821144988129983
2024-08-25 17:00:00,21.177551220307553
2024-08-25 18:00:00,20.272202501819006
2024-08-25 19:00:00,23.060878771304704
2024-08-25 20:00:00,22.69234412996424
2024-08-25 21:00:00,22.21391837107339
2024-08-25 22:00:00,21.32513801394325
2024-08-25 23:00:00,20.671339151950605
2024-08-26 00:00:00,27.439070895194263
2024-08-26 01:00:00,27.28724643267129
2024-08-26 02:00:00,27.9728885017817
2024-08-26 03:00:00,28.660312427128467
2024-08-26 04:00:00,24.297730539938918
2024-08-26 05:00:00,22.505987713711065
2024-08-26 06:00:00,24.43235839322527
2024-08-26 07:00:00,26.262470697756253
2024-08-26 08:00:00,89.56352768141903
2024-08-26 09:00:00,70.16322944534035
2024-08-26 10:00:00,88.87342010080657
2024-08-26 11:00:00,86.13665973831982
2024-08-26 12:00:00,64.15069037677425
2024-08-26 13:00:00,70.26605463538851
2024-08-26 14:00:00,70.13507550014984
2024-08-26 15:00:00,59.40378700522122
2024-08-26 16:00:00,101.27672931379433
2024-08-26 17:00:00,95.5759259060977
2024-08-26 18:00:00,89.95646897651825
2024-08-26 19:00:00,25.836843522216125
2024-08-26 20:00:00,26.56508396976642
2024-08-26 21:00:00,28.972911703475877
2024-08-26 22:00:00,25.0872820853577
2024-08-26 23:00:00,26.77776515771665
2024-08-27 00:00:00,22.32372453871602
2024-08-27 01:00:00,29.484499042458346
2024-08-27 02:00:00,26.847062778677948
2024-08-27 03:00:00,28.097862239779012
2024-08-27 04:00:00,23.970946232082703
2024-08-27 05:00:00,29.346976861374767
2024-08-27 06:00:00,26.23878238526992
2024-08-27 07:00:00,24.10571288706688
2024-08-27 08:00:00,87.24130805654113
2024-08-27 09:00:00,95.49746939409644
2024-08-27 10:00:00,73.45721745030933
2024-08-27 11:00:00,94.34826640228978
2024-08-27 12:00:00,90.9738833843073
2024-08-27 13:00:00,82.91640509030306
2024-08-27 14:00:00,75.69893284981427
2024-08-27 15:00:00,105.4429630235594
2024-08-27 16:00:00,86.00770509975465
2024-08-27 17:00:00,78.54072845659846
2024-08-27 18:00:00,73.51543394550987
2024-08-27 19:00:00,22.7752804402968
2024-08-27 20:00:00,22.66884269708133
2024-08-27 21:00:00,23.292291591311148
2024-08-27 22:00:00,23.639612501058508
2024-08-27 23:00:00,23.66003117907158
2024-08-28 00:00:00,28.2924861662329
2024-08-28 01:00:00,24.831836240012368
2024-08-28 02:00:00,28.568311585326576
2024-08-28 03:00:00,24.31906252021201
2024-08-28 04:00:00,26.004622806733863
2024-08-28 05:00:00,25.444739061973337
2024-08-28 06:00:00,28.90468230950306
2024-08-28 07:00:00,28.955685508847207
2024-08-28 08:00:00,104.54429065446001
2024-08-28 09:00:00,112.83457032694393
2024-08-28 10:00:00,83.99923792160118
2024-08-28 11:00:00,54.08193955183324
2024-08-28 12:00:00,102.34356940159243
2024-08-28 13:00:00,69.7132336604001
2024-08-28 14:00:00,69.36077825788205
2024-08-28 15:00:00,82.3221182279311
2024-08-28 16:00:00,63.32682771459878
2024-08-28 17:00:00,100.67106647489098
2024-08-28 18:00:00,95.41973203942783
2024-08-28 19:00:00,22.250512454298683
2024-08-28 20:00:00,22.40571412841083
2024-08-28 21:00:00,29.07038504593899
2024-08-28 22:00:00,22.781853736414995
2024-08-28 23:00:00,27.587039430820585
2024-08-29 00:00:00,24.90100763251661
2024-08-29 01:00:00,28.44271148063484
2024-08-29 02:00:00,28.854306772628657
2024-08-29 03:00:00,23.167217999977318
2024-08-29 04:00:00,28.919857417144318
2024-08-29 05:00:00,25.301704934237474
2024-08-29 06:00:00,24.605543841347767
2024-08-29 07:00:00,24.221723326844224
2024-08-29 08:00:00,65.68432960062307
2024-08-29 09:00:00,90.97071985939725
2024-08-29 10:00:00,89.60134346873116
2024-08-29 11:00:00,61.82426280092957
2024-08-29 12:00:00,75.7367792899569
2024-08-29 13:00:00,96.86188130779061
2024-08-29 14:00:00,62.516497927025824
2024-08-29 15:00:00,96.79919717499081
2024-08-29 16:00:00,75.28825376896289
2024-08-29 17:00:00,50.1379067963059
2024-08-29 18:00:00,90.51790332092018
2024-08-29 19:00:00,24.383347465136147
2024-08-29 20:00:00,25.89925211625544
2024-08-29 21:00:00,24.206399929178264
2024-08-29 22:00:00,25.154432286374963
2024-08-29 23:00:00,28.39538939766588
2024-08-30 00:00:00,27.723233870814674
2024-08-30 01:00:00,29.14105994474639
2024-08-30 02:00:00,22.001036396892616
2024-08-30 03:00:00,24.036011362100123
2024-08-30 04:00:00,23.545192020242364
2024-08-30 05:00:00,25.17474736674098
2024-08-30 06:00:00,27.086958138163567
2024-08-30 07:00:00,24.21541594096057
2024-08-30 08:00:00,101.78238246163079
2024-08-30 09:00:00,70.13956752172008
2024-08-30 10:00:00,98.23193986654303
2024-08-30 11:00:00,115.65416235066965
2024-08-30 12:00:00,83.46839704438881
2024-08-30 13:00:00,68.53801938105705
2024-08-30 14:00:00,108.97848779473904
2024-08-30 15:00:00,95.73642410938939
2024-08-30 16:00:00,76.84793718840493
2024-08-30 17:00:00,86.47394361274443
2024-08-30 18:00:00,86.63123344463247
2024-08-30 19:00:00,29.073817513883547
2024-08-30 20:00:00,28.535185307580292
2024-08-30 21:00:00,29.021130931359338
2024-08-30 22:00:00,27.02593465758337
2024-08-30 23:00:00,26.861137866981785
2024-08-31 00:00:00,22.263506919752057
2024-08-31 01:00:00,24.796115789684922
2024-08-31 02:00:00,23.112030188122855
2024-08-31 03:00:00,22.84478646017432
2024-08-31 04:00:00,20.630260491020014
2024-08-31 05:00:00,23.151157785567285
2024-08-31 06:00:00,22.27203049195215
2024-08-31 07:00:00,24.713194138629113
2024-08-31 08:00:00,24.971450600177185
2024-08-31 09:00:00,22.73162219939371
2024-08-31 10:00:00,24.043502983064435
2024-08-31 11:00:00,23.60146483730595
2024-08-31 12:00:00,24.48860884622615
2024-08-31 13:00:00,21.14051268794406
2024-08-31 14:00:00,21.90158151790797
2024-08-31 15:00:00,23.86269736486834
2024-08-31 16:00:00,20.679458250170473
2024-08-31 17:00:00,21.05876844331807
2024-08-31 18:00:00,21.784766988418554
2024-08-31 19:00:00,22.998639884901788
2024-08-31 20:00:00,22.679343712926823
2024-08-31 21:00:00,23.883091808820215
2024-08-31 22:00:00,20.318384012820353
2024-08-31 23:00:00,24.727163516232537
2024-09-01 00:00:00,23.52019617003387
2024-09-01 01:00:00,21.08239530955761
2024-09-01 02:00:00,21.791822601273275
2024-09-01 03:00:00,20.07526019624558
2024-09-01 04:00:00,23.645378451887524
2024-09-01 05:00:00,22.56263049386024
2024-09-01 06:00:00,22.288885037324274
2024-09-01 07:00:00,23.75021256818471
2024-09-01 08:00:00,23.35533540305019
2024-09-01 09:00:00,22.510058126606637
2024-09-01 10:00:00,23.535181382833017
2024-09-01 11:00:00,24.491140339414716
2024-09-01 12:00:00,23.673161511137142
2024-09-01 13:00:00,22.602364710986603
2024-09-01 14:00:00,20.84060280614935
2024-09-01 15:00:00,24.652762054725876
2024-09-01 16:00:00,23.33731753003727
2024-09-01 17:00:00,23.384784222701448
2024-09-01 18:00:00,21.873692778820764
2024-09-01 19:00:00,20.39391918976545
2024-09-01 20:00:00,23.573308872268953
2024-09-01 21:00:00,23.58700112870767
2024-09-01 22:00:00,21.178017133127327
2024-09-01 23:00:00,24.103070812817837
2024-09-02 00:00:00,24.62880144523086
2024-09-02 01:00:00,28.600312134298658
2024-09-02 02:00:00,25.90443148182674
2024-09-02 03:00:00,28.17039272290353
2024-09-02 04:00:00,28.077795039200446
2024-09-02 05:00:00,27.114515824975634
2024-09-02 06:00:00,28.275685837928034
2024-09-02 07:00:00,27.378620795734513
2024-09-02 08:00:00,87.40201726803043
2024-09-02 09:00:00,89.42116973242308
2024-09-02 10:00:00,101.1893925839534
2024-09-02 11:00:00,100.69035075805246
2024-09-02 12:00:00,73.09385311073251
2024-09-02 13:00:00,75.5839346099018
2024-09-02 14:00:00,106.05175544939246
2024-09-02 15:00:00,93.94922726431518
2024-09-02 16:00:00,74.23237400525213
2024-09-02 17:00:00,68.87513070871807
2024-09-02 18:00:00,97.52076844895332
2024-09-02 19:00:00,24.967258660231202
2024-09-02 20:00:00,23.86800098414309
2024-09-02 21:00:00,23.688490289965532
2024-09-02 22:00:00,29.095588308418048
2024-09-02 23:00:00,24.100589558671103
2024-09-03 00:00:00,28.503771696919138
2024-09-03 01:00:00,27.900482071652565
2024-09-03 02:00:00,27.942978140695054
2024-09-03 03:00:00,22.83707635292957
2024-09-03 04:00:00,24.546521350267216
2024-09-03 05:00:00,24.604979075055518
2024-09-03 06:00:00,27.120570278612867
2024-09-03 07:00:00,24.26601183874851
2024-09-03 08:00:00,92.82719542768578
2024-09-03 09:00:00,81.94731244871457
2024-09-03 10:00:00,98.57318488576888
2024-09-03 11:00:00,79.22177751324655
2024-09-03 12:00:00,93.44256218180604
2024-09-03 13:00:00,73.58653444236542
2024-09-03 14:00:00,78.68884833903509
2024-09-03 15:00:00,75.76708368659601
2024-09-03 16:00:00,87.98149609993945
2024-09-03 17:00:00,110.15552317980605
2024-09-03 18:00:00,100.84548434368622
2024-09-03 19:00:00,27.844835088810868
2024-09-03 20:00:00,29.00684628439154
2024-09-03 21:00:00,22.711246836590913
2024-09-03 22:00:00,25.86253820520409
2024-09-03 23:00:00,27.66726341761676
2024-09-04 00:00:00,26.647262769052233
2024-09-04 01:00:00,27.67643269802298
2024-09-04 02:00:00,23.0302539108072
2024-09-04 03:00:00,28.262864335486128
2024-09-04 04:00:00,25.459982773135547
2024-09-04 05:00:00,29.22551004309755
2024-09-04 06:00:00,22.98027710121497
2024-09-04 07:00:00,28.257000805649568
2024-09-04 08:00:00,82.74847719864704
2024-09-04 09:00:00,78.42923149629323
2024-09-04 10:00:00,70.47766831667411
2024-09-04 11:00:00,92.32197329615406
2024-09-04 12:00:00,57.19426292188885
2024-09-04 13:00:00,92.45012994348961
2024-09-04 14:00:00,107.96215633053646
2024-09-04 15:00:00,96.8057533181659
2024-09-04 16:00:00,65.03317784219097
2024-09-04 17:00:00,96.0429024581646
2024-09-04 18:00:00,86.59427629472833
2024-09-04 19:00:00,26.230546234473998
2024-09-04 20:00:00,22.436076551182865
2024-09-04 21:00:00,23.533144918861822
2024-09-04 22:00:00,26.068119585439273
2024-09-04 23:00:00,22.057017987623283
2024-09-05 00:00:00,26.28695226871293
2024-09-05 01:00:00,22.18436238588415
2024-09-05 02:00:00,24.106590928189654
2024-09-05 03:00:00,28.80073182512464
2024-09-05 04:00:00,24.530026024636303
2024-09-05 05:00:00,23.778680912748342
2024-09-05 06:00:00,24.462534099736743
2024-09-05 07:00:00,29.214888977459022
2024-09-05 08:00:00,60.23932510955392
2024-09-05 09:00:00,94.87558757763968
2024-09-05 10:00:00,72.81085816278281
2024-09-05 11:00:00,83.2839173723963
2024-09-05 12:00:00,83.29200243715043
2024-09-05 13:00:00,84.39859478527345
2024-09-05 14:00:00,93.99871390710689
2024-09-05 15:00:00,102.30731027630883
2024-09-05 16:00:00,72.20711209780691
2024-09-05 17:00:00,50.80448729413793
2024-09-05 18:00:00,75.85021336968211
2024-09-05 19:00:00,23.163999742981805
2024-09-05 20:00:00,27.56572795083327
2024-09-05 21:00:00,27.220396630485006
2024-09-05 22:00:00,24.502055614894523
2024-09-05 23:00:00,26.26793143381885
2024-09-06 00:00:00,27.562211275806114
2024-09-06 01:00:00,26.533493670910286
2024-09-06 02:00:00,22.678585142188336
2024-09-06 03:00:00,22.314588866954324
2024-09-06 04:00:00,23.79394584378793
2024-09-06 05:00:00,28.864144171814402
2024-09-06 06:00:00,23.974335532257786
2024-09-06 07:00:00,28.947055265987988
2024-09-06 08:00:00,83.37900545289165
2024-09-06 09:00:00,82.31373324475535
2024-09-06 10:00:00,72.69760580273234
2024-09-06 11:00:00,98.4007260194441
2024-09-06 12:00:00,56.6845203725954
2024-09-06 13:00:00,74.4277515123959
2024-09-06 14:00:00,78.14067658893137
2024-09-06 15:00:00,79.10547617225734
2024-09-06 16:00:00,79.40067672724021
2024-09-06 17:00:00,82.47017948035295
2024-09-06 18:00:00,83.03106617203068
2024-09-06 19:00:00,24.451651387526088
2024-09-06 20:00:00,22.346577358179793
2024-09-06 21:00:00,23.228515528271124
2024-09-06 22:00:00,26.85878061497583
2024-09-06 23:00:00,22.91310135882601
2024-09-07 00:00:00,20.73822589189133
2024-09-07 01:00:00,20.180860140598153
2024-09-07 02:00:00,20.651325600931994
2024-09-07 03:00:00,20.061451656322543
2024-09-07 04:00:00,22.73954123075197
2024-09-07 05:00:00,22.39093143660226
2024-09-07 06:00:00,22.98880066794461
2024-09-07 07:00:00,24.426579788698334
2024-09-07 08:00:00,20.792268526215267
2024-09-07 09:00:00,23.81150074278548
2024-09-07 10:00:00,22.643154476703188
2024-09-07 11:00:00,24.82332913953799
2024-09-07 12:00:00,24.75627492848773
2024-09-07 13:00:00,21.08385858648997
2024-09-07 14:00:00,20.02985904906812
2024-09-07 15:00:00,23.125205265943837
2024-09-07 16:00:00,23.646226310629128
2024-09-07 17:00:00,22.405782734006685
2024-09-07 18:00:00,21.43728022620149
2024-09-07 19:00:00,20.53404628923871
2024-09-07 20:00:00,23.913517507620405
2024-09-07 21:00:00,23.561644080857015
2024-09-07 22:00:00,22.969789547762414
2024-09-07 23:00:00,23.619856459519255
2024-09-08 00:00:00,20.732146258250964
2024-09-08 01:00:00,20.229584000054015
2024-09-08 02:00:00,23.65915780365163
2024-09-08 03:00:00,20.22728655714547
2024-09-08 04:00:00,23.06167074185919
2024-09-08 05:00:00,23.683552328375256
2024-09-08 06:00:00,20.51914204485625
2024-09-08 07:00:00,23.392178275019575
2024-09-08 08:00:00,24.38677982090269
2024-09-08 09:00:00,20.815589760766024
2024-09-08 10:00:00,22.422698064806912
2024-09-08 11:00:00,21.041758131430562
2024-09-08 12:00:00,23.0698860267104
2024-09-08 13:00:00,24.323110775643727
2024-09-08 14:00:00,20.441990678493426
2024-09-08 15:00:00,23.567425247727897
2024-09-08 16:00:00,21.074312432900935
2024-09-08 17:00:00,24.04195648361394
2024-09-08 18:00:00,21.93042139078472
2024-09-08 19:00:00,24.59526749323844
2024-09-08 20:00:00,20.650225961705768
2024-09-08 21:00:00,23.221216567241427
2024-09-08 22:00:00,24.347659581837604
2024-09-08 23:00:00,20.54564200382834
2024-09-09 00:00:00,24.645764360728734
2024-09-09 01:00:00,28.326231159243715
2024-09-09 02:00:00,22.95333842188852
2024-09-09 03:00:00,26.09464574805773
2024-09-09 04:00:00,25.853104323590316
2024-09-09 05:00:00,28.66807434615079
2024-09-09 06:00:00,24.47235507827501
2024-09-09 07:00:00,27.839808742036304
2024-09-09 08:00:00,83.42980528677937
2024-09-09 09:00:00,86.13709244148984
2024-09-09 10:00:00,66.15588304210597
2024-09-09 11:00:00,92.034871433338
2024-09-09 12:00:00,96.10581473691042
2024-09-09 13:00:00,87.89785752786376
2024-09-09 14:00:00,79.41804416336993
2024-09-09 15:00:00,102.66377765315951
2024-09-09 16:00:00,86.50447205468788
2024-09-09 17:00:00,70.8466408161876
2024-09-09 18:00:00,79.61683753467102
2024-09-09 19:00:00,24.074642781266203
2024-09-09 20:00:00,24.3592068756427
2024-09-09 21:00:00,29.192209770125423
2024-09-09 22:00:00,23.421532028773655
2024-09-09 23:00:00,24.47840724057653
2024-09-10 00:00:00,26.3427277207196
2024-09-10 01:00:00,24.40371629446259
2024-09-10 02:00:00,29.03259067717343
2024-09-10 03:00:00,26.127345720512224
2024-09-10 04:00:00,25.127885337579226
2024-09-10 05:00:00,25.839375744371402
2024-09-10 06:00:00,25.67520515497178
2024-09-10 07:00:00,24.018894959614236
2024-09-10 08:00:00,60.42498046239254
2024-09-10 09:00:00,108.3133375489885
2024-09-10 10:00:00,69.33599680862122
2024-09-10 11:00:00,97.01096114983181
2024-09-10 12:00:00,108.48144405606021
2024-09-10 13:00:00,72.72947662468701
2024-09-10 14:00:00,66.22577438232207
2024-09-10 15:00:00,94.32664981737715
2024-09-10 16:00:00,73.1259110873913
2024-09-10 17:00:00,74.53632969746283
2024-09-10 18:00:00,81.81338613637904
2024-09-10 19:00:00,26.742359216013455
2024-09-10 20:00:00,23.96985534019463
2024-09-10 21:00:00,29.530671190239417
2024-09-10 22:00:00,23.89821438053089
2024-09-10 23:00:00,23.24374549660805
2024-09-11 00:00:00,23.434014919881545
2024-09-11 01:00:00,26.706312909154125
2024-09-11 02:00:00,28.05046487174301
2024-09-11 03:00:00,27.8400039847154
2024-09-11 04:00:00,28.267218582815826
2024-09-11 05:00:00,24.817372286628377
2024-09-11 06:00:00,27.70004647960227
2024-09-11 07:00:00,24.40003104514225
2024-09-11 08:00:00,116.9423707004297
2024-09-11 09:00:00,89.92351834794704
2024-09-11 10:00:00,99.96026889712758
2024-09-11 11:00:00,62.19078398087676
2024-09-11 12:00:00,81.40575898607356
2024-09-11 13:00:00,71.10152507035772
2024-09-11 14:00:00,67.46095766936652
2024-09-11 15:00:00,69.96382433406112
2024-09-11 16:00:00,77.9335690600895
2024-09-11 17:00:00,80.25127390872919
2024-09-11 18:00:00,76.35537070510415
2024-09-11 19:00:00,26.417574088213662
2024-09-11 20:00:00,23.700703666101973
2024-09-11 21:00:00,29.020305727049916
2024-09-11 22:00:00,25.98864054234241
2024-09-11 23:00:00,27.89936235617214
2024-09-12 00:00:00,27.178966234528165
2024-09-12 01:00:00,24.19295069308562
2024-09-12 02:00:00,29.91352792613148
2024-09-12 03:00:00,22.281571996871016
2024-09-12 04:00:00,26.136486581795836
2024-09-12 05:00:00,28.2492647893423
2024-09-12 06:00:00,22.191211021921173
2024-09-12 07:00:00,28.351247332592692
2024-09-12 08:00:00,111.35628359730369
2024-09-12 09:00:00,76.55432800964161
2024-09-12 10:00:00,77.79100619971172
2024-09-12 11:00:00,119.3166149393025
2024-09-12 12:00:00,81.66874316141305
2024-09-12 13:00:00,67.56840465569988
2024-09-12 14:00:00,89.68285424800939
2024-09-12 15:00:00,90.67917864245278
2024-09-12 16:00:00,72.99459197838286
2024-09-12 17:00:00,87.09182188422449
2024-09-12 18:00:00,62.041607299446916
2024-09-12 19:00:00,27.03159324489857
2024-09-12 20:00:00,28.93736351836075
2024-09-12 21:00:00,26.544245809098157
2024-09-12 22:00:00,25.867295183801264
2024-09-12 23:00:00,26.671292586719098
2024-09-13 00:00:00,26.33361130818225
2024-09-13 01:00:00,28.420301304257507
2024-09-13 02:00:00,22.95488879827172
2024-09-13 03:00:00,22.54111343951606
2024-09-13 04:00:00,22.456228290036485
2024-09-13 05:00:00,27.145431451103807
2024-09-13 06:00:00,23.86456446508905
2024-09-13 07:00:00,29.407227134051194
2024-09-13 08:00:00,74.80958044374735
2024-09-13 09:00:00,99.93513760437631
2024-09-13 10:00:00,81.02538239574594
2024-09-13 11:00:00,91.66735036074954
2024-09-13 12:00:00,86.24378758666096
2024-09-13 13:00:00,78.0395944837754
2024-09-13 14:00:00,73.21468973890777
2024-09-13 15:00:00,53.13311981816075
2024-09-13 16:00:00,107.4370593090895
2024-09-13 17:00:00,92.31498782273098
2024-09-13 18:00:00,80.45925166352755
2024-09-13 19:00:00,26.66480065818139
2024-09-13 20:00:00,23.54437496892913
2024-09-13 21:00:00,29.3645497494046
2024-09-13 22:00:00,28.082600225786557
2024-09-13 23:00:00,26.20486826545671
2024-09-14 00:00:00,23.850405714921422
2024-09-14 01:00:00,22.44738155834731
2024-09-14 02:00:00,24.97046865904983
2024-09-14 03:00:00,21.76216868285766
2024-09-14 04:00:00,21.823435839299435
2024-09-14 05:00:00,21.245212648606394
2024-09-14 06:00:00,22.47299419190981
2024-09-14 07:00:00,24.607945375585736
2024-09-14 08:00:00,24.948134029244788
2024-09-14 09:00:00,24.30060728195725
2024-09-14 10:00:00,20.752548755507075
2024-09-14 11:00:00,22.37503267122474
2024-09-14 12:00:00,21.776820292078924
2024-09-14 13:00:00,21.829768697162578
2024-09-14 14:00:00,21.707804061443234
2024-09-14 15:00:00,24.001505309787273
2024-09-14 16:00:00,24.053349733716487
2024-09-14 17:00:00,20.729336382039495
2024-09-14 18:00:00,21.924974185050225
2024-09-14 19:00:00,22.102717564732192
2024-09-14 20:00:00,20.611499408550866
2024-09-14 21:00:00,22.03111024211676
2024-09-14 22:00:00,23.09408888651212
2024-09-14 23:00:00,23.328453885663976
2024-09-15 00:00:00,21.791364434732227
2024-09-15 01:00:00,21.68221779728888
2024-09-15 02:00:00,21.17267068897399
2024-09-15 03:00:00,24.125937816282875
2024-09-15 04:00:00,22.540653032892337
2024-09-15 05:00:00,21.08733528056963
2024-09-15 06:00:00,24.147930172185223
2024-09-15 07:00:00,21.515844971010985
2024-09-15 08:00:00,23.067224997007262
2024-09-15 09:00:00,23.094368494104337
2024-09-15 10:00:00,22.914104027619114
2024-09-15 11:00:00,22.47511423102394
2024-09-15 12:00:00,23.350286684468053
2024-09-15 13:00:00,21.73521229851916
2024-09-15 14:00:00,24.77502949162132
2024-09-15 15:00:00,24.142165358712653
2024-09-15 16:00:00,23.824522218703795
2024-09-15 17:00:00,21.25033563167561
2024-09-15 18:00:00,24.62567184931443
2024-09-15 19:00:00,20.821047093661445
2024-09-15 20:00:00,24.703885126444007
2024-09-15 21:00:00,20.12590258074307
2024-09-15 22:00:00,24.884409541511104
2024-09-15 23:00:00,24.498494916283402
2024-09-16 00:00:00,25.807880809687425
2024-09-16 01:00:00,29.669903525968273
2024-09-16 02:00:00,25.14928625085192
2024-09-16 03:00:00,24.180514535183136
2024-09-16 04:00:00,25.070337565622083
2024-09-16 05:00:00,22.16201459181509
2024-09-16 06:00:00,24.77335280946608
2024-09-16 07:00:00,29.596276901114692
2024-09-16 08:00:00,74.65926389829967
2024-09-16 09:00:00,73.02752437135776
2024-09-16 10:00:00,82.7601631675096
2024-09-16 11:00:00,70.49468952142594
2024-09-16 12:00:00,96.26299143536059
2024-09-16 13:00:00,95.77355859732026
2024-09-16 14:00:00,68.43109069017437
2024-09-16 15:00:00,70.18214161803888
2024-09-16 16:00:00,71.9194496818517
2024-09-16 17:00:00,117.89584060771628
2024-09-16 18:00:00,102.99318124941539
2024-09-16 19:00:00,26.085369431328296
2024-09-16 20:00:00,29.005529574365674
2024-09-16 21:00:00,24.7051829004353
2024-09-16 22:00:00,27.541647466448424
2024-09-16 23:00:00,29.282049383545377
2024-09-17 00:00:00,26.29051558586711
2024-09-17 01:00:00,25.74086065797743
2024-09-17 02:00:00,25.7413236521422
2024-09-17 03:00:00,28.02608469697958
2024-09-17 04:00:00,23.39829409958872
2024-09-17 05:00:00,29.517910826157376
2024-09-17 06:00:00,22.096970607556504
2024-09-17 07:00:00,27.59180430430593
2024-09-17 08:00:00,72.4044089042639
2024-09-17 09:00:00,54.21330334177841
2024-09-17 10:00:00,106.41843477933466
2024-09-17 11:00:00,73.69359442006149
2024-09-17 12:00:00,58.69476992001435
2024-09-17 13:00:00,101.46399244212394
2024-09-17 14:00:00,69.39645829897856
2024-09-17 15:00:00,88.6568709416729
2024-09-17 16:00:00,62.829166863273386
2024-09-17 17:00:00,62.43760486268262
2024-09-17 18:00:00,85.51212464411068
2024-09-17 19:00:00,22.086562018730312
2024-09-17 20:00:00,25.900736397348286
2024-09-17 21:00:00,23.590875983909605
2024-09-17 22:00:00,29.250329309382277
2024-09-17 23:00:00,23.29173944754739
2024-09-18 00:00:00,29.599018535445065
2024-09-18 01:00:00,27.78487015245627
2024-09-18 02:00:00,27.29487754451042
2024-09-18 03:00:00,26.014647997532006
2024-09-18 04:00:00,27.97548466825318
2024-09-18 05:00:00,25.16031753971952
2024-09-18 06:00:00,23.412348649058664
2024-09-18 07:00:00,28.663045726737483
2024-09-18 08:00:00,94.94518418938733
2024-09-18 09:00:00,95.904345888158
2024-09-18 10:00:00,107.70916234639591
2024-09-18 11:00:00,69.84920074968856
2024-09-18 12:00:00,102.67882233784171
2024-09-18 13:00:00,62.01173854352494
2024-09-18 14:00:00,107.0749942422756
2024-09-18 15:00:00,65.81761562189915
2024-09-18 16:00:00,75.18795209948313
2024-09-18 17:00:00,70.182190930236
2024-09-18 18:00:00,89.9847213091246
2024-09-18 19:00:00,22.867343029585737
2024-09-18 20:00:00,29.421085422071176
2024-09-18 21:00:00,25.23338002935426
2024-09-18 22:00:00,29.614215534731755
2024-09-18 23:00:00,24.189636651646495
2024-09-19 00:00:00,29.345903440146976
2024-09-19 01:00:00,26.276454046272633
2024-09-19 02:00:00,26.763424307446716
2024-09-19 03:00:00,22.306047968829397
2024-09-19 04:00:00,29.31230502481084
2024-09-19 05:00:00,26.919266992820095
2024-09-19 06:00:00,24.828917596582343
2024-09-19 07:00:00,27.626018082961302
2024-09-19 08:00:00,80.79618125650018
2024-09-19 09:00:00,80.95502491173986
2024-09-19 10:00:00,82.35612090392476
2024-09-19 11:00:00,83.16516209694868
2024-09-19 12:00:00,108.75199348206925
2024-09-19 13:00:00,98.47418532575615
2024-09-19 14:00:00,95.07899274330516
2024-09-19 15:00:00,106.26215540237882
2024-09-19 16:00:00,97.94496969041134
2024-09-19 17:00:00,85.8281586285309
2024-09-19 18:00:00,76.98832511905687
2024-09-19 19:00:00,27.705998490347007
2024-09-19 20:00:00,23.784092635357162
2024-09-19 21:00:00,25.69802930115454
2024-09-19 22:00:00,23.92902138279287
2024-09-19 23:00:00,26.06329441090804
2024-09-20 00:00:00,23.43719509069013
2024-09-20 01:00:00,25.67451317095054
2024-09-20 02:00:00,26.902342618942797
2024-09-20 03:00:00,26.145142895772413
2024-09-20 04:00:00,24.501795089067656
2024-09-20 05:00:00,22.397923036058124
2024-09-20 06:00:00,25.054908185084507
2024-09-20 07:00:00,22.87843585517028
2024-09-20 08:00:00,84.97503567439279
2024-09-20 09:00:00,56.10788034149989
2024-09-20 10:00:00,83.46402322201708
2024-09-20 11:00:00,94.34867911867889
2024-09-20 12:00:00,81.20761145014787
2024-09-20 13:00:00,84.28281562798257
2024-09-20 14:00:00,96.4409514097634
2024-09-20 15:00:00,88.49241083169014
2024-09-20 16:00:00,84.33971962999019
2024-09-20 17:00:00,76.1300995892661
2024-09-20 18:00:00,65.7161469809366
2024-09-20 19:00:00,22.957837506651288
2024-09-20 20:00:00,26.87697582894323
2024-09-20 21:00:00,25.137275908308553
2024-09-20 22:00:00,28.37284082038984
2024-09-20 23:00:00,22.971157078023047
2024-09-21 00:00:00,23.13707938531898
2024-09-21 01:00:00,24.293437179227265
2024-09-21 02:00:00,21.15977622375227
2024-09-21 03:00:00,23.544487557987097
2024-09-21 04:00:00,20.58813711916515
2024-09-21 05:00:00,21.864296052976147
2024-09-21 06:00:00,23.917685006940914
2024-09-21 07:00:00,23.120564251300166
2024-09-21 08:00:00,21.57432435702035
2024-09-21 09:00:00,22.84096825469697
2024-09-21 10:00:00,21.017740277418977
2024-09-21 11:00:00,21.322245463500185
2024-09-21 12:00:00,21.274578779083214
2024-09-21 13:00:00,20.45825030859337
2024-09-21 14:00:00,20.818498069130968
2024-09-21 15:00:00,24.776733999540323
2024-09-21 16:00:00,20.19119113082267
2024-09-21 17:00:00,22.457295176534515
2024-09-21 18:00:00,22.211391954487798
2024-09-21 19:00:00,22.82277587020599
2024-09-21 20:00:00,22.357483090290955
2024-09-21 21:00:00,21.782296375637365
2024-09-21 22:00:00,21.974876401928302
2024-09-21 23:00:00,20.818865573488065
2024-09-22 00:00:00,23.370416684088163
2024-09-22 01:00:00,21.96961235422198
2024-09-22 02:00:00,22.556019225975565
2024-09-22 03:00:00,20.508227375135373
2024-09-22 04:00:00,20.728387253710594
2024-09-22 05:00:00,22.8416705127931
2024-09-22 06:00:00,24.516086685778085
2024-09-22 07:00:00,21.816578913961436
2024-09-22 08:00:00,20.161442626935408
2024-09-22 09:00:00,24.876206172309942
2024-09-22 10:00:00,20.988602337673886
2024-09-22 11:00:00,21.246924885382526
2024-09-22 12:00:00,23.447883583587128
2024-09-22 13:00:00,22.359228233248793
2024-09-22 14:00:00,24.408760652004133
2024-09-22 15:00:00,20.874538365198735
2024-09-22 16:00:00,24.16260973446832
2024-09-22 17:00:00,20.50582602778408
2024-09-22 18:00:00,22.09938214723927
2024-09-22 19:00:00,23.471730348771676
2024-09-22 20:00:00,24.075986353264767
2024-09-22 21:00:00,21.012644140821862
2024-09-22 22:00:00,23.817198754854324
2024-09-22 23:00:00,21.146979359333333
2024-09-23 00:00:00,25.041059262445877
2024-09-23 01:00:00,24.793528901522684
2024-09-23 02:00:00,27.467113897119937
2024-09-23 03:00:00,24.934432666894708
2024-09-23 04:00:00,27.510339388548026
2024-09-23 05:00:00,29.99670395522097
2024-09-23 06:00:00,28.119590539238626
2024-09-23 07:00:00,23.27799169480776
2024-09-23 08:00:00,63.98625220300661
2024-09-23 09:00:00,103.94324628152054
2024-09-23 10:00:00,88.70382610112176
2024-09-23 11:00:00,88.33732699249937
2024-09-23 12:00:00,74.49076139483614
2024-09-23 13:00:00,79.96678180502603
2024-09-23 14:00:00,73.57405470105685
2024-09-23 15:00:00,73.42614122649329
2024-09-23 16:00:00,93.6857769863793
2024-09-23 17:00:00,92.83564942148402
2024-09-23 18:00:00,81.2735117109126
2024-09-23 19:00:00,25.539391082447814
2024-09-23 20:00:00,26.822613577127346
2024-09-23 21:00:00,22.424246656689974
2024-09-23 22:00:00,22.06533610646372
2024-09-23 23:00:00,22.046072848891004
2024-09-24 00:00:00,24.892511581639692
2024-09-24 01:00:00,25.08388906402247
2024-09-24 02:00:00,24.94336334931824
2024-09-24 03:00:00,28.661546261877895
2024-09-24 04:00:00,26.4624740565029
2024-09-24 05:00:00,23.546481245230677
2024-09-24 06:00:00,25.91943162395104
2024-09-24 07:00:00,26.989759097572588
2024-09-24 08:00:00,108.0534471703199
2024-09-24 09:00:00,81.81977293827657
2024-09-24 10:00:00,90.88223959426686
2024-09-24 11:00:00,74.65560564728182
2024-09-24 12:00:00,92.60155463978683
2024-09-24 13:00:00,101.24985014407966
2024-09-24 14:00:00,83.30373722050507
2024-09-24 15:00:00,59.60196328337295
2024-09-24 16:00:00,58.886054915987955
2024-09-24 17:00:00,83.13435853543506
2024-09-24 18:00:00,89.7562656683456
2024-09-24 19:00:00,23.581405332382715
2024-09-24 20:00:00,25.73217705750551
2024-09-24 21:00:00,29.902387240073892
2024-09-24 22:00:00,24.649492915933287
2024-09-24 23:00:00,25.643924599928802
2024-09-25 00:00:00,25.83835166331505
2024-09-25 01:00:00,23.84189586862012
2024-09-25 02:00:00,29.185622611703593
2024-09-25 03:00:00,25.74112070446321
2024-09-25 04:00:00,25.772076173841384
2024-09-25 05:00:00,29.761556769048543
2024-09-25 06:00:00,28.394555859010293
2024-09-25 07:00:00,27.464915835676678
2024-09-25 08:00:00,67.9476638250757
2024-09-25 09:00:00,83.11186156428197
2024-09-25 10:00:00,71.2109507568228
2024-09-25 11:00:00,86.18019807664115
2024-09-25 12:00:00,91.2865482556061
2024-09-25 13:00:00,93.55587352974132
2024-09-25 14:00:00,94.01121521171001
2024-09-25 15:00:00,88.0917730647957
2024-09-25 16:00:00,73.31019299234096
2024-09-25 17:00:00,85.9249898229937
2024-09-25 18:00:00,97.05870150955806
2024-09-25 19:00:00,24.19665004863257
2024-09-25 20:00:00,29.047098198507538
2024-09-25 21:00:00,27.330918994090716
2024-09-25 22:00:00,25.038978384517726
2024-09-25 23:00:00,23.616962988227844
2024-09-26 00:00:00,28.591127395272913
2024-09-26 01:00:00,23.458577390652714
2024-09-26 02:00:00,28.433503774949553
2024-09-26 03:00:00,28.326729088502354
2024-09-26 04:00:00,25.635732640904536
2024-09-26 05:00:00,22.40800517420423
2024-09-26 06:00:00,28.19245980174252
2024-09-26 07:00:00,24.302478217840953
2024-09-26 08:00:00,84.88137844395098
2024-09-26 09:00:00,63.416016606978125
2024-09-26 10:00:00,76.63057116367297
2024-09-26 11:00:00,89.96969904029729
2024-09-26 12:00:00,93.2415255427342
2024-09-26 13:00:00,68.75114352893166
2024-09-26 14:00:00,83.9308868382695
2024-09-26 15:00:00,85.82841435709663
2024-09-26 16:00:00,109.87831918945739
2024-09-26 17:00:00,91.04686563399198
2024-09-26 18:00:00,99.77820367559954
2024-09-26 19:00:00,23.38115739822629
2024-09-26 20:00:00,25.44330483635666
2024-09-26 21:00:00,28.88648775317886
2024-09-26 22:00:00,27.87520915401086
2024-09-26 23:00:00,25.43271428072185
2024-09-27 00:00:00,24.10707027159227
2024-09-27 01:00:00,26.056504419291336
2024-09-27 02:00:00,22.322441002131992
2024-09-27 03:00:00,27.412958104280282
2024-09-27 04:00:00,22.372227745241837
2024-09-27 05:00:00,23.024630361050097
2024-09-27 06:00:00,22.869869194843464
2024-09-27 07:00:00,28.24374784807555
2024-09-27 08:00:00,109.16156583527942
2024-09-27 09:00:00,89.21531004468139
2024-09-27 10:00:00,104.6126824360252
2024-09-27 11:00:00,97.15650493064905
2024-09-27 12:00:00,90.90856220828297
2024-09-27 13:00:00,83.75696983698168
2024-09-27 14:00:00,77.53384257153778
2024-09-27 15:00:00,92.0930032097922
2024-09-27 16:00:00,93.15824288328292
2024-09-27 17:00:00,72.29633290692126
2024-09-27 18:00:00,97.78687520939025
2024-09-27 19:00:00,29.04807632579035
2024-09-27 20:00:00,23.54551982899035
2024-09-27 21:00:00,25.022091211166213
2024-09-27 22:00:00,25.511312940347015
2024-09-27 23:00:00,27.96271627354679
2024-09-28 00:00:00,21.610071809952036
2024-09-28 01:00:00,22.165627782052802
2024-09-28 02:00:00,24.614474255425854
2024-09-28 03:00:00,21.159779202745604
2024-09-28 04:00:00,23.25718823195638
2024-09-28 05:00:00,24.348054173383506
2024-09-28 06:00:00,22.671704029097995
2024-09-28 07:00:00,20.343937546024318
2024-09-28 08:00:00,21.94158020240544
2024-09-28 09:00:00,20.91195613292519
2024-09-28 10:00:00,24.22190859551431
2024-09-28 11:00:00,22.556661391726067
2024-09-28 12:00:00,20.984756437145386
2024-09-28 13:00:00,24.83198092202741
2024-09-28 14:00:00,22.885543709734414
2024-09-28 15:00:00,23.944698965318974
2024-09-28 16:00:00,22.348217734552353
2024-09-28 17:00:00,22.456673020834273
2024-09-28 18:00:00,21.503058538939005
2024-09-28 19:00:00,24.58360299672951
2024-09-28 20:00:00,24.242959820553892
2024-09-28 21:00:00,23.79740794942696
2024-09-28 22:00:00,24.330935064764688
2024-09-28 23:00:00,23.435538342265872
2024-09-29 00:00:00,22.78206613047123
2024-09-29 01:00:00,24.350953712442248
2024-09-29 02:00:00,22.486147813885708
2024-09-29 03:00:00,21.49785386484138
2024-09-29 04:00:00,22.572918158150816
2024-09-29 05:00:00,20.524728125881033
2024-09-29 06:00:00,20.6479440970471
2024-09-29 07:00:00,20.505755109020583
2024-09-29 08:00:00,21.784985984847918
2024-09-29 09:00:00,20.720665514094275
2024-09-29 10:00:00,24.303535192064764
2024-09-29 11:00:00,20.3566232680932
2024-09-29 12:00:00,21.35838742998767
2024-09-29 13:00:00,22.196423217008235
2024-09-29 14:00:00,23.188177888330994
2024-09-29 15:00:00,20.90641680923367
2024-09-29 16:00:00,24.395695946193744
2024-09-29 17:00:00,21.516618149369076
2024-09-29 18:00:00,24.855125316201807
2024-09-29 19:00:00,24.57375066265312
2024-09-29 20:00:00,21.12026468886788
2024-09-29 21:00:00,20.003579016616584
2024-09-29 22:00:00,23.74345968199147
2024-09-29 23:00:00,23.0046875088285
2024-09-30 00:00:00,28.331859588566008
2024-09-30 01:00:00,27.221244766549663
2024-09-30 02:00:00,28.773662141693606
2024-09-30 03:00:00,23.200008956105236
2024-09-30 04:00:00,25.299524813833578
2024-09-30 05:00:00,26.637877529860116
2024-09-30 06:00:00,25.800706510681458
2024-09-30 07:00:00,22.592768883468267
2024-09-30 08:00:00,95.66572740235559
2024-09-30 09:00:00,78.88913018541325
2024-09-30 10:00:00,90.47585331273595
2024-09-30 11:00:00,82.11310445943303
2024-09-30 12:00:00,66.62429451560376
2024-09-30 13:00:00,104.44158050522886
2024-09-30 14:00:00,100.94327671950842
2024-09-30 15:00:00,70.97674142659312
2024-09-30 16:00:00,91.84247644939639
2024-09-30 17:00:00,66.81025651308254
2024-09-30 18:00:00,103.24606376641195
2024-09-30 19:00:00,27.30433474175069
2024-09-30 20:00:00,23.851083197902998
2024-09-30 21:00:00,29.33919223540282
2024-09-30 22:00:00,24.97448507864892
2024-09-30 23:00:00,23.868199200642188
2024-10-01 00:00:00,22.798884321925442
2024-10-01 01:00:00,29.817196222366437
2024-10-01 02:00:00,24.136334723415857
2024-10-01 03:00:00,24.408144008242843
2024-10-01 04:00:00,29.606913883540138
2024-10-01 05:00:00,24.100159456194923
2024-10-01 06:00:00,22.300622931434155
2024-10-01 07:00:00,22.184180322641787
2024-10-01 08:00:00,108.55256444199557
2024-10-01 09:00:00,53.881972194539756
2024-10-01 10:00:00,92.71271247615206
2024-10-01 11:00:00,94.00004785822277
2024-10-01 12:00:00,71.26452562936737
2024-10-01 13:00:00,75.12242104716599
2024-10-01 14:00:00,92.44721643850974
2024-10-01 15:00:00,105.36501223499624
2024-10-01 16:00:00,61.68660411703469
2024-10-01 17:00:00,106.29025390142067
2024-10-01 18:00:00,92.51624927736182
2024-10-01 19:00:00,27.968063623030826
2024-10-01 20:00:00,29.37780031577164
2024-10-01 21:00:00,24.275905088078204
2024-10-01 22:00:00,26.27676364975712
2024-10-01 23:00:00,24.679182184191372
2024-10-02 00:00:00,29.186114053170233
2024-10-02 01:00:00,27.534330733522808
2024-10-02 02:00:00,28.079782403930356
2024-10-02 03:00:00,25.174433774890566
2024-10-02 04:00:00,29.4553257420294
2024-10-02 05:00:00,25.336708463424355
2024-10-02 06:00:00,27.892174964608166
2024-10-02 07:00:00,26.101072371762807
2024-10-02 08:00:00,84.74107542228066
2024-10-02 09:00:00,85.72646782613462
2024-10-02 10:00:00,83.83359495821833
2024-10-02 11:00:00,103.41671549750906
2024-10-02 12:00:00,97.48297450026816
2024-10-02 13:00:00,62.708804654226675
2024-10-02 14:00:00,79.65401021807558
2024-10-02 15:00:00,56.83651891645568
2024-10-02 16:00:00,70.78141849752893
2024-10-02 17:00:00,103.17827788701905
2024-10-02 18:00:00,95.75651655416124
2024-10-02 19:00:00,22.191786682478206
2024-10-02 20:00:00,23.59447211745851
2024-10-02 21:00:00,23.72432590049127
2024-10-02 22:00:00,24.587658402172412
2024-10-02 23:00:00,26.854273069987137
2024-10-03 00:00:00,22.231031726969437
2024-10-03 01:00:00,27.612587017456732
2024-10-03 02:00:00,24.514747287245825
2024-10-03 03:00:00,29.99559444460208
2024-10-03 04:00:00,26.14904888310629
2024-10-03 05:00:00,26.132758015716657
2024-10-03 06:00:00,22.225274162239977
2024-10-03 07:00:00,29.96607482760077
2024-10-03 08:00:00,98.98319000730078
2024-10-03 09:00:00,80.54066309678403
2024-10-03 10:00:00,109.46413968525039
2024-10-03 11:00:00,79.10916390648396
2024-10-03 12:00:00,83.9987213746624
2024-10-03 13:00:00,101.7373266007979
2024-10-03 14:00:00,73.85852946578002
2024-10-03 15:00:00,84.35871176564024
2024-10-03 16:00:00,67.05940289815129
2024-10-03 17:00:00,92.0395434521942
2024-10-03 18:00:00,93.47719992465593
2024-10-03 19:00:00,26.99117409963623
2024-10-03 20:00:00,22.986375605909476
2024-10-03 21:00:00,23.65351836155828
2024-10-03 22:00:00,22.11832134171074
2024-10-03 23:00:00,22.414838232543232
2024-10-04 00:00:00,28.640821028459495
2024-10-04 01:00:00,25.73686376871171
2024-10-04 02:00:00,23.343590224570292
2024-10-04 03:00:00,23.698656098212986
2024-10-04 04:00:00,26.743699549276364
2024-10-04 05:00:00,27.737379338513964
2024-10-04 06:00:00,22.961936066295625
2024-10-04 07:00:00,25.256531288596044
2024-10-04 08:00:00,85.37315625435073
2024-10-04 09:00:00,94.49103486725467
2024-10-04 10:00:00,117.18287696384546
2024-10-04 11:00:00,51.00557360690855
2024-10-04 12:00:00,56.87711963183038
2024-10-04 13:00:00,118.89923674922669
2024-10-04 14:00:00,102.35369867945964
2024-10-04 15:00:00,81.5973626468498
2024-10-04 16:00:00,55.864972613118454
2024-10-04 17:00:00,84.06094145375938
2024-10-04 18:00:00,96.60048659025375
2024-10-04 19:00:00,22.591056351692536
2024-10-04 20:00:00,22.1495641621273
2024-10-04 21:00:00,26.901386225335735
2024-10-04 22:00:00,23.01694147844116
2024-10-04 23:00:00,23.21000273517847
2024-10-05 00:00:00,21.87395855766858
2024-10-05 01:00:00,24.11611693084285
2024-10-05 02:00:00,21.654171805706056
2024-10-05 03:00:00,21.11016029210909
2024-10-05 04:00:00,24.436573492022312
2024-10-05 05:00:00,21.739130207127978
2024-10-05 06:00:00,20.288226005633494
2024-10-05 07:00:00,23.933564363814938
2024-10-05 08:00:00,21.863038704262507
2024-10-05 09:00:00,23.935434291499632
2024-10-05 10:00:00,20.268881374489894
2024-10-05 11:00:00,24.655638103227496
2024-10-05 12:00:00,22.516097644767605
2024-10-05 13:00:00,24.1638209755798
2024-10-05 14:00:00,22.732819665589734
2024-10-05 15:00:00,20.00892005136798
2024-10-05 16:00:00,20.993153002993182
2024-10-05 17:00:00,24.01354180143544
2024-10-05 18:00:00,20.763814904954177
2024-10-05 19:00:00,23.894529889225446
2024-10-05 20:00:00,24.95819092650747
2024-10-05 21:00:00,22.35598712908591
2024-10-05 22:00:00,23.211308496686353
2024-10-05 23:00:00,24.845059041207577
2024-10-06 00:00:00,21.4569479211695
2024-10-06 01:00:00,23.477320480295013
2024-10-06 02:00:00,23.128357189729375
2024-10-06 03:00:00,24.840590623110096
2024-10-06 04:00:00,21.37954760747703
2024-10-06 05:00:00,24.02931412805416
2024-10-06 06:00:00,23.923517140668707
2024-10-06 07:00:00,21.267601305911523
2024-10-06 08:00:00,21.501239626297917
2024-10-06 09:00:00,20.43942910472809
2024-10-06 10:00:00,21.440377334483248
2024-10-06 11:00:00,24.641414872363335
2024-10-06 12:00:00,20.910482483659084
2024-10-06 13:00:00,24.313861909726707
2024-10-06 14:00:00,22.89246658975642
2024-10-06 15:00:00,21.702938661363202
2024-10-06 16:00:00,21.55929454476434
2024-10-06 17:00:00,24.749579805222016
2024-10-06 18:00:00,20.90487785872695
2024-10-06 19:00:00,23.080825872620416
2024-10-06 20:00:00,20.496856565826466
2024-10-06 21:00:00,22.533810188367887
2024-10-06 22:00:00,21.36438087493986
2024-10-06 23:00:00,24.83847536611552
2024-10-07 00:00:00,22.88848869901331
2024-10-07 01:00:00,29.486398447235953
2024-10-07 02:00:00,23.2120879713645
2024-10-07 03:00:00,27.19194410887179
2024-10-07 04:00:00,22.80292505571377
2024-10-07 05:00:00,24.31340969725378
2024-10-07 06:00:00,25.060429731627277
2024-10-07 07:00:00,27.18735844530591
2024-10-07 08:00:00,107.30996509698022
2024-10-07 09:00:00,106.44858134384023
2024-10-07 10:00:00,84.04286417055832
2024-10-07 11:00:00,90.2157388037424
2024-10-07 12:00:00,90.47419720464387
2024-10-07 13:00:00,69.92056935221501
2024-10-07 14:00:00,94.17357418505338
2024-10-07 15:00:00,74.52632929010633
2024-10-07 16:00:00,81.64151360183396
2024-10-07 17:00:00,86.09798950503234
2024-10-07 18:00:00,68.84561059970301
2024-10-07 19:00:00,24.550293199226697
2024-10-07 20:00:00,24.313598125300544
2024-10-07 21:00:00,25.31726900591689
2024-10-07 22:00:00,27.75159974013218
2024-10-07 23:00:00,24.65164647505645
2024-10-08 00:00:00,24.494146440689207
2024-10-08 01:00:00,28.91430286904511
2024-10-08 02:00:00,22.14952866684608
2024-10-08 03:00:00,23.265289341988023
2024-10-08 04:00:00,27.375534301705688
2024-10-08 05:00:00,25.10191082097946
2024-10-08 06:00:00,25.057060720278795
2024-10-08 07:00:00,23.46085488796931
2024-10-08 08:00:00,102.82375977646595
2024-10-08 09:00:00,96.40304931471398
2024-10-08 10:00:00,71.08392104943826
2024-10-08 11:00:00,56.25318745884134
2024-10-08 12:00:00,79.46949689683501
2024-10-08 13:00:00,86.29806614029658
2024-10-08 14:00:00,68.29257663256529
2024-10-08 15:00:00,62.74188789797172
2024-10-08 16:00:00,80.57384763413748
2024-10-08 17:00:00,90.24813601370474
2024-10-08 18:00:00,87.73918461653501
2024-10-08 19:00:00,26.61117428172262
2024-10-08 20:00:00,25.640185489571614
2024-10-08 21:00:00,29.802580767598897
2024-10-08 22:00:00,23.034336009202935
2024-10-08 23:00:00,22.455037827677195
2024-10-09 00:00:00,28.12209405338057
2024-10-09 01:00:00,25.051188695929035
2024-10-09 02:00:00,27.249564055898716
2024-10-09 03:00:00,24.485601832289348
2024-10-09 04:00:00,29.40201099449299
2024-10-09 05:00:00,27.08025748013779
2024-10-09 06:00:00,28.90613023671563
2024-10-09 07:00:00,22.856431353990878
2024-10-09 08:00:00,83.10295949719053
2024-10-09 09:00:00,58.235757448093
2024-10-09 10:00:00,61.56025109217111
2024-10-09 11:00:00,95.34783049776047
2024-10-09 12:00:00,96.76383960727193
2024-10-09 13:00:00,89.91961701014165
2024-10-09 14:00:00,64.15738032220995
2024-10-09 15:00:00,58.31455805429471
2024-10-09 16:00:00,74.98259600951768
2024-10-09 17:00:00,67.39454226624878
2024-10-09 18:00:00,87.75628298172222
2024-10-09 19:00:00,25.084216698335815
2024-10-09 20:00:00,26.678105193983185
2024-10-09 21:00:00,25.251596649596046
2024-10-09 22:00:00,29.739812092250215
2024-10-09 23:00:00,26.35645426841168
2024-10-10 00:00:00,27.83204148043628
2024-10-10 01:00:00,29.150777170587695
2024-10-10 02:00:00,22.119391668052867
2024-10-10 03:00:00,25.79466630910353
2024-10-10 04:00:00,28.944560441094417
2024-10-10 05:00:00,29.159468368160084
2024-10-10 06:00:00,28.877049405660586
2024-10-10 07:00:00,25.947568566477326
2024-10-10 08:00:00,78.91862070458257
2024-10-10 09:00:00,109.07572699784679
2024-10-10 10:00:00,68.26092048792489
2024-10-10 11:00:00,78.28850905080543
2024-10-10 12:00:00,89.11925607692041
2024-10-10 13:00:00,64.40799617073954
2024-10-10 14:00:00,72.74724240766642
2024-10-10 15:00:00,95.08044645139836
2024-10-10 16:00:00,107.37101241197124
2024-10-10 17:00:00,74.75606862226803
2024-10-10 18:00:00,75.82191405429154
2024-10-10 19:00:00,27.45298095273543
2024-10-10 20:00:00,23.19860553761862
2024-10-10 21:00:00,23.01318166295425
2024-10-10 22:00:00,25.192064956921435
2024-10-10 23:00:00,27.07774445460778
2024-10-11 00:00:00,23.17955755093455
2024-10-11 01:00:00,29.16732193158229
2024-10-11 02:00:00,24.502732940131793
2024-10-11 03:00:00,29.883686711075804
2024-10-11 04:00:00,22.199065972427913
2024-10-11 05:00:00,26.18514671962427
2024-10-11 06:00:00,27.815310720558934
2024-10-11 07:00:00,28.03380681393464
2024-10-11 08:00:00,84.58901273307598
2024-10-11 09:00:00,72.67800435367425
2024-10-11 10:00:00,102.0782099320628
2024-10-11 11:00:00,93.52319676251282
2024-10-11 12:00:00,88.6361896824924
2024-10-11 13:00:00,66.21050098942916
2024-10-11 14:00:00,77.34646210908429
2024-10-11 15:00:00,106.50245700198056
2024-10-11 16:00:00,89.8263090691768
2024-10-11 17:00:00,107.17951605263316
2024-10-11 18:00:00,68.87624522303753
2024-10-11 19:00:00,27.1042841021544
2024-10-11 20:00:00,22.599418575006226
2024-10-11 21:00:00,29.167055815430356
2024-10-11 22:00:00,28.522903051199695
2024-10-11 23:00:00,23.18170983360492
2024-10-12 00:00:00,20.104492360470427
2024-10-12 01:00:00,24.422346919943493
2024-10-12 02:00:00,23.416907192957314
2024-10-12 03:00:00,23.295244766651766
2024-10-12 04:00:00,21.717044154383217
2024-10-12 05:00:00,21.79225637269001
2024-10-12 06:00:00,21.07437318857012
2024-10-12 07:00:00,21.521920339649185
2024-10-12 08:00:00,21.484475265915794
2024-10-12 09:00:00,24.535616020343667
2024-10-12 10:00:00,21.327489674681313
2024-10-12 11:00:00,22.410165703531497
2024-10-12 12:00:00,20.460494939866066
2024-10-12 13:00:00,22.0693811804117
2024-10-12 14:00:00,24.814747310825556
2024-10-12 15:00:00,22.354053419945927
2024-10-12 16:00:00,23.662242903342946
2024-10-12 17:00:00,20.377336415626278
2024-10-12 18:00:00,20.65561014919869
2024-10-12 19:00:00,24.488278804680682
2024-10-12 20:00:00,22.40210440250637
2024-10-12 21:00:00,24.109535849988468
2024-10-12 22:00:00,23.316613520150952
2024-10-12 23:00:00,20.646209200450976
2024-10-13 00:00:00,23.673742566080115
2024-10-13 01:00:00,20.734634181366474
2024-10-13 02:00:00,23.295146218604057
2024-10-13 03:00:00,20.904176274285913
2024-10-13 04:00:00,20.803724574622763
2024-10-13 05:00:00,22.08955451477724
2024-10-13 06:00:00,20.221641301224558
2024-10-13 07:00:00,20.504215873370757
2024-10-13 08:00:00,20.286226160956648
2024-10-13 09:00:00,23.671434765438526
2024-10-13 10:00:00,23.28025545677883
2024-10-13 11:00:00,24.684845862373177
2024-10-13 12:00:00,23.500173673181873
2024-10-13 13:00:00,20.243987728460755
2024-10-13 14:00:00,21.585682809107137
2024-10-13 15:00:00,22.079337752272686
2024-10-13 16:00:00,23.077124313240056
2024-10-13 17:00:00,20.53271714681035
2024-10-13 18:00:00,24.039787014267645
2024-10-13 19:00:00,24.797699471676992
2024-10-13 20:00:00,24.83754916991961
2024-10-13 21:00:00,22.37788830917952
2024-10-13 22:00:00,20.285565845249774
2024-10-13 23:00:00,20.719677741977492
2024-10-14 00:00:00,22.039784366173514
2024-10-14 01:00:00,29.461723712870093
2024-10-14 02:00:00,29.532800606041892
2024-10-14 03:00:00,22.686772232695503
2024-10-14 04:00:00,25.14383928682215
2024-10-14 05:00:00,22.38523868356908
2024-10-14 06:00:00,23.69441892952331
2024-10-14 07:00:00,25.562499913356486
2024-10-14 08:00:00,66.81880753231601
2024-10-14 09:00:00,90.21716132460242
2024-10-14 10:00:00,106.09247477138469
2024-10-14 11:00:00,66.52317647049792
2024-10-14 12:00:00,80.55946304356158
2024-10-14 13:00:00,88.49747472575416
2024-10-14 14:00:00,68.18005341478573
2024-10-14 15:00:00,71.38837870332202
2024-10-14 16:00:00,107.33637056410612
2024-10-14 17:00:00,93.92579976531742
2024-10-14 18:00:00,110.0795352885196
2024-10-14 19:00:00,29.67726028466725
2024-10-14 20:00:00,24.106057843095947
2024-10-14 21:00:00,22.683288344690247
2024-10-14 22:00:00,24.322453700518484
2024-10-14 23:00:00,27.417968401975813
2024-10-15 00:00:00,29.62404441453839
2024-10-15 01:00:00,26.31549833619622
2024-10-15 02:00:00,26.757911528777466
2024-10-15 03:00:00,27.058365028769927
2024-10-15 04:00:00,24.4574753242515
2024-10-15 05:00:00,22.570078803318715
2024-10-15 06:00:00,23.701142043539228
2024-10-15 07:00:00,25.092595845983364
2024-10-15 08:00:00,78.06746757852117
2024-10-15 09:00:00,87.39095186406472
2024-10-15 10:00:00,77.20716738915213
2024-10-15 11:00:00,94.42864556425573
2024-10-15 12:00:00,87.59822159347925
2024-10-15 13:00:00,52.17034742365579
2024-10-15 14:00:00,67.5745741104957
2024-10-15 15:00:00,82.70709663048612
2024-10-15 16:00:00,90.22257850840145
2024-10-15 17:00:00,87.8982327938239
2024-10-15 18:00:00,70.86113787968227
2024-10-15 19:00:00,23.11604154545522
2024-10-15 20:00:00,29.93168745724477
2024-10-15 21:00:00,25.774464426734927
2024-10-15 22:00:00,23.6578844336599
2024-10-15 23:00:00,27.67917948595542
2024-10-16 00:00:00,27.023199825015574
2024-10-16 01:00:00,27.769166177453467
2024-10-16 02:00:00,22.948360177476566
2024-10-16 03:00:00,23.767468580165467
2024-10-16 04:00:00,25.53872831754986
2024-10-16 05:00:00,26.154581828166208
2024-10-16 06:00:00,24.223433788433503
2024-10-16 07:00:00,26.782592616368493
2024-10-16 08:00:00,69.72765977455978
2024-10-16 09:00:00,72.40632531162075
2024-10-16 10:00:00,97.59996511502628
2024-10-16 11:00:00,80.96208874673546
2024-10-16 12:00:00,93.53181775698243
2024-10-16 13:00:00,102.65176359170353
2024-10-16 14:00:00,103.157913709725
2024-10-16 15:00:00,86.8558746484878
2024-10-16 16:00:00,110.65037247579032
2024-10-16 17:00:00,74.75577035878912
2024-10-16 18:00:00,74.67705323917603
2024-10-16 19:00:00,22.02398067678999
2024-10-16 20:00:00,23.718857240803082
2024-10-16 21:00:00,28.78470148396594
2024-10-16 22:00:00,25.876327784075293
2024-10-16 23:00:00,28.246080683696377
2024-10-17 00:00:00,27.346917446256562
2024-10-17 01:00:00,27.172691638285034
2024-10-17 02:00:00,25.86387654182426
2024-10-17 03:00:00,29.939535396295323
2024-10-17 04:00:00,29.23806905540726
2024-10-17 05:00:00,25.327455681313275
2024-10-17 06:00:00,27.175908256977827
2024-10-17 07:00:00,29.779161906109636
2024-10-17 08:00:00,92.53860511832477
2024-10-17 09:00:00,107.72000585440236
2024-10-17 10:00:00,72.6981420890884
2024-10-17 11:00:00,69.98741266236337
2024-10-17 12:00:00,78.17121447483989
2024-10-17 13:00:00,91.96771813682213
2024-10-17 14:00:00,108.1378934619529
2024-10-17 15:00:00,110.46313581322038
2024-10-17 16:00:00,81.21662770944937
2024-10-17 17:00:00,56.0000580407945
2024-10-17 18:00:00,66.1037396589075
2024-10-17 19:00:00,26.449962629925256
2024-10-17 20:00:00,26.647023024340683
2024-10-17 21:00:00,26.833245692889275
2024-10-17 22:00:00,23.449942185370475
2024-10-17 23:00:00,25.605965406934445
2024-10-18 00:00:00,22.83353471668687
2024-10-18 01:00:00,28.644592537643007
2024-10-18 02:00:00,23.41459220726927
2024-10-18 03:00:00,24.793635116526126
2024-10-18 04:00:00,27.308325040359968
2024-10-18 05:00:00,26.663979228516173
2024-10-18 06:00:00,28.829284213687213
2024-10-18 07:00:00,28.179091162743823
2024-10-18 08:00:00,85.56657431275384
2024-10-18 09:00:00,83.70379589890479
2024-10-18 10:00:00,66.26169059957628
2024-10-18 11:00:00,78.80539921693807
2024-10-18 12:00:00,105.230710924421
2024-10-18 13:00:00,73.03750571925917
2024-10-18 14:00:00,74.7712109685445
2024-10-18 15:00:00,98.15689529434583
2024-10-18 16:00:00,99.78572350427075
2024-10-18 17:00:00,65.47174095719458
2024-10-18 18:00:00,58.24297326932219
2024-10-18 19:00:00,26.791375749621402
2024-10-18 20:00:00,25.69604884177143
2024-10-18 21:00:00,25.67998831072618
2024-10-18 22:00:00,25.511344773607494
2024-10-18 23:00:00,27.776994050106005
2024-10-19 00:00:00,21.622469143106038
2024-10-19 01:00:00,20.21721863801468
2024-10-19 02:00:00,20.50809198620619
2024-10-19 03:00:00,21.008443373058885
2024-10-19 04:00:00,23.16848946085847
2024-10-19 05:00:00,22.08909632006485
2024-10-19 06:00:00,23.661217211873474
2024-10-19 07:00:00,21.034245587693015
2024-10-19 08:00:00,22.451827475170575
2024-10-19 09:00:00,24.59930440667008
2024-10-19 10:00:00,22.071938248970785
2024-10-19 11:00:00,21.56131776599924
2024-10-19 12:00:00,23.726456989200834
2024-10-19 13:00:00,21.184731460401636
2024-10-19 14:00:00,24.859420182410485
2024-10-19 15:00:00,21.908343257496725
2024-10-19 16:00:00,22.761440386866756
2024-10-19 17:00:00,20.06137424201026
2024-10-19 18:00:00,22.147587546247056
2024-10-19 19:00:00,21.94972306162369
2024-10-19 20:00:00,23.509827259976177
2024-10-19 21:00:00,22.676687428686296
2024-10-19 22:00:00,23.482855462971653
2024-10-19 23:00:00,20.00669940593855
2024-10-20 00:00:00,20.519559602590736
2024-10-20 01:00:00,20.5978897244363
2024-10-20 02:00:00,23.600446378939882
2024-10-20 03:00:00,20.772464055571707
2024-10-20 04:00:00,22.23450828825722
2024-10-20 05:00:00,24.43747662775802
2024-10-20 06:00:00,22.42699922370995
2024-10-20 07:00:00,20.01285108624327
2024-10-20 08:00:00,20.296477315171522
2024-10-20 09:00:00,23.954779211629962
2024-10-20 10:00:00,21.451809366340697
2024-10-20 11:00:00,24.885582472906453
2024-10-20 12:00:00,23.654815808788214
2024-10-20 13:00:00,21.84034871637161
2024-10-20 14:00:00,20.22439001726581
2024-10-20 15:00:00,22.21974708187625
2024-10-20 16:00:00,20.550257775383653
2024-10-20 17:00:00,21.526674153020192
2024-10-20 18:00:00,22.372457062604163
2024-10-20 19:00:00,21.98775214022655
2024-10-20 20:00:00,21.68499289935829
2024-10-20 21:00:00,22.74541580099005
2024-10-20 22:00:00,23.364125724147506
2024-10-20 23:00:00,20.400548053611008
2024-10-21 00:00:00,27.172022438880532
2024-10-21 01:00:00,24.79681120837592
2024-10-21 02:00:00,25.554364583872708
2024-10-21 03:00:00,26.84107211999114
2024-10-21 04:00:00,24.38514194409288
2024-10-21 05:00:00,26.204976761880154
2024-10-21 06:00:00,22.74347055614165
2024-10-21 07:00:00,28.488858039087592
2024-10-21 08:00:00,90.91046881977495
2024-10-21 09:00:00,80.36713691824285
2024-10-21 10:00:00,77.9377677537021
2024-10-21 11:00:00,82.43597912857831
2024-10-21 12:00:00,79.62209071800208
2024-10-21 13:00:00,70.3027735806262
2024-10-21 14:00:00,83.73306035310812
2024-10-21 15:00:00,90.02198898709815
2024-10-21 16:00:00,79.13324069584482
2024-10-21 17:00:00,96.44931570096313
2024-10-21 18:00:00,74.5811905399998
2024-10-21 19:00:00,26.907811476458964
2024-10-21 20:00:00,25.89083791606088
2024-10-21 21:00:00,23.989248714921995
2024-10-21 22:00:00,29.05303956591027
2024-10-21 23:00:00,29.95917515420249
2024-10-22 00:00:00,25.750693173687438
2024-10-22 01:00:00,25.234695739324003
2024-10-22 02:00:00,23.788040250607953
2024-10-22 03:00:00,28.35076962471492
2024-10-22 04:00:00,24.56234445154466
2024-10-22 05:00:00,29.055425623448834
2024-10-22 06:00:00,26.60150876429349
2024-10-22 07:00:00,25.58376162547147
2024-10-22 08:00:00,88.22328368180948
2024-10-22 09:00:00,86.92870821637902
2024-10-22 10:00:00,77.65457616816482
2024-10-22 11:00:00,82.24938250546356
2024-10-22 12:00:00,89.05258838005543
2024-10-22 13:00:00,83.78970402654292
2024-10-22 14:00:00,69.46626093498932
2024-10-22 15:00:00,82.20788606484243
2024-10-22 16:00:00,91.98517629860005
2024-10-22 17:00:00,74.44428014058303
2024-10-22 18:00:00,71.98493509747355
2024-10-22 19:00:00,28.06366602565685
2024-10-22 20:00:00,23.3545204318394
2024-10-22 21:00:00,29.126364952393708
2024-10-22 22:00:00,26.176134083782742
2024-10-22 23:00:00,25.623743947567192
2024-10-23 00:00:00,25.242359886509348
2024-10-23 01:00:00,23.910384778755315
2024-10-23 02:00:00,29.429762021222786
2024-10-23 03:00:00,22.425273282700815
2024-10-23 04:00:00,22.897131185805975
2024-10-23 05:00:00,29.263299506031665
2024-10-23 06:00:00,29.804974791502058
2024-10-23 07:00:00,24.40668226294272
2024-10-23 08:00:00,97.46695194920076
2024-10-23 09:00:00,73.50661706247446
2024-10-23 10:00:00,89.80572193566589
2024-10-23 11:00:00,81.76880639841107
2024-10-23 12:00:00,80.1401722813641
2024-10-23 13:00:00,58.34486483796434
2024-10-23 14:00:00,92.54819492019739
2024-10-23 15:00:00,76.474979414808
2024-10-23 16:00:00,89.81435102691437
2024-10-23 17:00:00,73.24089651573729
2024-10-23 18:00:00,74.44524625941628
2024-10-23 19:00:00,27.912461582649886
2024-10-23 20:00:00,25.753610747897
2024-10-23 21:00:00,28.74034081793805
2024-10-23 22:00:00,25.010946737589034
2024-10-23 23:00:00,22.597934206237717
2024-10-24 00:00:00,23.338441334367783
2024-10-24 01:00:00,26.1846386675629
2024-10-24 02:00:00,23.44370072325281
2024-10-24 03:00:00,26.11655997075979
2024-10-24 04:00:00,22.501478381002723
2024-10-24 05:00:00,22.0609298194455
2024-10-24 06:00:00,24.1311940460161
2024-10-24 07:00:00,23.483194708270506
2024-10-24 08:00:00,101.37600826222229
2024-10-24 09:00:00,72.04375490601593
2024-10-24 10:00:00,93.1406289034771
2024-10-24 11:00:00,68.72245817207326
2024-10-24 12:00:00,88.53745751247506
2024-10-24 13:00:00,68.38782184615373
2024-10-24 14:00:00,100.78838125830354
2024-10-24 15:00:00,76.46222050240362
2024-10-24 16:00:00,69.59153653982611
2024-10-24 17:00:00,79.73966339208407
2024-10-24 18:00:00,75.82398745965092
2024-10-24 19:00:00,22.35698615053633
2024-10-24 20:00:00,24.243038423790065
2024-10-24 21:00:00,23.004986253447104
2024-10-24 22:00:00,24.068790754765494
2024-10-24 23:00:00,22.260704254581224
2024-10-25 00:00:00,25.09666515576648
2024-10-25 01:00:00,26.52271555699814
2024-10-25 02:00:00,26.130702306436852
2024-10-25 03:00:00,28.864615805297365
2024-10-25 04:00:00,26.46457511998009
2024-10-25 05:00:00,25.832072913281472
2024-10-25 06:00:00,26.15109505204722
2024-10-25 07:00:00,25.041586159746416
2024-10-25 08:00:00,79.80986916299062
2024-10-25 09:00:00,86.9556273793609
2024-10-25 10:00:00,92.00308006501163
2024-10-25 11:00:00,86.57974876079163
2024-10-25 12:00:00,65.0356247998171
2024-10-25 13:00:00,75.96689259209182
2024-10-25 14:00:00,86.95942367598279
2024-10-25 15:00:00,106.36699517296695
2024-10-25 16:00:00,92.28294859398721
2024-10-25 17:00:00,102.94743095095419
2024-10-25 18:00:00,106.6959066163072
2024-10-25 19:00:00,28.64562416622782
2024-10-25 20:00:00,24.943050595616125
2024-10-25 21:00:00,28.462530678437098
2024-10-25 22:00:00,25.742176529821343
2024-10-25 23:00:00,23.786488702365453
2024-10-26 00:00:00,21.73038657065666
2024-10-26 01:00:00,22.092331603135094
2024-10-26 02:00:00,23.42524713082689
2024-10-26 03:00:00,22.80555368761269
2024-10-26 04:00:00,20.265993777983482
2024-10-26 05:00:00,21.1018471887497
2024-10-26 06:00:00,21.416588174586565
2024-10-26 07:00:00,22.325986906694254
2024-10-26 08:00:00,22.628956937382846
2024-10-26 09:00:00,21.539290646247803
2024-10-26 10:00:00,21.673989246701616
2024-10-26 11:00:00,24.37631438019887
2024-10-26 12:00:00,23.855519992007963
2024-10-26 13:00:00,23.41291934856938
2024-10-26 14:00:00,21.71038890167002
2024-10-26 15:00:00,20.422820093037547
2024-10-26 16:00:00,20.3622103430348
2024-10-26 17:00:00,23.399700990083957
2024-10-26 18:00:00,23.15160083832804
2024-10-26 19:00:00,21.97527821950758
2024-10-26 20:00:00,21.28883749905752
2024-10-26 21:00:00,24.55624040978133
2024-10-26 22:00:00,20.034589529743773
2024-10-26 23:00:00,20.655931215249286
2024-10-27 00:00:00,23.89451530165115
2024-10-27 01:00:00,23.856613150334777
2024-10-27 02:00:00,22.06279948892852
2024-10-27 03:00:00,22.019256755651536
2024-10-27 04:00:00,24.727128307040097
2024-10-27 05:00:00,22.55437540956767
2024-10-27 06:00:00,23.764602885893716
2024-10-27 07:00:00,23.609213527537044
2024-10-27 08:00:00,24.2443580445319
2024-10-27 09:00:00,23.142239135248428
2024-10-27 10:00:00,23.180704712400235
2024-10-27 11:00:00,20.61717800026489
2024-10-27 12:00:00,20.62242048568337
2024-10-27 13:00:00,23.784316643445354
2024-10-27 14:00:00,23.49070689766933
2024-10-27 15:00:00,24.613756260064317
2024-10-27 16:00:00,21.21436798435692
2024-10-27 17:00:00,24.8379544737014
2024-10-27 18:00:00,24.653848810013194
2024-10-27 19:00:00,20.228537957521194
2024-10-27 20:00:00,24.380953043352196
2024-10-27 21:00:00,24.116043986099367
2024-10-27 22:00:00,22.544369446025087
2024-10-27 23:00:00,23.401099304550517
2024-10-28 00:00:00,26.698044683802504
2024-10-28 01:00:00,28.29690624125974
2024-10-28 02:00:00,25.277410356921887
2024-10-28 03:00:00,27.55359458962194
2024-10-28 04:00:00,26.283473783924826
2024-10-28 05:00:00,24.09652765896407
2024-10-28 06:00:00,24.77130290634668
2024-10-28 07:00:00,27.001818307804097
2024-10-28 08:00:00,58.5845126421477
2024-10-28 09:00:00,89.61452874435375
2024-10-28 10:00:00,80.89450509232034
2024-10-28 11:00:00,105.85363595306472
2024-10-28 12:00:00,89.05814739268615
2024-10-28 13:00:00,73.3220030441578
2024-10-28 14:00:00,102.95893159322512
2024-10-28 15:00:00,81.03140744278855
2024-10-28 16:00:00,69.38972323051397
2024-10-28 17:00:00,74.5434978183973
2024-10-28 18:00:00,78.50078412531624
2024-10-28 19:00:00,27.550902743380703
2024-10-28 20:00:00,22.30619214072079
2024-10-28 21:00:00,24.138546989547905
2024-10-28 22:00:00,22.019581930718417
2024-10-28 23:00:00,25.702510213813905
2024-10-29 00:00:00,25.28223043700386
2024-10-29 01:00:00,27.90764153721169
2024-10-29 02:00:00,22.292672004453426
2024-10-29 03:00:00,29.82827658078446
2024-10-29 04:00:00,26.337745615762543
2024-10-29 05:00:00,27.9160766357785
2024-10-29 06:00:00,26.7335674306604
2024-10-29 07:00:00,24.540106851754167
2024-10-29 08:00:00,108.32463009773694
2024-10-29 09:00:00,97.65599698786244
2024-10-29 10:00:00,102.07059444503429
2024-10-29 11:00:00,112.32951386934874
2024-10-29 12:00:00,85.74374022568446
2024-10-29 13:00:00,73.39447698846047
2024-10-29 14:00:00,80.10074534308526
2024-10-29 15:00:00,87.33073641834471
2024-10-29 16:00:00,85.85622512347842
2024-10-29 17:00:00,83.73716072993174
2024-10-29 18:00:00,76.38542291735638
2024-10-29 19:00:00,29.833583221217598
2024-10-29 20:00:00,26.69680703174936
2024-10-29 21:00:00,22.3430771538931
2024-10-29 22:00:00,25.38053102275842
2024-10-29 23:00:00,24.273591699700862
2024-10-30 00:00:00,22.557667910667057
2024-10-30 01:00:00,29.534817212354664
2024-10-30 02:00:00,28.52178962573319
2024-10-30 03:00:00,26.312396619196832
2024-10-30 04:00:00,23.50615392871158
2024-10-30 05:00:00,27.494171837816317
2024-10-30 06:00:00,29.872924147174256
2024-10-30 07:00:00,29.530405123294493
2024-10-30 08:00:00,71.40200917131853
2024-10-30 09:00:00,98.01799339045068
2024-10-30 10:00:00,55.60797060721599
2024-10-30 11:00:00,109.58043070019828
2024-10-30 12:00:00,89.72693105359089
2024-10-30 13:00:00,62.35568323497616
2024-10-30 14:00:00,61.9147857359153
2024-10-30 15:00:00,78.75995447373307
2024-10-30 16:00:00,80.60582944066834
2024-10-30 17:00:00,86.96625494130005
2024-10-30 18:00:00,64.33749391051596
2024-10-30 19:00:00,28.05375691977328
2024-10-30 20:00:00,28.19686973706115
2024-10-30 21:00:00,28.323510384241928
2024-10-30 22:00:00,25.119311804325427
2024-10-30 23:00:00,25.275458744724006
2024-10-31 00:00:00,28.49775348014155
2024-10-31 01:00:00,29.28683760113922
2024-10-31 02:00:00,24.766649923000248
2024-10-31 03:00:00,27.950603980235066
2024-10-31 04:00:00,25.759303525938623
2024-10-31 05:00:00,25.15550743099128
2024-10-31 06:00:00,25.566021696015863
2024-10-31 07:00:00,27.85778801217981
2024-10-31 08:00:00,87.44585833759753
2024-10-31 09:00:00,83.62079252695428
2024-10-31 10:00:00,92.78182955041795
2024-10-31 11:00:00,80.99489608376633
2024-10-31 12:00:00,75.2753979871272
2024-10-31 13:00:00,81.3240099905072
2024-10-31 14:00:00,75.07369892290572
2024-10-31 15:00:00,61.4937171370204
2024-10-31 16:00:00,70.37027680944021
2024-10-31 17:00:00,95.42707866780883
2024-10-31 18:00:00,98.20611693294182
2024-10-31 19:00:00,29.88939060249151
2024-10-31 20:00:00,27.99494038927752
2024-10-31 21:00:00,26.782810584461313
2024-10-31 22:00:00,28.70475366352182
2024-10-31 23:00:00,29.91577637272267
2024-11-01 00:00:00,25.899596929811537
2024-11-01 01:00:00,26.140356381398984
2024-11-01 02:00:00,27.699973624979737
2024-11-01 03:00:00,27.787622262270446
2024-11-01 04:00:00,22.20631243428894
2024-11-01 05:00:00,28.198880205895133
2024-11-01 06:00:00,28.660002541765387
2024-11-01 07:00:00,26.67370513638072
2024-11-01 08:00:00,104.08975075083947
2024-11-01 09:00:00,79.76380156120385
2024-11-01 10:00:00,77.98216338329523
2024-11-01 11:00:00,61.83509805222099
2024-11-01 12:00:00,107.94450023419753
2024-11-01 13:00:00,89.12275210789699
2024-11-01 14:00:00,101.62513456700691
2024-11-01 15:00:00,77.0149903689857
2024-11-01 16:00:00,104.06983938439168
2024-11-01 17:00:00,76.32928714493168
2024-11-01 18:00:00,92.26561515830042
2024-11-01 19:00:00,26.008322742892826
2024-11-01 20:00:00,28.168147715970285
2024-11-01 21:00:00,25.768099417610223
2024-11-01 22:00:00,23.69396222163793
2024-11-01 23:00:00,24.784523788102366
2024-11-02 00:00:00,22.900663205837702
2024-11-02 01:00:00,21.684443232447848
2024-11-02 02:00:00,24.31380090903322
2024-11-02 03:00:00,24.696816434467987
2024-11-02 04:00:00,23.792612451540307
2024-11-02 05:00:00,22.017939085149536
2024-11-02 06:00:00,20.80161534410839
2024-11-02 07:00:00,21.380946717156032
2024-11-02 08:00:00,23.332635328548626
2024-11-02 09:00:00,23.220746919583775
2024-11-02 10:00:00,23.08781767665417
2024-11-02 11:00:00,23.927048405680928
2024-11-02 12:00:00,23.333742134934955
2024-11-02 13:00:00,23.163488127591496
2024-11-02 14:00:00,20.841825834147883
2024-11-02 15:00:00,20.674041113833276
2024-11-02 16:00:00,20.616279848403224
2024-11-02 17:00:00,20.93165416616868
2024-11-02 18:00:00,22.775773991523792
2024-11-02 19:00:00,23.51973490109915
2024-11-02 20:00:00,23.178247612659778
2024-11-02 21:00:00,21.81868672035662
2024-11-02 22:00:00,22.858552220754284
2024-11-02 23:00:00,24.523349008464834
2024-11-03 00:00:00,21.52780840338683
2024-11-03 01:00:00,23.437218590433165
2024-11-03 02:00:00,24.933056793899816
2024-11-03 03:00:00,22.289936589606377
2024-11-03 04:00:00,21.326399952877907
2024-11-03 05:00:00,20.30746572449626
2024-11-03 06:00:00,21.78354257197184
2024-11-03 07:00:00,22.224419366105955
2024-11-03 08:00:00,24.70679071170058
2024-11-03 09:00:00,22.50108153992776
2024-11-03 10:00:00,20.389731650735794
2024-11-03 11:00:00,22.24924426425991
2024-11-03 12:00:00,20.141889325975747
2024-11-03 13:00:00,24.70374090280185
2024-11-03 14:00:00,23.875595451487115
2024-11-03 15:00:00,24.0277745818613
2024-11-03 16:00:00,22.12706854861571
2024-11-03 17:00:00,21.34301855886659
2024-11-03 18:00:00,22.219603981459542
2024-11-03 19:00:00,23.07723691171172
2024-11-03 20:00:00,23.64323528285139
2024-11-03 21:00:00,23.312756184021232
2024-11-03 22:00:00,22.247327822883236
2024-11-03 23:00:00,20.099624181714017
2024-11-04 00:00:00,23.34468855298872
2024-11-04 01:00:00,28.01316975280032
2024-11-04 02:00:00,25.11630603084555
2024-11-04 03:00:00,22.4667766111271
2024-11-04 04:00:00,29.677153698914342
2024-11-04 05:00:00,22.52725926412201
2024-11-04 06:00:00,25.846399804647863
2024-11-04 07:00:00,24.425223216110194
2024-11-04 08:00:00,80.44383207889973
2024-11-04 09:00:00,73.57462736083855
2024-11-04 10:00:00,94.16618397114688
2024-11-04 11:00:00,105.30244925126243
2024-11-04 12:00:00,75.62960850776761
2024-11-04 13:00:00,61.912176723137435
2024-11-04 14:00:00,74.30693224508884
2024-11-04 15:00:00,85.64180674531642
2024-11-04 16:00:00,74.56117679044394
2024-11-04 17:00:00,107.72150948194859
2024-11-04 18:00:00,72.00683599204042
2024-11-04 19:00:00,27.86375560515783
2024-11-04 20:00:00,26.474725834135537
2024-11-04 21:00:00,22.04327300821369
2024-11-04 22:00:00,24.087717312927317
2024-11-04 23:00:00,22.802383708023385
2024-11-05 00:00:00,26.075674006216122
2024-11-05 01:00:00,29.90909847110085
2024-11-05 02:00:00,24.122625564308724
2024-11-05 03:00:00,23.719558778281588
2024-11-05 04:00:00,29.780901161787952
2024-11-05 05:00:00,25.557498464291477
2024-11-05 06:00:00,22.539039237219036
2024-11-05 07:00:00,22.805269268826112
2024-11-05 08:00:00,76.25173949912583
2024-11-05 09:00:00,88.74759678393758
2024-11-05 10:00:00,74.70460130521388
2024-11-05 11:00:00,84.03343894176302
2024-11-05 12:00:00,93.4241392962355
2024-11-05 13:00:00,86.8764294527177
2024-11-05 14:00:00,80.87523459203408
2024-11-05 15:00:00,98.85449947649492
2024-11-05 16:00:00,93.70492764181283
2024-11-05 17:00:00,80.49254796956444
2024-11-05 18:00:00,76.63390054942414
2024-11-05 19:00:00,27.47485157499824
2024-11-05 20:00:00,27.731532032048705
2024-11-05 21:00:00,27.64604489001014
2024-11-05 22:00:00,25.08496404205646
2024-11-05 23:00:00,28.00500931749384
2024-11-06 00:00:00,23.342451670084767
2024-11-06 01:00:00,29.009015656780154
2024-11-06 02:00:00,26.809586552409286
2024-11-06 03:00:00,23.336725563131147
2024-11-06 04:00:00,22.362413117851723
2024-11-06 05:00:00,26.852389429583578
2024-11-06 06:00:00,27.28741090587653
2024-11-06 07:00:00,24.3968160605493
2024-11-06 08:00:00,102.49904088688479
2024-11-06 09:00:00,97.00037473595435
2024-11-06 10:00:00,92.56090597001702
2024-11-06 11:00:00,66.51473116566311
2024-11-06 12:00:00,82.0009563680306
2024-11-06 13:00:00,60.940611253983036
2024-11-06 14:00:00,72.33598380637403
2024-11-06 15:00:00,72.23894277918887
2024-11-06 16:00:00,103.78358140137965
2024-11-06 17:00:00,78.47214903762969
2024-11-06 18:00:00,85.81048995835071
2024-11-06 19:00:00,22.777159608822753
2024-11-06 20:00:00,27.834300311427175
2024-11-06 21:00:00,24.74256659294874
2024-11-06 22:00:00,22.20608837353072
2024-11-06 23:00:00,29.608606372388614
2024-11-07 00:00:00,27.751889993995277
2024-11-07 01:00:00,29.901966400468105
2024-11-07 02:00:00,24.384116265875456
2024-11-07 03:00:00,24.35835254303953
2024-11-07 04:00:00,28.828001481824764
2024-11-07 05:00:00,27.805178254485078
2024-11-07 06:00:00,24.177331263458857
2024-11-07 07:00:00,29.138042990152215
2024-11-07 08:00:00,85.854010709623
2024-11-07 09:00:00,54.732467997426305
2024-11-07 10:00:00,114.19662788839031
2024-11-07 11:00:00,66.91390825409961
2024-11-07 12:00:00,91.5455027418304
2024-11-07 13:00:00,94.02143262106453
2024-11-07 14:00:00,80.52965806799114
2024-11-07 15:00:00,93.36068258426357
2024-11-07 16:00:00,105.90893804526739
2024-11-07 17:00:00,70.71933198039608
2024-11-07 18:00:00,70.49424641430492
2024-11-07 19:00:00,29.05739293177543
2024-11-07 20:00:00,22.282698257151164
2024-11-07 21:00:00,24.118972668100913
2024-11-07 22:00:00,24.917066011378203
2024-11-07 23:00:00,28.567366085100474
2024-11-08 00:00:00,25.821495189423924
2024-11-08 01:00:00,22.982879394311006
2024-11-08 02:00:00,27.961001798482826
2024-11-08 03:00:00,24.488980253891786
2024-11-08 04:00:00,25.32495994424547
2024-11-08 05:00:00,23.00738690412946
2024-11-08 06:00:00,27.40833607707986
2024-11-08 07:00:00,25.5852115351164
2024-11-08 08:00:00,98.67127895836191
2024-11-08 09:00:00,77.67541697156783
2024-11-08 10:00:00,99.92604686439088
2024-11-08 11:00:00,77.86264866430453
2024-11-08 12:00:00,94.05766438385355
2024-11-08 13:00:00,96.4146358546086
2024-11-08 14:00:00,64.36334700216038
2024-11-08 15:00:00,80.12253879416508
2024-11-08 16:00:00,99.17897861450626
2024-11-08 17:00:00,62.99335779504486
2024-11-08 18:00:00,72.68194047913852
2024-11-08 19:00:00,25.246221566171414
2024-11-08 20:00:00,28.697685274817367
2024-11-08 21:00:00,24.75270046388165
2024-11-08 22:00:00,22.244382484579468
2024-11-08 23:00:00,28.639482088779243
2024-11-09 00:00:00,23.537745239360213
2024-11-09 01:00:00,22.614042169570304
2024-11-09 02:00:00,23.583513387071505
2024-11-09 03:00:00,22.775448031585583
2024-11-09 04:00:00,24.86256410504952
2024-11-09 05:00:00,20.478636178668552
2024-11-09 06:00:00,22.09971565844157
2024-11-09 07:00:00,24.674598929945184
2024-11-09 08:00:00,21.24263340801398
2024-11-09 09:00:00,22.612701881674102
2024-11-09 10:00:00,20.996218757253274
2024-11-09 11:00:00,24.824595936542654
2024-11-09 12:00:00,24.878525943276586
2024-11-09 13:00:00,20.05618422209177
2024-11-09 14:00:00,24.389180429401403
2024-11-09 15:00:00,22.10564987022402
2024-11-09 16:00:00,24.345439259795477
2024-11-09 17:00:00,22.864770519604697
2024-11-09 18:00:00,22.71458456280417
2024-11-09 19:00:00,23.81269961550413
2024-11-09 20:00:00,20.71876068138982
2024-11-09 21:00:00,22.363986710850035
2024-11-09 22:00:00,22.4796723744732
2024-11-09 23:00:00,24.307135089213656
2024-11-10 00:00:00,22.003633771637144
2024-11-10 01:00:00,23.206136654776518
2024-11-10 02:00:00,21.67788534669037
2024-11-10 03:00:00,20.077422912531127
2024-11-10 04:00:00,20.8140217080918
2024-11-10 05:00:00,21.158103637058545
2024-11-10 06:00:00,23.485262887808048
2024-11-10 07:00:00,20.806378845245412
2024-11-10 08:00:00,20.565535645906536
2024-11-10 09:00:00,21.63503193873986
2024-11-10 10:00:00,22.687982959942993
2024-11-10 11:00:00,21.09519737785455
2024-11-10 12:00:00,24.263414731757273
2024-11-10 13:00:00,23.83330027524721
2024-11-10 14:00:00,22.754573862062628
2024-11-10 15:00:00,22.27348763613314
2024-11-10 16:00:00,20.04524540188071
2024-11-10 17:00:00,22.230422453415866
2024-11-10 18:00:00,22.62272948362761
2024-11-10 19:00:00,24.50401381172719
2024-11-10 20:00:00,22.160840507215788
2024-11-10 21:00:00,20.17176582238757
2024-11-10 22:00:00,21.178604994438874
2024-11-10 23:00:00,24.883386251960406
2024-11-11 00:00:00,28.257548673365243
2024-11-11 01:00:00,27.941828074326587
2024-11-11 02:00:00,22.035887458792185
2024-11-11 03:00:00,26.121805388596158
2024-11-11 04:00:00,28.035547318217652
2024-11-11 05:00:00,26.225681147420104
2024-11-11 06:00:00,22.704260574642845
2024-11-11 07:00:00,22.224355017989605
2024-11-11 08:00:00,63.019331871310946
2024-11-11 09:00:00,81.36416366475656
2024-11-11 10:00:00,109.83670695109107
2024-11-11 11:00:00,57.941727831316705
2024-11-11 12:00:00,78.54437474472945
2024-11-11 13:00:00,75.3990050860757
2024-11-11 14:00:00,82.8914796633812
2024-11-11 15:00:00,76.36275794535433
2024-11-11 16:00:00,90.6856047991829
2024-11-11 17:00:00,59.55196677911187
2024-11-11 18:00:00,79.11270764106766
2024-11-11 19:00:00,22.543093183894428
2024-11-11 20:00:00,27.35337813646993
2024-11-11 21:00:00,23.283056274443783
2024-11-11 22:00:00,24.431275549339205
2024-11-11 23:00:00,23.292944884071208
2024-11-12 00:00:00,29.98551864789036
2024-11-12 01:00:00,28.64595594421672
2024-11-12 02:00:00,28.824676137159745
2024-11-12 03:00:00,28.238941873528454
2024-11-12 04:00:00,23.14262074201094
2024-11-12 05:00:00,24.195040098109835
2024-11-12 06:00:00,26.314548419927032
2024-11-12 07:00:00,27.725679766893816
2024-11-12 08:00:00,92.39019845830211
2024-11-12 09:00:00,85.50401677816456
2024-11-12 10:00:00,95.9106526779888
2024-11-12 11:00:00,93.63804339494203
2024-11-12 12:00:00,81.03971301749729
2024-11-12 13:00:00,95.92951610209789
2024-11-12 14:00:00,71.1174758987108
2024-11-12 15:00:00,114.04929694741634
2024-11-12 16:00:00,104.73420847613129
2024-11-12 17:00:00,91.19613177525174
2024-11-12 18:00:00,83.66139301686573
2024-11-12 19:00:00,26.324190025135916
2024-11-12 20:00:00,26.657890146863604
2024-11-12 21:00:00,29.814297743025584
2024-11-12 22:00:00,28.304745845664918
2024-11-12 23:00:00,29.11740473196653
2024-11-13 00:00:00,29.23443263794838
2024-11-13 01:00:00,23.7492655646079
2024-11-13 02:00:00,27.154429643322793
2024-11-13 03:00:00,28.361328786381304
2024-11-13 04:00:00,29.56685663176483
2024-11-13 05:00:00,28.451754686567305
2024-11-13 06:00:00,29.941336956118253
2024-11-13 07:00:00,24.555128347738833
2024-11-13 08:00:00,102.65618259618762
2024-11-13 09:00:00,72.77652911133659
2024-11-13 10:00:00,92.00786972925698
2024-11-13 11:00:00,103.13457062268606
2024-11-13 12:00:00,58.600014551455615
2024-11-13 13:00:00,77.74372941271031
2024-11-13 14:00:00,92.837210732327
2024-11-13 15:00:00,80.85675143935158
2024-11-13 16:00:00,110.68202742462687
2024-11-13 17:00:00,80.98409398514106
2024-11-13 18:00:00,74.57757637745954
2024-11-13 19:00:00,22.991934770937313
2024-11-13 20:00:00,29.516937723439398
2024-11-13 21:00:00,23.0527762785165
2024-11-13 22:00:00,22.92202717375278
2024-11-13 23:00:00,26.32531814686368
2024-11-14 00:00:00,23.745547991710303
2024-11-14 01:00:00,24.378454798049066
2024-11-14 02:00:00,24.02723154404245
2024-11-14 03:00:00,28.130377603764718
2024-11-14 04:00:00,22.766141556741694
2024-11-14 05:00:00,24.99844475232573
2024-11-14 06:00:00,28.415599755638546
2024-11-14 07:00:00,22.32398224269496
2024-11-14 08:00:00,58.040303898186785
2024-11-14 09:00:00,62.465588752485665
2024-11-14 10:00:00,89.10045545923074
2024-11-14 11:00:00,87.92825286572953
2024-11-14 12:00:00,85.16606169692069
2024-11-14 13:00:00,76.67411967976491
2024-11-14 14:00:00,96.58984820089248
2024-11-14 15:00:00,67.8579874858193
2024-11-14 16:00:00,84.23998444201192
2024-11-14 17:00:00,102.52932151895763
2024-11-14 18:00:00,109.12998150522591
2024-11-14 19:00:00,28.835283575967694
2024-11-14 20:00:00,24.683167125353172
2024-11-14 21:00:00,25.133045346433878
2024-11-14 22:00:00,22.463064530280178
2024-11-14 23:00:00,26.082036391434716
2024-11-15 00:00:00,88.30131567285645
2024-11-15 01:00:00,63.64144379133429
2024-11-15 02:00:00,49.236723698947905
2024-11-15 03:00:00,54.07034150061599
2024-11-15 04:00:00,61.52133158005621
2024-11-15 05:00:00,87.20464418549871
2024-11-15 06:00:00,43.31481143093784
2024-11-15 07:00:00,74.71513857381143
2024-11-15 08:00:00,83.25593021898952
2024-11-15 09:00:00,50.55653073481919
2024-11-15 10:00:00,80.01998590397145
2024-11-15 11:00:00,65.59032507210628
2024-11-15 12:00:00,56.615139329670654
2024-11-15 13:00:00,69.06290695483733
2024-11-15 14:00:00,56.801056737074134
2024-11-15 15:00:00,68.2147090633297
2024-11-15 16:00:00,74.36416253484332
2024-11-15 17:00:00,75.96639112405644
2024-11-15 18:00:00,83.28367378007668
2024-11-15 19:00:00,76.76957281328905
2024-11-15 20:00:00,55.239053631858575
2024-11-15 21:00:00,78.94184091085478
2024-11-15 22:00:00,59.69107844697979
2024-11-15 23:00:00,60.687762309164206
2024-11-16 00:00:00,20.792481260308744
2024-11-16 01:00:00,24.69667817933268
2024-11-16 02:00:00,23.937254501738977
2024-11-16 03:00:00,23.47220322341744
2024-11-16 04:00:00,20.49769036940899
2024-11-16 05:00:00,21.89084402176885
2024-11-16 06:00:00,22.963438523429268
2024-11-16 07:00:00,20.090294913875923
2024-11-16 08:00:00,24.674970280823434
2024-11-16 09:00:00,23.962001318223322
2024-11-16 10:00:00,21.60092871362914
2024-11-16 11:00:00,20.170759894312077
2024-11-16 12:00:00,20.252236189254326
2024-11-16 13:00:00,23.047098161765266
2024-11-16 14:00:00,24.312948399117463
2024-11-16 15:00:00,24.04482422073549
2024-11-16 16:00:00,24.689503517342878
2024-11-16 17:00:00,22.96407741746251
2024-11-16 18:00:00,20.614072758917843
2024-11-16 19:00:00,23.186710985764982
2024-11-16 20:00:00,22.68146338524719
2024-11-16 21:00:00,23.868054347938983
2024-11-16 22:00:00,23.96549432537406
2024-11-16 23:00:00,20.73843595032617
2024-11-17 00:00:00,23.03858334454672
2024-11-17 01:00:00,21.124129774478533
2024-11-17 02:00:00,21.767041323590135
2024-11-17 03:00:00,24.760317946174563
2024-11-17 04:00:00,24.402197168451032
2024-11-17 05:00:00,21.685356140585846
2024-11-17 06:00:00,21.822462500051138
2024-11-17 07:00:00,20.2606049815393
2024-11-17 08:00:00,24.349516749149778
2024-11-17 09:00:00,22.175812590710077
2024-11-17 10:00:00,20.228754870690366
2024-11-17 11:00:00,24.563779687576833
2024-11-17 12:00:00,20.943295472263443
2024-11-17 13:00:00,24.634221134481972
2024-11-17 14:00:00,24.243086044121615
2024-11-17 15:00:00,21.572897627966963
2024-11-17 16:00:00,22.09646071567721
2024-11-17 17:00:00,23.14074350082101
2024-11-17 18:00:00,22.453389091907425
2024-11-17 19:00:00,22.230676620656663
2024-11-17 20:00:00,22.78255663774108
2024-11-17 21:00:00,24.342934433915005
2024-11-17 22:00:00,23.051971367126132
2024-11-17 23:00:00,22.11651963411752
2024-11-18 00:00:00,91.70110952866938
2024-11-18 01:00:00,60.5983663944776
2024-11-18 02:00:00,74.92294712928938
2024-11-18 03:00:00,60.444251429988974
2024-11-18 04:00:00,56.561755727899204
2024-11-18 05:00:00,87.70401601657338
2024-11-18 06:00:00,52.870960763532274
2024-11-18 07:00:00,87.89604808755294
2024-11-18 08:00:00,66.18995983645962
2024-11-18 09:00:00,68.77441999641758
2024-11-18 10:00:00,72.96918451037784
2024-11-18 11:00:00,43.53202342024769
2024-11-18 12:00:00,62.81971851920576
2024-11-18 13:00:00,75.41127149812068
2024-11-18 14:00:00,58.359235732340174
2024-11-18 15:00:00,57.82945333038012
2024-11-18 16:00:00,79.55310216516449
2024-11-18 17:00:00,64.98194787105774
2024-11-18 18:00:00,55.238777424264185
2024-11-18 19:00:00,85.92980034211793
2024-11-18 20:00:00,54.76305643013972
2024-11-18 21:00:00,57.34117254016294
2024-11-18 22:00:00,68.27207306156046
2024-11-18 23:00:00,81.43395802675283
2024-11-19 00:00:00,66.84890229549433
2024-11-19 01:00:00,57.57461972205094
2024-11-19 02:00:00,47.11147557508234
2024-11-19 03:00:00,81.05757068049341
2024-11-19 04:00:00,66.72158118375998
2024-11-19 05:00:00,76.46673723748874
2024-11-19 06:00:00,94.9058961569345
2024-11-19 07:00:00,66.01781325141407
2024-11-19 08:00:00,93.02093214198138
2024-11-19 09:00:00,44.739615127511065
2024-11-19 10:00:00,46.36035806019087
2024-11-19 11:00:00,50.61218970744336
2024-11-19 12:00:00,76.25973556185104
2024-11-19 13:00:00,82.79245852575266
2024-11-19 14:00:00,49.690730750222166
2024-11-19 15:00:00,86.49871933652341
2024-11-19 16:00:00,85.39303157419486
2024-11-19 17:00:00,86.67337912062655
2024-11-19 18:00:00,82.33238559444044
2024-11-19 19:00:00,82.0032392412327
2024-11-19 20:00:00,70.94770906339782
2024-11-19 21:00:00,81.74914487477645
2024-11-19 22:00:00,65.67115505005552
2024-11-19 23:00:00,50.13112945019098
2024-11-20 00:00:00,43.94248495543303
2024-11-20 01:00:00,78.69056185019559
2024-11-20 02:00:00,41.76164156369249
2024-11-20 03:00:00,84.71625836623645
2024-11-20 04:00:00,94.8035262239521
2024-11-20 05:00:00,82.10683089183605
2024-11-20 06:00:00,47.60504802428904
2024-11-20 07:00:00,62.25882616441116
2024-11-20 08:00:00,65.49457334548576
2024-11-20 09:00:00,61.20968343701645
2024-11-20 10:00:00,48.48590113061908
2024-11-20 11:00:00,75.89294199012633
2024-11-20 12:00:00,59.632676390924274
2024-11-20 13:00:00,54.389351748283005
2024-11-20 14:00:00,76.19672270606999
2024-11-20 15:00:00,61.45640295995517
2024-11-20 16:00:00,52.944117468902846
2024-11-20 17:00:00,54.01783407475847
2024-11-20 18:00:00,56.349251479929904
2024-11-20 19:00:00,65.58964333064381
2024-11-20 20:00:00,53.279656766496785
2024-11-20 21:00:00,49.51852358420112
2024-11-20 22:00:00,62.58911161872956
2024-11-20 23:00:00,47.30525524903605
2024-11-21 00:00:00,79.51528563136048
2024-11-21 01:00:00,55.80298301067795
2024-11-21 02:00:00,57.878552185379874
2024-11-21 03:00:00,64.2406781427748
2024-11-21 04:00:00,66.5916875901176
2024-11-21 05:00:00,51.2950917587999
2024-11-21 06:00:00,91.05008414740571
2024-11-21 07:00:00,73.53261851173986
2024-11-21 08:00:00,61.16298628846023
2024-11-21 09:00:00,52.861297476637056
2024-11-21 10:00:00,81.5716076272736
2024-11-21 11:00:00,74.19601029801939
2024-11-21 12:00:00,83.76474817645267
2024-11-21 13:00:00,53.13487646490927
2024-11-21 14:00:00,49.51506556509288
2024-11-21 15:00:00,75.30431524054099
2024-11-21 16:00:00,65.56573852332356
2024-11-21 17:00:00,88.72433738527853
2024-11-21 18:00:00,78.47800408166634
2024-11-21 19:00:00,61.261308610488
2024-11-21 20:00:00,57.232891684659165
2024-11-21 21:00:00,62.12620663346042
2024-11-21 22:00:00,84.65991123604726
2024-11-21 23:00:00,65.87279054372814
2024-11-22 00:00:00,92.89724304424821
2024-11-22 01:00:00,52.823114294674326
2024-11-22 02:00:00,67.32367832640614
2024-11-22 03:00:00,56.02239846793302
2024-11-22 04:00:00,75.07075305127579
2024-11-22 05:00:00,80.53484078444976
2024-11-22 06:00:00,69.44695559353136
2024-11-22 07:00:00,72.16350004688059
2024-11-22 08:00:00,79.91962340591124
2024-11-22 09:00:00,80.5775976494833
2024-11-22 10:00:00,84.60912623688432
2024-11-22 11:00:00,56.85236112921303
2024-11-22 12:00:00,62.30993080290399
2024-11-22 13:00:00,71.08858981810559
2024-11-22 14:00:00,64.55019373524901
2024-11-22 15:00:00,41.11502852762629
2024-11-22 16:00:00,59.418958406415676
2024-11-22 17:00:00,64.39910789553544
2024-11-22 18:00:00,84.64451092429528
2024-11-22 19:00:00,50.11889362043817
2024-11-22 20:00:00,61.39203647236391
2024-11-22 21:00:00,41.968818939834705
2024-11-22 22:00:00,82.57570790980105
2024-11-22 23:00:00,72.92423262521353
2024-11-23 00:00:00,24.77582352164757
2024-11-23 01:00:00,21.189221406953678
2024-11-23 02:00:00,22.12817920500698
2024-11-23 03:00:00,22.471818218574217
2024-11-23 04:00:00,21.971084968112578
2024-11-23 05:00:00,20.55819728580512
2024-11-23 06:00:00,24.167775387060466
2024-11-23 07:00:00,21.7952487530295
2024-11-23 08:00:00,23.157561245247752
2024-11-23 09:00:00,23.618954393156123
2024-11-23 10:00:00,22.546252380001306
2024-11-23 11:00:00,20.549300977926517
2024-11-23 12:00:00,24.494210293635604
2024-11-23 13:00:00,24.5808731961857
2024-11-23 14:00:00,23.491720665928973
2024-11-23 15:00:00,21.00191826741601
2024-11-23 16:00:00,23.450320960309536
2024-11-23 17:00:00,23.880436757249214
2024-11-23 18:00:00,23.455250173310212
2024-11-23 19:00:00,20.10614961535884
2024-11-23 20:00:00,22.912952885668684
2024-11-23 21:00:00,24.187061777751012
2024-11-23 22:00:00,22.129373546509022
2024-11-23 23:00:00,23.459442359011426
2024-11-24 00:00:00,24.827389078535496
2024-11-24 01:00:00,24.018283372854476
2024-11-24 02:00:00,20.920363643675064
2024-11-24 03:00:00,24.646519495783384
2024-11-24 04:00:00,24.314990471796264
2024-11-24 05:00:00,23.925377266904754
2024-11-24 06:00:00,21.743450764228047
2024-11-24 07:00:00,23.37337717524707
2024-11-24 08:00:00,22.253741866423837
2024-11-24 09:00:00,22.253325888893954
2024-11-24 10:00:00,21.34356787274588
2024-11-24 11:00:00,22.002092361501244
2024-11-24 12:00:00,20.156292413777557
2024-11-24 13:00:00,20.318356421211362
2024-11-24 14:00:00,24.64340718313922
2024-11-24 15:00:00,22.897277827406576
2024-11-24 16:00:00,22.68376564638833
2024-11-24 17:00:00,22.431161722746843
2024-11-24 18:00:00,20.70262897898277
2024-11-24 19:00:00,22.882812579187604
2024-11-24 20:00:00,21.240498935073678
2024-11-24 21:00:00,23.176590706376942
2024-11-24 22:00:00,22.12891387820342
2024-11-24 23:00:00,24.402363395206077
2024-11-25 00:00:00,94.41878757227508
2024-11-25 01:00:00,49.29512822702321
2024-11-25 02:00:00,75.78261479591107
2024-11-25 03:00:00,80.90840036763683
2024-11-25 04:00:00,51.75516085346713
2024-11-25 05:00:00,59.278632272274564
2024-11-25 06:00:00,66.98539322605849
2024-11-25 07:00:00,60.23862388863589
2024-11-25 08:00:00,47.33466947817931
2024-11-25 09:00:00,61.99569187073322
2024-11-25 10:00:00,50.17442956003005
2024-11-25 11:00:00,54.387817396571386
2024-11-25 12:00:00,77.67544570747043
2024-11-25 13:00:00,74.91375611601742
2024-11-25 14:00:00,77.74555504979196
2024-11-25 15:00:00,83.33974367628065
2024-11-25 16:00:00,48.44509193215492
2024-11-25 17:00:00,71.55321989324379
2024-11-25 18:00:00,65.99708110192856
2024-11-25 19:00:00,52.2640284131932
2024-11-25 20:00:00,67.06547614209909
2024-11-25 21:00:00,58.34482128873433
2024-11-25 22:00:00,48.457817819497876
2024-11-25 23:00:00,81.03016520779892
2024-11-26 00:00:00,56.51109910510962
2024-11-26 01:00:00,79.68093081244422
2024-11-26 02:00:00,71.65618368315091
2024-11-26 03:00:00,47.68328048043995
2024-11-26 04:00:00,44.06093446652296
2024-11-26 05:00:00,79.63265223974408
2024-11-26 06:00:00,90.0683855015002
2024-11-26 07:00:00,87.26707184904967
2024-11-26 08:00:00,66.05413045746488
2024-11-26 09:00:00,41.7184029758309
2024-11-26 10:00:00,50.25397002542543
2024-11-26 11:00:00,61.70503090515696
2024-11-26 12:00:00,73.30731480318727
2024-11-26 13:00:00,54.303933242875274
2024-11-26 14:00:00,48.28430337349443
2024-11-26 15:00:00,54.58745535546139
2024-11-26 16:00:00,88.33721812755834
2024-11-26 17:00:00,72.20694514730782
2024-11-26 18:00:00,65.23550325461045
2024-11-26 19:00:00,80.12403486463626
2024-11-26 20:00:00,76.08812776161938
2024-11-26 21:00:00,72.58369453560877
2024-11-26 22:00:00,66.28032136762405
2024-11-26 23:00:00,63.57799511065628
2024-11-27 00:00:00,61.43537309333231
2024-11-27 01:00:00,63.82120278789306
2024-11-27 02:00:00,56.31636581818714
2024-11-27 03:00:00,52.9313696920228
2024-11-27 04:00:00,42.07829199957678
2024-11-27 05:00:00,70.62903709575801
2024-11-27 06:00:00,63.31743263928115
2024-11-27 07:00:00,52.7418329357242
2024-11-27 08:00:00,68.23169544996844
2024-11-27 09:00:00,70.54855958532625
2024-11-27 10:00:00,59.324047351224095
2024-11-27 11:00:00,48.18622334720753
2024-11-27 12:00:00,69.52646065463333
2024-11-27 13:00:00,65.22248987175915
2024-11-27 14:00:00,86.69310461659214
2024-11-27 15:00:00,81.68477647662786
2024-11-27 16:00:00,43.033200455817024
2024-11-27 17:00:00,76.51704115013946
2024-11-27 18:00:00,41.81133778210133
2024-11-27 19:00:00,79.34761688217286
2024-11-27 20:00:00,53.75382142063529
2024-11-27 21:00:00,51.38514318263894
2024-11-27 22:00:00,50.06801194156374
2024-11-27 23:00:00,52.796961471683844
2024-11-28 00:00:00,54.37296689729129
2024-11-28 01:00:00,41.338901678835256
2024-11-28 02:00:00,46.58584586222695
2024-11-28 03:00:00,61.67556525343194
2024-11-28 04:00:00,39.073186247709444
2024-11-28 05:00:00,69.11966383384159
2024-11-28 06:00:00,82.55013754287017
2024-11-28 07:00:00,76.88221283814255
2024-11-28 08:00:00,50.424626152648294
2024-11-28 09:00:00,55.740287493957474
2024-11-28 10:00:00,88.20805740060842
2024-11-28 11:00:00,52.25821922391814
2024-11-28 12:00:00,70.80713713278708
2024-11-28 13:00:00,65.07637514366667
2024-11-28 14:00:00,77.148891921006
2024-11-28 15:00:00,90.11386175783281
2024-11-28 16:00:00,44.290961389829405
2024-11-28 17:00:00,92.09266697217659
2024-11-28 18:00:00,54.725606868777774
2024-11-28 19:00:00,43.075004166941575
2024-11-28 20:00:00,88.90385112920882
2024-11-28 21:00:00,55.169049785352335
2024-11-28 22:00:00,71.53569635801244
2024-11-28 23:00:00,87.51598311205427
2024-11-29 00:00:00,74.79652157455148
2024-11-29 01:00:00,83.25105890266025
2024-11-29 02:00:00,87.44789945082462
2024-11-29 03:00:00,57.03163246467468
2024-11-29 04:00:00,73.29915806671136
2024-11-29 05:00:00,68.71250445184529
2024-11-29 06:00:00,73.11245252907798
2024-11-29 07:00:00,85.91998512548452
2024-11-29 08:00:00,81.5477880034986
2024-11-29 09:00:00,70.68842821596579
2024-11-29 10:00:00,49.090180780088474
2024-11-29 11:00:00,89.49398773946697
2024-11-29 12:00:00,66.95925139449974
2024-11-29 13:00:00,61.79704506965908
2024-11-29 14:00:00,87.85110061658824
2024-11-29 15:00:00,61.76728137640168
2024-11-29 16:00:00,77.20679733858297
2024-11-29 17:00:00,52.52672684029781
2024-11-29 18:00:00,77.087101891381
2024-11-29 19:00:00,93.182853503697
2024-11-29 20:00:00,68.2103824711599
2024-11-29 21:00:00,44.81419794759317
2024-11-29 22:00:00,73.35130694128134
2024-11-29 23:00:00,59.573419884788024
2024-11-30 00:00:00,21.587811582419604
2024-11-30 01:00:00,24.231096136880222
2024-11-30 02:00:00,24.830370168385592
2024-11-30 03:00:00,21.88845501059083
2024-11-30 04:00:00,20.362431258582497
2024-11-30 05:00:00,21.93178427132166
2024-11-30 06:00:00,22.46666034348476
2024-11-30 07:00:00,23.18480895758453
2024-11-30 08:00:00,20.672034913583087
2024-11-30 09:00:00,21.325254596778063
2024-11-30 10:00:00,23.062266892704354
2024-11-30 11:00:00,22.11510590847655
2024-11-30 12:00:00,22.67959971276232
2024-11-30 13:00:00,24.57719252391047
2024-11-30 14:00:00,23.197364028146325
2024-11-30 15:00:00,23.720303728429517
2024-11-30 16:00:00,24.327413625714257
2024-11-30 17:00:00,23.451969500795048
2024-11-30 18:00:00,24.584319653069326
2024-11-30 19:00:00,22.93275543149673
2024-11-30 20:00:00,24.822330192489417
2024-11-30 21:00:00,21.769731456135606
2024-11-30 22:00:00,22.249503032009216
2024-11-30 23:00:00,21.38073397501905
2024-12-01 00:00:00,21.582654464075343
2024-12-01 01:00:00,22.132802129308953
2024-12-01 02:00:00,20.539787668666904
2024-12-01 03:00:00,20.67832648704774
2024-12-01 04:00:00,23.313185302328595
2024-12-01 05:00:00,20.190410292602024
2024-12-01 06:00:00,21.39697617973738
2024-12-01 07:00:00,23.579366372782314
2024-12-01 08:00:00,24.46011000128228
2024-12-01 09:00:00,21.587932848906902
2024-12-01 10:00:00,24.45792874793912
2024-12-01 11:00:00,24.263676895469064
2024-12-01 12:00:00,24.792272188609658
2024-12-01 13:00:00,22.481733483499184
2024-12-01 14:00:00,23.74501038864242
2024-12-01 15:00:00,20.577522772994485
2024-12-01 16:00:00,21.025950235498616
2024-12-01 17:00:00,20.9901889974651
2024-12-01 18:00:00,21.14303027468026
2024-12-01 19:00:00,21.441616438296936
2024-12-01 20:00:00,23.03559259449178
2024-12-01 21:00:00,23.32408801988692
2024-12-01 22:00:00,24.082088524319765
2024-12-01 23:00:00,22.793641834872727
2024-12-02 00:00:00,76.000071790581
2024-12-02 01:00:00,63.70259002366339
2024-12-02 02:00:00,72.0931280888945
2024-12-02 03:00:00,64.75628535079616
2024-12-02 04:00:00,96.1026879058573
2024-12-02 05:00:00,41.69462167138525
2024-12-02 06:00:00,72.67460995686604
2024-12-02 07:00:00,75.76610912509369
2024-12-02 08:00:00,62.09631359925779
2024-12-02 09:00:00,70.15156011222385
2024-12-02 10:00:00,88.63143276042572
2024-12-02 11:00:00,67.76103848107431
2024-12-02 12:00:00,58.89472518495721
2024-12-02 13:00:00,91.96979175270141
2024-12-02 14:00:00,57.20880812109883
2024-12-02 15:00:00,68.87851726835994
2024-12-02 16:00:00,97.28262045073006
2024-12-02 17:00:00,89.77259152833483
2024-12-02 18:00:00,50.17698674849697
2024-12-02 19:00:00,65.9740569527687
2024-12-02 20:00:00,51.73339191069154
2024-12-02 21:00:00,38.925974100651075
2024-12-02 22:00:00,76.6885656179499
2024-12-02 23:00:00,69.53213281148854
2024-12-03 00:00:00,89.10804654196937
2024-12-03 01:00:00,64.8263614620544
2024-12-03 02:00:00,66.64037167277911
2024-12-03 03:00:00,81.09918969861047
2024-12-03 04:00:00,37.68832100032379
2024-12-03 05:00:00,65.22377486967991
2024-12-03 06:00:00,60.43820327771297
2024-12-03 07:00:00,66.23870615738326
2024-12-03 08:00:00,74.58023108492885
2024-12-03 09:00:00,51.27040037658532
2024-12-03 10:00:00,86.05039776747591
2024-12-03 11:00:00,60.59866706229995
2024-12-03 12:00:00,57.25219664660107
2024-12-03 13:00:00,57.34624387715817
2024-12-03 14:00:00,52.896175370554936
2024-12-03 15:00:00,72.37334896987281
2024-12-03 16:00:00,60.90712219376282
2024-12-03 17:00:00,60.05690078439531
2024-12-03 18:00:00,57.487099979881876
2024-12-03 19:00:00,74.74286522536245
2024-12-03 20:00:00,53.7526161782151
2024-12-03 21:00:00,85.7346500931714
2024-12-03 22:00:00,86.37317652782033
2024-12-03 23:00:00,50.87890967520538
2024-12-04 00:00:00,71.03146047862381
2024-12-04 01:00:00,73.96122498805147
2024-12-04 02:00:00,69.05199031612916
2024-12-04 03:00:00,65.92959138593652
2024-12-04 04:00:00,61.23197569655628
2024-12-04 05:00:00,67.34377561588266
2024-12-04 06:00:00,55.90652951413724
2024-12-04 07:00:00,76.35464745425068
2024-12-04 08:00:00,43.47536248722274
2024-12-04 09:00:00,56.38204664267242
2024-12-04 10:00:00,40.91443046165912
2024-12-04 11:00:00,82.45733071582362
2024-12-04 12:00:00,65.67110349934798
2024-12-04 13:00:00,44.19418189760975
2024-12-04 14:00:00,69.37916919854555
2024-12-04 15:00:00,75.3897794306037
2024-12-04 16:00:00,90.10185862064615
2024-12-04 17:00:00,62.65116444822944
2024-12-04 18:00:00,56.02004636731759
2024-12-04 19:00:00,60.76519467137075
2024-12-04 20:00:00,82.90166770132394
2024-12-04 21:00:00,89.16932104616872
2024-12-04 22:00:00,43.54127289916942
2024-12-04 23:00:00,83.81223870192339
2024-12-05 00:00:00,49.86738048889882
2024-12-05 01:00:00,55.32118950155341
2024-12-05 02:00:00,78.72939709512364
2024-12-05 03:00:00,73.74554839351813
2024-12-05 04:00:00,69.30137889870181
2024-12-05 05:00:00,55.0480237207081
2024-12-05 06:00:00,69.81334401404216
2024-12-05 07:00:00,57.86540886780121
2024-12-05 08:00:00,81.59379021910435
2024-12-05 09:00:00,79.84036977406421
2024-12-05 10:00:00,90.22692187314482
2024-12-05 11:00:00,74.15242698676686
2024-12-05 12:00:00,56.508165849790075
2024-12-05 13:00:00,52.02541975384837
2024-12-05 14:00:00,79.02041141841866
2024-12-05 15:00:00,62.78642625173619
2024-12-05 16:00:00,75.87293740288811
2024-12-05 17:00:00,66.88030959875897
2024-12-05 18:00:00,66.11954486306894
2024-12-05 19:00:00,45.32159897375304
2024-12-05 20:00:00,75.24160223601984
2024-12-05 21:00:00,63.22326659179129
2024-12-05 22:00:00,90.87587027597382
2024-12-05 23:00:00,64.51888957015186
2024-12-06 00:00:00,21.938849471100834
2024-12-06 01:00:00,23.533185878144543
2024-12-06 02:00:00,24.25827840909617
2024-12-06 03:00:00,21.678583933222793
2024-12-06 04:00:00,21.863054296107812
2024-12-06 05:00:00,21.763753220936184
2024-12-06 06:00:00,23.078343964595597
2024-12-06 07:00:00,24.727493014222453
2024-12-06 08:00:00,20.40589095317634
2024-12-06 09:00:00,20.394053383128263
2024-12-06 10:00:00,23.75243068152961
2024-12-06 11:00:00,22.578258078452457
2024-12-06 12:00:00,23.711574987524134
2024-12-06 13:00:00,23.750745206736582
2024-12-06 14:00:00,24.480407547977606
2024-12-06 15:00:00,22.258980710112237
2024-12-06 16:00:00,23.92984410335817
2024-12-06 17:00:00,24.20253504722476
2024-12-06 18:00:00,23.47734170122649
2024-12-06 19:00:00,22.479249323404684
2024-12-06 20:00:00,22.460434643968807
2024-12-06 21:00:00,24.805245480026183
2024-12-06 22:00:00,24.811450687569856
2024-12-06 23:00:00,24.460151558580765
2024-12-07 00:00:00,21.128433400625923
2024-12-07 01:00:00,21.022810262670227
2024-12-07 02:00:00,22.84361318048647
2024-12-07 03:00:00,21.92226261937581
2024-12-07 04:00:00,22.688505475758504
2024-12-07 05:00:00,20.618030397685747
2024-12-07 06:00:00,21.597220650085
2024-12-07 07:00:00,23.645850168375418
2024-12-07 08:00:00,20.689947100335846
2024-12-07 09:00:00,21.502266845369274
2024-12-07 10:00:00,20.44786930411085
2024-12-07 11:00:00,22.396807060469744
2024-12-07 12:00:00,21.839625484429437
2024-12-07 13:00:00,23.71868441748688
2024-12-07 14:00:00,21.24100184294098
2024-12-07 15:00:00,24.162085740574128
2024-12-07 16:00:00,23.28846634556337
2024-12-07 17:00:00,24.41204742253199
2024-12-07 18:00:00,23.942645731885523
2024-12-07 19:00:00,24.931953710686823
2024-12-07 20:00:00,24.920518556110316
2024-12-07 21:00:00,24.397073119059435
2024-12-07 22:00:00,20.978417326979923
2024-12-07 23:00:00,23.16454980528408
2024-12-08 00:00:00,23.2222369308693
2024-12-08 01:00:00,20.86385684239525
2024-12-08 02:00:00,24.992882751691077
2024-12-08 03:00:00,20.449389559252616
2024-12-08 04:00:00,23.544850763540154
2024-12-08 05:00:00,21.4793686907087
2024-12-08 06:00:00,20.416889204282256
2024-12-08 07:00:00,23.830030935933358
2024-12-08 08:00:00,24.258798864948268
2024-12-08 09:00:00,22.350166421977683
2024-12-08 10:00:00,20.40053096229495
2024-12-08 11:00:00,21.188693075126906
2024-12-08 12:00:00,24.389482898664973
2024-12-08 13:00:00,21.91184184983321
2024-12-08 14:00:00,20.972922289122753
2024-12-08 15:00:00,21.42008504873337
2024-12-08 16:00:00,22.65620030865906
2024-12-08 17:00:00,21.500211059736948
2024-12-08 18:00:00,21.730557246109363
2024-12-08 19:00:00,24.80167015312334
2024-12-08 20:00:00,24.407273463316134
2024-12-08 21:00:00,22.556498056722482
2024-12-08 22:00:00,23.63760383179298
2024-12-08 23:00:00,24.110461073895394
2024-12-09 00:00:00,24.456792461299806
2024-12-09 01:00:00,24.212467969092806
2024-12-09 02:00:00,24.084408442359766
2024-12-09 03:00:00,21.186562281071254
2024-12-09 04:00:00,20.100542581473146
2024-12-09 05:00:00,24.927115232846067
2024-12-09 06:00:00,22.661584836893994
2024-12-09 07:00:00,23.362029557608473
2024-12-09 08:00:00,21.030547623871566
2024-12-09 09:00:00,23.323116910896903
2024-12-09 10:00:00,23.085556570908878
2024-12-09 11:00:00,23.969126227601805
2024-12-09 12:00:00,21.055994115140745
2024-12-09 13:00:00,20.20777541006895
2024-12-09 14:00:00,24.948312235304023
2024-12-09 15:00:00,24.038891885587134
2024-12-09 16:00:00,23.627443453457367
2024-12-09 17:00:00,24.937591584720245
2024-12-09 18:00:00,22.00553006035608
2024-12-09 19:00:00,23.304310590278472
2024-12-09 20:00:00,24.17884461574657
2024-12-09 21:00:00,22.9275265283648
2024-12-09 22:00:00,21.496330215190444
2024-12-09 23:00:00,20.06054583541125
2024-12-10 00:00:00,23.87916789877537
2024-12-10 01:00:00,22.865238090448628
2024-12-10 02:00:00,20.299314776391277
2024-12-10 03:00:00,21.07354138003566
2024-12-10 04:00:00,22.878945225597132
2024-12-10 05:00:00,23.9880536445855
2024-12-10 06:00:00,24.936276923895846
2024-12-10 07:00:00,24.558364409221465
2024-12-10 08:00:00,23.553860702108473
2024-12-10 09:00:00,22.279186439298204
2024-12-10 10:00:00,24.22927749921815
2024-12-10 11:00:00,22.221381344335022
2024-12-10 12:00:00,21.609319031905823
2024-12-10 13:00:00,21.81014409582176
2024-12-10 14:00:00,20.921284628770362
2024-12-10 15:00:00,20.94586930141026
2024-12-10 16:00:00,24.251621306431247
2024-12-10 17:00:00,24.972650755702205
2024-12-10 18:00:00,20.913152949625033
2024-12-10 19:00:00,21.625795146789038
2024-12-10 20:00:00,20.917345028141035
2024-12-10 21:00:00,20.51418926380693
2024-12-10 22:00:00,20.6836487027787
2024-12-10 23:00:00,23.97135373749755
2024-12-11 00:00:00,23.089413879248543
2024-12-11 01:00:00,24.19364819561473
2024-12-11 02:00:00,23.130374870209895
2024-12-11 03:00:00,22.29259741134777
2024-12-11 04:00:00,21.647904249188798
2024-12-11 05:00:00,20.679016938781885
2024-12-11 06:00:00,23.026789259077386
2024-12-11 07:00:00,23.189918349775045
2024-12-11 08:00:00,22.149711435780077
2024-12-11 09:00:00,20.48019132085485
2024-12-11 10:00:00,21.930007766927925
2024-12-11 11:00:00,22.39967043138135
2024-12-11 12:00:00,24.60654077467302
2024-12-11 13:00:00,21.23284016233232
2024-12-11 14:00:00,20.61284106753287
2024-12-11 15:00:00,23.159222196135524
2024-12-11 16:00:00,20.398991281248982
2024-12-11 17:00:00,21.950063555048317
2024-12-11 18:00:00,22.430824134869706
2024-12-11 19:00:00,20.102907682006634
2024-12-11 20:00:00,24.730787984951974
2024-12-11 21:00:00,22.713549102676218
2024-12-11 22:00:00,21.273686892241287
2024-12-11 23:00:00,22.104136011689285
2024-12-12 00:00:00,20.1181515409005
2024-12-12 01:00:00,23.33445736512139
2024-12-12 02:00:00,21.87386907028738
2024-12-12 03:00:00,23.59054753876562
2024-12-12 04:00:00,23.55482139755911
2024-12-12 05:00:00,24.121828878143
2024-12-12 06:00:00,21.68442506138976
2024-12-12 07:00:00,21.004274778616548
2024-12-12 08:00:00,23.304074685409617
2024-12-12 09:00:00,20.07145714597956
2024-12-12 10:00:00,21.424337869267156
2024-12-12 11:00:00,21.75474453308986
2024-12-12 12:00:00,22.743889430086327
2024-12-12 13:00:00,24.503080359732444
2024-12-12 14:00:00,21.01910473383817
2024-12-12 15:00:00,21.491217408594668
2024-12-12 16:00:00,23.841463231464914
2024-12-12 17:00:00,24.29389361713794
2024-12-12 18:00:00,22.13140828106446
2024-12-12 19:00:00,24.25361456785604
2024-12-12 20:00:00,21.733785635209735
2024-12-12 21:00:00,20.26220496556796
2024-12-12 22:00:00,22.525072939876683
2024-12-12 23:00:00,23.550578289385708
2024-12-13 00:00:00,22.374862910450837
2024-12-13 01:00:00,24.208109077429913
2024-12-13 02:00:00,20.081976296330595
2024-12-13 03:00:00,21.073197805251908
2024-12-13 04:00:00,20.544160928889575
2024-12-13 05:00:00,22.02626757953921
2024-12-13 06:00:00,21.3008275525037
2024-12-13 07:00:00,22.896002166346843
2024-12-13 08:00:00,21.256811339954986
2024-12-13 09:00:00,21.775219519095838
2024-12-13 10:00:00,20.882343508449434
2024-12-13 11:00:00,22.046851316692482
2024-12-13 12:00:00,22.010356086300984
2024-12-13 13:00:00,21.48320386097538
2024-12-13 14:00:00,23.87862048065192
2024-12-13 15:00:00,20.573124276090788
2024-12-13 16:00:00,20.083453538780365
2024-12-13 17:00:00,21.868090301579706
2024-12-13 18:00:00,22.378671194415436
2024-12-13 19:00:00,21.486497563823384
2024-12-13 20:00:00,21.08772749225875
2024-12-13 21:00:00,21.90882369593828
2024-12-13 22:00:00,21.732142452743282
2024-12-13 23:00:00,20.380871279489558
2024-12-14 00:00:00,24.782053019402582
2024-12-14 01:00:00,21.95135002341849
2024-12-14 02:00:00,22.26649276335422
2024-12-14 03:00:00,21.229867834547402
2024-12-14 04:00:00,22.729647781563713
2024-12-14 05:00:00,22.79767027761251
2024-12-14 06:00:00,23.895067669275225
2024-12-14 07:00:00,23.111575611967375
2024-12-14 08:00:00,24.143677315871656
2024-12-14 09:00:00,20.479440227181275
2024-12-14 10:00:00,20.3245257599101
2024-12-14 11:00:00,24.633526171214115
2024-12-14 12:00:00,24.118979361088453
2024-12-14 13:00:00,21.854380769250614
2024-12-14 14:00:00,24.76880010124574
2024-12-14 15:00:00,23.87756442081633
2024-12-14 16:00:00,24.130984175609626
2024-12-14 17:00:00,24.275249175267632
2024-12-14 18:00:00,24.138091661525003
2024-12-14 19:00:00,23.3081151613756
2024-12-14 20:00:00,21.36776108372527
2024-12-14 21:00:00,24.640801626970973
2024-12-14 22:00:00,22.464610501830503
2024-12-14 23:00:00,21.471721349882017
2024-12-15 00:00:00,21.5650409911895
2024-12-15 01:00:00,23.72456826826521
2024-12-15 02:00:00,21.447113231917502
2024-12-15 03:00:00,20.88239386719001
2024-12-15 04:00:00,24.9766085065599
2024-12-15 05:00:00,24.276365343218828
2024-12-15 06:00:00,22.28961943245472
2024-12-15 07:00:00,21.345734383198288
2024-12-15 08:00:00,22.371097537077283
2024-12-15 09:00:00,23.134491580650504
2024-12-15 10:00:00,23.756424909323712
2024-12-15 11:00:00,23.415248320743
2024-12-15 12:00:00,20.422263222849573
2024-12-15 13:00:00,23.722025319571127
2024-12-15 14:00:00,21.7611460214299
2024-12-15 15:00:00,20.082890967387524
2024-12-15 16:00:00,24.476324596280502
2024-12-15 17:00:00,20.002495612142823
2024-12-15 18:00:00,22.13959820464299
2024-12-15 19:00:00,21.987572870922442
2024-12-15 20:00:00,24.741247221450255
2024-12-15 21:00:00,21.54034826389899
2024-12-15 22:00:00,21.73373716141148
2024-12-15 23:00:00,22.12512842140176
2024-12-16 00:00:00,20.018146580008242
2024-12-16 01:00:00,22.466602087931065
2024-12-16 02:00:00,21.869281356624306
2024-12-16 03:00:00,21.073300905600032
2024-12-16 04:00:00,23.237879749497548
2024-12-16 05:00:00,24.75007347104117
2024-12-16 06:00:00,20.522081736428923
2024-12-16 07:00:00,22.35234009072831
2024-12-16 08:00:00,21.72031774388508
2024-12-16 09:00:00,21.717228297658245
2024-12-16 10:00:00,20.118866243894068
2024-12-16 11:00:00,21.084635153377473
2024-12-16 12:00:00,20.579794806325587
2024-12-16 13:00:00,24.15101163691704
2024-12-16 14:00:00,24.872963379766865
2024-12-16 15:00:00,23.856144040513353
2024-12-16 16:00:00,23.785918667023886
2024-12-16 17:00:00,21.546656662252822
2024-12-16 18:00:00,24.440208671271915
2024-12-16 19:00:00,22.156682265148255
2024-12-16 20:00:00,22.03818567178182
2024-12-16 21:00:00,22.08915359596957
2024-12-16 22:00:00,21.00100217867315
2024-12-16 23:00:00,23.81937371113461
2024-12-17 00:00:00,23.13940598156243
2024-12-17 01:00:00,24.882077881495917
2024-12-17 02:00:00,22.83562508476485
2024-12-17 03:00:00,24.442371935957276
2024-12-17 04:00:00,22.122881919638935
2024-12-17 05:00:00,24.98875884235799
2024-12-17 06:00:00,22.652876801896056
2024-12-17 07:00:00,21.1715586687461
2024-12-17 08:00:00,23.767076143350273
2024-12-17 09:00:00,23.6183675228811
2024-12-17 10:00:00,22.012546423746862
2024-12-17 11:00:00,21.93725805000819
2024-12-17 12:00:00,20.26942411035282
2024-12-17 13:00:00,24.034664219473974
2024-12-17 14:00:00,24.111260757337213
2024-12-17 15:00:00,20.63204520270315
2024-12-17 16:00:00,23.004279122857113
2024-12-17 17:00:00,24.159510682430238
2024-12-17 18:00:00,20.35722825272792
2024-12-17 19:00:00,24.027960713786776
2024-12-17 20:00:00,24.637378294767505
2024-12-17 21:00:00,21.013066064179593
2024-12-17 22:00:00,20.72693358309516
2024-12-17 23:00:00,23.071477579611198
2024-12-18 00:00:00,23.28001520737787
2024-12-18 01:00:00,23.959449361146593
2024-12-18 02:00:00,22.229338900149195
2024-12-18 03:00:00,21.866702151043206
2024-12-18 04:00:00,20.985822107300855
2024-12-18 05:00:00,22.724066403775446
2024-12-18 06:00:00,20.076090130207664
2024-12-18 07:00:00,23.1187326539416
2024-12-18 08:00:00,20.585596743635747
2024-12-18 09:00:00,23.270058764910523
2024-12-18 10:00:00,23.832568370816883
2024-12-18 11:00:00,24.08219438183155
2024-12-18 12:00:00,21.284121355073747
2024-12-18 13:00:00,23.754169040259402
2024-12-18 14:00:00,24.959369125175275
2024-12-18 15:00:00,21.1995124259284
2024-12-18 16:00:00,22.15616901304459
2024-12-18 17:00:00,23.52713536132834
2024-12-18 18:00:00,24.268040359027136
2024-12-18 19:00:00,24.384670197416643
2024-12-18 20:00:00,20.926125660167582
2024-12-18 21:00:00,22.950304485866454
2024-12-18 22:00:00,20.55142108104367
2024-12-18 23:00:00,21.831257402123548
2024-12-19 00:00:00,23.606562740668835
2024-12-19 01:00:00,20.925803862335833
2024-12-19 02:00:00,23.64831915811466
2024-12-19 03:00:00,24.336001995764732
2024-12-19 04:00:00,23.87031763411274
2024-12-19 05:00:00,21.59096176975154
2024-12-19 06:00:00,22.908420228760853
2024-12-19 07:00:00,23.271255179697633
2024-12-19 08:00:00,22.70927497134958
2024-12-19 09:00:00,20.47826854038976
2024-12-19 10:00:00,21.47591475068176
2024-12-19 11:00:00,20.871346348406032
2024-12-19 12:00:00,21.868199522023165
2024-12-19 13:00:00,21.78714082474728
2024-12-19 14:00:00,20.280885701728163
2024-12-19 15:00:00,22.24046147271222
2024-12-19 16:00:00,22.095141499402978
2024-12-19 17:00:00,22.649186815394664
2024-12-19 18:00:00,24.756934622730196
2024-12-19 19:00:00,20.058146509817142
2024-12-19 20:00:00,23.31059101357723
2024-12-19 21:00:00,20.75703320134882
2024-12-19 22:00:00,20.84779933257261
2024-12-19 23:00:00,20.463047717242425
2024-12-20 00:00:00,22.956474007660578
2024-12-20 01:00:00,23.60294842941282
2024-12-20 02:00:00,24.244609691447636
2024-12-20 03:00:00,22.571797684730093
2024-12-20 04:00:00,20.50376824585215
2024-12-20 05:00:00,22.198280097710708
2024-12-20 06:00:00,23.27992422281875
2024-12-20 07:00:00,22.940174326101804
2024-12-20 08:00:00,21.980308872989273
2024-12-20 09:00:00,21.50532220726716
2024-12-20 10:00:00,22.015053686049377
2024-12-20 11:00:00,21.169859805463503
2024-12-20 12:00:00,23.43450674504523
2024-12-20 13:00:00,23.626869771558304
2024-12-20 14:00:00,22.081162168328564
2024-12-20 15:00:00,23.297390535560535
2024-12-20 16:00:00,23.53362542282565
2024-12-20 17:00:00,20.245017620412824
2024-12-20 18:00:00,20.96683668841702
2024-12-20 19:00:00,21.69476170717449
2024-12-20 20:00:00,22.909060929389398
2024-12-20 21:00:00,21.767506484556495
2024-12-20 22:00:00,20.393781165585345
2024-12-20 23:00:00,22.605820319459312
2024-12-21 00:00:00,24.492365424612554
2024-12-21 01:00:00,23.757599703558252
2024-12-21 02:00:00,21.365746152061032
2024-12-21 03:00:00,24.615220832168355
2024-12-21 04:00:00,24.070052193211655
2024-12-21 05:00:00,24.46905251227712
2024-12-21 06:00:00,21.493171739217956
2024-12-21 07:00:00,20.686176576230864
2024-12-21 08:00:00,23.26502242990019
2024-12-21 09:00:00,22.826306988215983
2024-12-21 10:00:00,22.60124988481362
2024-12-21 11:00:00,23.9667716338789
2024-12-21 12:00:00,21.672692503855792
2024-12-21 13:00:00,21.820615529610006
2024-12-21 14:00:00,24.59065700373859
2024-12-21 15:00:00,20.919412245041418
2024-12-21 16:00:00,22.893774043312447
2024-12-21 17:00:00,24.42707802269196
2024-12-21 18:00:00,22.925683676846297
2024-12-21 19:00:00,22.310213431046463
2024-12-21 20:00:00,20.262729760951288
2024-12-21 21:00:00,20.085671382353024
2024-12-21 22:00:00,20.832245635443957
2024-12-21 23:00:00,24.275725711013656
2024-12-22 00:00:00,21.75682834523643
2024-12-22 01:00:00,23.994403941286514
2024-12-22 02:00:00,21.24882419483242
2024-12-22 03:00:00,20.491434439650902
2024-12-22 04:00:00,22.922432674044448
2024-12-22 05:00:00,22.00467315264534
2024-12-22 06:00:00,23.0238520403797
2024-12-22 07:00:00,24.963780285758958
2024-12-22 08:00:00,24.92194196216621
2024-12-22 09:00:00,22.410886974628315
2024-12-22 10:00:00,23.16399009858939
2024-12-22 11:00:00,24.35103938787192
2024-12-22 12:00:00,21.74279671758668
2024-12-22 13:00:00,24.673079509432963
2024-12-22 14:00:00,24.523215994754995
2024-12-22 15:00:00,24.23967220386284
2024-12-22 16:00:00,20.09556470066696
2024-12-22 17:00:00,24.487713408504245
2024-12-22 18:00:00,20.672600082252675
2024-12-22 19:00:00,22.050203680027042
2024-12-22 20:00:00,24.16201902277688
2024-12-22 21:00:00,23.587783486196557
2024-12-22 22:00:00,23.67269853131381
2024-12-22 23:00:00,22.109461612678057
2024-12-23 00:00:00,24.516661590582935
2024-12-23 01:00:00,23.3916506213012
2024-12-23 02:00:00,24.6800456483891
2024-12-23 03:00:00,24.853055058450884
2024-12-23 04:00:00,21.72491942690751
2024-12-23 05:00:00,20.952260887265062
2024-12-23 06:00:00,23.39958212391349
2024-12-23 07:00:00,20.511528902584566
2024-12-23 08:00:00,21.452197927966036
2024-12-23 09:00:00,20.46904304043295
2024-12-23 10:00:00,23.93034943614125
2024-12-23 11:00:00,23.424605820759734
2024-12-23 12:00:00,24.650696656915457
2024-12-23 13:00:00,22.18198312348806
2024-12-23 14:00:00,23.540019616703933
2024-12-23 15:00:00,21.818575262368167
2024-12-23 16:00:00,23.641323876932443
2024-12-23 17:00:00,21.413568248071776
2024-12-23 18:00:00,24.300974292068034
2024-12-23 19:00:00,20.48958483834661
2024-12-23 20:00:00,24.618056321922143
2024-12-23 21:00:00,21.961444187486553
2024-12-23 22:00:00,23.073388332972808
2024-12-23 23:00:00,23.21745819239817
2024-12-24 00:00:00,22.57433695283207
2024-12-24 01:00:00,23.19945457249789
2024-12-24 02:00:00,20.694293422056944
2024-12-24 03:00:00,22.349478656201782
2024-12-24 04:00:00,22.285020395287937
2024-12-24 05:00:00,20.28677203985191
2024-12-24 06:00:00,22.312877900680707
2024-12-24 07:00:00,21.70573086837045
2024-12-24 08:00:00,24.53376229911212
2024-12-24 09:00:00,23.190370940716576
2024-12-24 10:00:00,20.593987425890315
2024-12-24 11:00:00,24.649175551961534
2024-12-24 12:00:00,22.32634848527421
2024-12-24 13:00:00,24.641998011014188
2024-12-24 14:00:00,20.316981614151793
2024-12-24 15:00:00,23.62047691017898
2024-12-24 16:00:00,23.76069862642393
2024-12-24 17:00:00,22.472469197561196
2024-12-24 18:00:00,24.378087673044853
2024-12-24 19:00:00,21.993967745445005
2024-12-24 20:00:00,24.93532762375365
2024-12-24 21:00:00,21.360263196597874
2024-12-24 22:00:00,20.172900075964144
2024-12-24 23:00:00,24.33120769955724
2024-12-25 00:00:00,24.51409066218359
2024-12-25 01:00:00,20.71107284141168
2024-12-25 02:00:00,23.89144451297013
2024-12-25 03:00:00,20.429425598920467
2024-12-25 04:00:00,23.89704486776533
2024-12-25 05:00:00,22.307152047627216
2024-12-25 06:00:00,24.87890929301397
2024-12-25 07:00:00,23.93144425766914
2024-12-25 08:00:00,22.63197206259261
2024-12-25 09:00:00,24.08030909173501
2024-12-25 10:00:00,22.507555950877876
2024-12-25 11:00:00,23.388645389293465
2024-12-25 12:00:00,20.942018420864343
2024-12-25 13:00:00,20.111456027421028
2024-12-25 14:00:00,20.179986841193248
2024-12-25 15:00:00,21.537830701330115
2024-12-25 16:00:00,22.477335453685633
2024-12-25 17:00:00,24.608113007698144
2024-12-25 18:00:00,24.212048163756467
2024-12-25 19:00:00,24.49761126719539
2024-12-25 20:00:00,20.312156274318845
2024-12-25 21:00:00,24.298436319568488
2024-12-25 22:00:00,23.08697984755312
2024-12-25 23:00:00,22.539919636367525
2024-12-26 00:00:00,20.182470704756298
2024-12-26 01:00:00,24.099168258454554
2024-12-26 02:00:00,22.563734820728406
2024-12-26 03:00:00,23.734261890126746
2024-12-26 04:00:00,21.987481395672923
2024-12-26 05:00:00,24.619584337368256
2024-12-26 06:00:00,22.32243175284341
2024-12-26 07:00:00,22.451793495945452
2024-12-26 08:00:00,20.932081754048117
2024-12-26 09:00:00,21.287407030519425
2024-12-26 10:00:00,22.530248502545348
2024-12-26 11:00:00,24.10653887217655
2024-12-26 12:00:00,20.347920822741873
2024-12-26 13:00:00,21.558747270920193
2024-12-26 14:00:00,23.28995706212671
2024-12-26 15:00:00,20.09065939870076
2024-12-26 16:00:00,22.766665764479256
2024-12-26 17:00:00,23.680692979971923
2024-12-26 18:00:00,20.819308556968036
2024-12-26 19:00:00,24.525299418248228
2024-12-26 20:00:00,23.997367881701273
2024-12-26 21:00:00,20.526392401092647
2024-12-26 22:00:00,23.79415056583523
2024-12-26 23:00:00,24.712535780278223
2024-12-27 00:00:00,23.53110842298985
2024-12-27 01:00:00,21.041615995146945
2024-12-27 02:00:00,23.321710413047143
2024-12-27 03:00:00,21.509872275190904
2024-12-27 04:00:00,24.50057356017016
2024-12-27 05:00:00,20.083044621398095
2024-12-27 06:00:00,24.72448917322307
2024-12-27 07:00:00,23.188186084372475
2024-12-27 08:00:00,23.079813072058936
2024-12-27 09:00:00,20.66491672847753
2024-12-27 10:00:00,21.814116035792672
2024-12-27 11:00:00,23.722759933251144
2024-12-27 12:00:00,23.318555922051758
2024-12-27 13:00:00,21.558447312939972
2024-12-27 14:00:00,24.59195519575709
2024-12-27 15:00:00,22.860576581182688
2024-12-27 16:00:00,23.71052013828143
2024-12-27 17:00:00,20.16335842200494
2024-12-27 18:00:00,21.219516722274278
2024-12-27 19:00:00,22.72453252818583
2024-12-27 20:00:00,20.90825808902043
2024-12-27 21:00:00,22.62804283850029
2024-12-27 22:00:00,24.409538920444852
2024-12-27 23:00:00,22.847222913911477
2024-12-28 00:00:00,23.246482671312744
2024-12-28 01:00:00,22.97806053565971
2024-12-28 02:00:00,21.15495657946587
2024-12-28 03:00:00,21.325820120060502
2024-12-28 04:00:00,23.466069056026992
2024-12-28 05:00:00,21.48152886176851
2024-12-28 06:00:00,23.197130143262562
2024-12-28 07:00:00,24.065157321862962
2024-12-28 08:00:00,23.091811289690227
2024-12-28 09:00:00,20.737822886614303
2024-12-28 10:00:00,21.301168525066654
2024-12-28 11:00:00,24.945385996364845
2024-12-28 12:00:00,20.994288194570938
2024-12-28 13:00:00,22.67845378226411
2024-12-28 14:00:00,23.20511238827253
2024-12-28 15:00:00,24.139921357579574
2024-12-28 16:00:00,22.654664078303345
2024-12-28 17:00:00,24.58573803612159
2024-12-28 18:00:00,22.581239873610848
2024-12-28 19:00:00,20.233545564080355
2024-12-28 20:00:00,22.74034148678633
2024-12-28 21:00:00,21.491104030623493
2024-12-28 22:00:00,21.369457794199448
2024-12-28 23:00:00,24.407107485686794
2024-12-29 00:00:00,23.07601124873849
2024-12-29 01:00:00,22.289113635017284
2024-12-29 02:00:00,22.716259580942552
2024-12-29 03:00:00,24.110756599906836
2024-12-29 04:00:00,20.73381925143182
2024-12-29 05:00:00,20.302955391166204
2024-12-29 06:00:00,22.947636343823962
2024-12-29 07:00:00,21.894761022120377
2024-12-29 08:00:00,23.701829003492698
2024-12-29 09:00:00,24.705253093522177
2024-12-29 10:00:00,20.513531076192958
2024-12-29 11:00:00,24.54519810696295
2024-12-29 12:00:00,23.063533219524846
2024-12-29 13:00:00,22.036762866816684
2024-12-29 14:00:00,20.189575354489413
2024-12-29 15:00:00,21.157474190315593
2024-12-29 16:00:00,24.179525635385883
2024-12-29 17:00:00,23.569659019333947
2024-12-29 18:00:00,23.019068507040952
2024-12-29 19:00:00,22.99310625850324
2024-12-29 20:00:00,21.84630979828444
2024-12-29 21:00:00,24.7551142162096
2024-12-29 22:00:00,23.37406544086358
2024-12-29 23:00:00,24.623767499049407
2024-12-30 00:00:00,24.63791292466147
2024-12-30 01:00:00,23.976056850298306
2024-12-30 02:00:00,21.680928292326755
2024-12-30 03:00:00,22.491178980774315
2024-12-30 04:00:00,21.889280197453495
2024-12-30 05:00:00,24.086038004322674
2024-12-30 06:00:00,21.368298373782437
2024-12-30 07:00:00,24.27053106364032
2024-12-30 08:00:00,24.286179284488615
2024-12-30 09:00:00,21.863866391729257
2024-12-30 10:00:00,20.89139151045894
2024-12-30 11:00:00,22.721155152910093
2024-12-30 12:00:00,23.05014808992422
2024-12-30 13:00:00,21.054704604585282
2024-12-30 14:00:00,24.911904237966475
2024-12-30 15:00:00,21.797381459873428
2024-12-30 16:00:00,23.2461135410774
2024-12-30 17:00:00,24.279703618541536
2024-12-30 18:00:00,22.68869768437791
2024-12-30 19:00:00,23.642916861229732
2024-12-30 20:00:00,23.419538612611795
2024-12-30 21:00:00,20.488774190573608
2024-12-30 22:00:00,23.72633434237064
2024-12-30 23:00:00,20.93078892479746
2024-12-31 00:00:00,23.079664953516804
2024-12-31 01:00:00,20.41287892259924
2024-12-31 02:00:00,23.42184680627219
2024-12-31 03:00:00,23.47385826513628
2024-12-31 04:00:00,24.329967412187504
2024-12-31 05:00:00,21.23781144489864
2024-12-31 06:00:00,23.480486748034878
2024-12-31 07:00:00,20.593190508798816
2024-12-31 08:00:00,24.540810736512313
2024-12-31 09:00:00,21.120107323784314
2024-12-31 10:00:00,22.821484399732682
2024-12-31 11:00:00,21.8743980843421
2024-12-31 12:00:00,23.754666514597403
2024-12-31 13:00:00,24.31323855422315
2024-12-31 14:00:00,20.8879847987537
2024-12-31 15:00:00,23.691023347895342
2024-12-31 16:00:00,23.972373090678722
2024-12-31 17:00:00,24.70374553421886
2024-12-31 18:00:00,21.24956751921363
2024-12-31 19:00:00,20.65352280398706
2024-12-31 20:00:00,22.294187962159917
2024-12-31 21:00:00,20.204724703674028
2024-12-31 22:00:00,21.752330355840044
2024-12-31 23:00:00,20.704979403696907
