timestamp,power_kw
2024-01-01 00:00:00,45.1878087229552
2024-01-01 01:00:00,33.73846053158077
2024-01-01 02:00:00,43.85837503015959
2024-01-01 03:00:00,37.76496285365015
2024-01-01 04:00:00,33.898475872571524
2024-01-01 05:00:00,30.107522482769195
2024-01-01 06:00:00,30.252570786419724
2024-01-01 07:00:00,37.94730969712588
2024-01-01 08:00:00,33.25159426872819
2024-01-01 09:00:00,43.09021952484349
2024-01-01 10:00:00,41.08916375930043
2024-01-01 11:00:00,46.654874046252885
2024-01-01 12:00:00,43.398112114578595
2024-01-01 13:00:00,43.40537705182928
2024-01-01 14:00:00,48.339018436384265
2024-01-01 15:00:00,46.35823669316054
2024-01-01 16:00:00,36.17168580043335
2024-01-01 17:00:00,42.50670468789053
2024-01-01 18:00:00,34.503175647907554
2024-01-01 19:00:00,30.933121655814038
2024-01-01 20:00:00,44.91397744684207
2024-01-01 21:00:00,38.7538062276263
2024-01-01 22:00:00,49.659555098256384
2024-01-01 23:00:00,40.642308849706595
2024-01-02 00:00:00,36.9252450494612
2024-01-02 01:00:00,33.217367992801655
2024-01-02 02:00:00,31.913709739719387
2024-01-02 03:00:00,37.648513537301746
2024-01-02 04:00:00,45.96980927268363
2024-01-02 05:00:00,48.44112087443046
2024-01-02 06:00:00,49.911500039788976
2024-01-02 07:00:00,43.28998297441498
2024-01-02 08:00:00,46.13790334172802
2024-01-02 09:00:00,49.34961001793883
2024-01-02 10:00:00,49.604545414405436
2024-01-02 11:00:00,33.792968980288094
2024-01-02 12:00:00,35.65764702032553
2024-01-02 13:00:00,31.352744788768014
2024-01-02 14:00:00,32.16032403427481
2024-01-02 15:00:00,45.78585663281126
2024-01-02 16:00:00,38.25637392042928
2024-01-02 17:00:00,44.206204905256406
2024-01-02 18:00:00,45.18526300058038
2024-01-02 19:00:00,34.1620057003448
2024-01-02 20:00:00,40.73877168372176
2024-01-02 21:00:00,38.099582740645744
2024-01-02 22:00:00,45.43283671780385
2024-01-02 23:00:00,43.52579457216871
2024-01-03 00:00:00,48.08455678119701
2024-01-03 01:00:00,48.01400807156356
2024-01-03 02:00:00,43.99631979170468
2024-01-03 03:00:00,48.00509088164255
2024-01-03 04:00:00,47.856886545342014
2024-01-03 05:00:00,41.50423774177396
2024-01-03 06:00:00,34.46249137021056
2024-01-03 07:00:00,33.037090598212856
2024-01-03 08:00:00,39.06857988713382
2024-01-03 09:00:00,39.27060228819745
2024-01-03 10:00:00,45.971511516225824
2024-01-03 11:00:00,49.476757249194904
2024-01-03 12:00:00,33.66514449047605
2024-01-03 13:00:00,40.49674025223901
2024-01-03 14:00:00,32.840654064559054
2024-01-03 15:00:00,38.85825670591569
2024-01-03 16:00:00,30.038780420340665
2024-01-03 17:00:00,49.83463186168731
2024-01-03 18:00:00,35.8685143130231
2024-01-03 19:00:00,43.74105382111098
2024-01-03 20:00:00,38.79464607739162
2024-01-03 21:00:00,37.014974698318746
2024-01-03 22:00:00,35.61926956497853
2024-01-03 23:00:00,49.92496837022614
2024-01-04 00:00:00,32.1925617559377
2024-01-04 01:00:00,44.27336564665991
2024-01-04 02:00:00,41.91903431609899
2024-01-04 03:00:00,31.266281317100262
2024-01-04 04:00:00,43.84258254272371
2024-01-04 05:00:00,37.94378076225256
2024-01-04 06:00:00,32.804793582225045
2024-01-04 07:00:00,44.643035940717304
2024-01-04 08:00:00,47.64219555263182
2024-01-04 09:00:00,48.56914405631181
2024-01-04 10:00:00,36.213440952570494
2024-01-04 11:00:00,38.55554471233235
2024-01-04 12:00:00,31.842804668280067
2024-01-04 13:00:00,46.45305153698614
2024-01-04 14:00:00,30.548390741946225
2024-01-04 15:00:00,38.81699788741547
2024-01-04 16:00:00,41.47752558440918
2024-01-04 17:00:00,31.949185420176786
2024-01-04 18:00:00,36.8932062866924
2024-01-04 19:00:00,33.76459912943098
2024-01-04 20:00:00,49.09656820603873
2024-01-04 21:00:00,35.78314036192269
2024-01-04 22:00:00,30.08448331827229
2024-01-04 23:00:00,36.50192036662988
2024-01-05 00:00:00,37.59671288684749
2024-01-05 01:00:00,49.79296312624864
2024-01-05 02:00:00,44.92810911926796
2024-01-05 03:00:00,46.24901430597491
2024-01-05 04:00:00,42.481156509878986
2024-01-05 05:00:00,35.656121070925124
2024-01-05 06:00:00,32.36120522863626
2024-01-05 07:00:00,46.78168568716825
2024-01-05 08:00:00,37.6330850455788
2024-01-05 09:00:00,36.84660605023852
2024-01-05 10:00:00,34.44529441465035
2024-01-05 11:00:00,47.088603720612
2024-01-05 12:00:00,31.754947330446726
2024-01-05 13:00:00,34.55923270139151
2024-01-05 14:00:00,33.02797890148953
2024-01-05 15:00:00,44.4029776426658
2024-01-05 16:00:00,48.011788374301055
2024-01-05 17:00:00,33.38568673490233
2024-01-05 18:00:00,47.799949604063166
2024-01-05 19:00:00,35.32270532829516
2024-01-05 20:00:00,33.97319711292694
2024-01-05 21:00:00,39.23800130614106
2024-01-05 22:00:00,46.84151267264634
2024-01-05 23:00:00,46.09718458397448
2024-01-06 00:00:00,35.980988719799335
2024-01-06 01:00:00,43.92273990121588
2024-01-06 02:00:00,36.17058411682132
2024-01-06 03:00:00,37.011779394525504
2024-01-06 04:00:00,41.71731513540142
2024-01-06 05:00:00,46.26560927987204
2024-01-06 06:00:00,42.476120209524524
2024-01-06 07:00:00,34.01839701518347
2024-01-06 08:00:00,45.131695208452754
2024-01-06 09:00:00,47.759786024454385
2024-01-06 10:00:00,35.56247881425945
2024-01-06 11:00:00,42.43103393118179
2024-01-06 12:00:00,44.94080905626786
2024-01-06 13:00:00,38.375107875773864
2024-01-06 14:00:00,49.883587944293936
2024-01-06 15:00:00,37.00799879265939
2024-01-06 16:00:00,38.50764324799659
2024-01-06 17:00:00,38.7985576540362
2024-01-06 18:00:00,48.32426134059053
2024-01-06 19:00:00,47.72057481684844
2024-01-06 20:00:00,46.000738708688516
2024-01-06 21:00:00,46.628416211912125
2024-01-06 22:00:00,46.017841781897445
2024-01-06 23:00:00,45.07561515450475
2024-01-07 00:00:00,38.25896102395837
2024-01-07 01:00:00,36.25474804660592
2024-01-07 02:00:00,42.51812440004845
2024-01-07 03:00:00,45.81579182539164
2024-01-07 04:00:00,36.95853755282388
2024-01-07 05:00:00,43.10445271216406
2024-01-07 06:00:00,44.414764219985656
2024-01-07 07:00:00,46.50338896825892
2024-01-07 08:00:00,40.996905057121964
2024-01-07 09:00:00,46.93997491794954
2024-01-07 10:00:00,32.43688938955011
2024-01-07 11:00:00,30.975202985837306
2024-01-07 12:00:00,40.677537357483175
2024-01-07 13:00:00,48.706326538662395
2024-01-07 14:00:00,39.47885251352122
2024-01-07 15:00:00,42.94506708659643
2024-01-07 16:00:00,39.881404149462895
2024-01-07 17:00:00,42.68904925731668
2024-01-07 18:00:00,46.08488549295639
2024-01-07 19:00:00,48.532530180586775
2024-01-07 20:00:00,48.669244850618384
2024-01-07 21:00:00,32.94514056797446
2024-01-07 22:00:00,40.17227436230472
2024-01-07 23:00:00,31.673387238885432
2024-01-08 00:00:00,44.57827622184968
2024-01-08 01:00:00,46.01244311103927
2024-01-08 02:00:00,39.70224418663983
2024-01-08 03:00:00,37.08768826848774
2024-01-08 04:00:00,44.8137206059738
2024-01-08 05:00:00,45.38961241463034
2024-01-08 06:00:00,45.48572560630461
2024-01-08 07:00:00,45.531087143550025
2024-01-08 08:00:00,34.63871842953171
2024-01-08 09:00:00,33.249618368864425
2024-01-08 10:00:00,43.40310155487634
2024-01-08 11:00:00,48.99088187609948
2024-01-08 12:00:00,48.26771176463781
2024-01-08 13:00:00,37.41887282250309
2024-01-08 14:00:00,46.58849749967794
2024-01-08 15:00:00,37.919552505973826
2024-01-08 16:00:00,41.75407433552893
2024-01-08 17:00:00,33.89874352525581
2024-01-08 18:00:00,33.01579084480245
2024-01-08 19:00:00,36.751703473093315
2024-01-08 20:00:00,34.018058846708854
2024-01-08 21:00:00,32.26424106602566
2024-01-08 22:00:00,46.0916938439088
2024-01-08 23:00:00,45.52748260889795
2024-01-09 00:00:00,33.27708684239764
2024-01-09 01:00:00,47.05543404844565
2024-01-09 02:00:00,48.35666045427608
2024-01-09 03:00:00,49.42258101183708
2024-01-09 04:00:00,33.6866619181629
2024-01-09 05:00:00,34.31028478366669
2024-01-09 06:00:00,32.008691950536544
2024-01-09 07:00:00,32.74784512251014
2024-01-09 08:00:00,34.80697143112863
2024-01-09 09:00:00,44.21513785894966
2024-01-09 10:00:00,36.37226988967464
2024-01-09 11:00:00,34.62331207691212
2024-01-09 12:00:00,41.49173571368666
2024-01-09 13:00:00,42.13530501647794
2024-01-09 14:00:00,30.01987743816048
2024-01-09 15:00:00,38.50544997542261
2024-01-09 16:00:00,39.03343184306532
2024-01-09 17:00:00,40.421327460219686
2024-01-09 18:00:00,30.548825021370725
2024-01-09 19:00:00,37.0692980978782
2024-01-09 20:00:00,48.3980821138001
2024-01-09 21:00:00,35.685022083222435
2024-01-09 22:00:00,38.53273858660876
2024-01-09 23:00:00,39.56887622093603
2024-01-10 00:00:00,40.18374206626733
2024-01-10 01:00:00,45.06758223411918
2024-01-10 02:00:00,45.6186454852803
2024-01-10 03:00:00,41.216218702173606
2024-01-10 04:00:00,38.67333672272597
2024-01-10 05:00:00,43.20652360500706
2024-01-10 06:00:00,43.11548264532117
2024-01-10 07:00:00,41.38544942086426
2024-01-10 08:00:00,47.568285626239216
2024-01-10 09:00:00,35.227669198729565
2024-01-10 10:00:00,32.35650755040591
2024-01-10 11:00:00,37.8893313959891
2024-01-10 12:00:00,36.775817200895
2024-01-10 13:00:00,47.44932240192563
2024-01-10 14:00:00,40.286699495319
2024-01-10 15:00:00,33.43557355488628
2024-01-10 16:00:00,43.26511636175357
2024-01-10 17:00:00,37.193296486562105
2024-01-10 18:00:00,44.25255814487872
2024-01-10 19:00:00,46.51999970712188
2024-01-10 20:00:00,34.33123700454841
2024-01-10 21:00:00,31.178351375251843
2024-01-10 22:00:00,33.630589205707366
2024-01-10 23:00:00,38.27951237192307
2024-01-11 00:00:00,191.24606411039758
2024-01-11 01:00:00,190.11479665940954
2024-01-11 02:00:00,162.51806435344275
2024-01-11 03:00:00,161.36036024626353
2024-01-11 04:00:00,169.37858492937673
2024-01-11 05:00:00,208.99827174121623
2024-01-11 06:00:00,204.56037720322564
2024-01-11 07:00:00,190.99449895228233
2024-01-11 08:00:00,74.06734729145009
2024-01-11 09:00:00,58.657352238104835
2024-01-11 10:00:00,63.86868957390835
2024-01-11 11:00:00,57.83826588327936
2024-01-11 12:00:00,59.41256631645616
2024-01-11 13:00:00,87.34656058272682
2024-01-11 14:00:00,78.03265127355819
2024-01-11 15:00:00,69.41992072265029
2024-01-11 16:00:00,86.77869432214973
2024-01-11 17:00:00,60.75816267607358
2024-01-11 18:00:00,71.74654172174658
2024-01-11 19:00:00,174.99285844040293
2024-01-11 20:00:00,156.65834816838668
2024-01-11 21:00:00,169.31311838901334
2024-01-11 22:00:00,165.04090567612445
2024-01-11 23:00:00,181.91873058706398
2024-01-12 00:00:00,203.91892180080794
2024-01-12 01:00:00,213.15285202278707
2024-01-12 02:00:00,178.11770209305948
2024-01-12 03:00:00,182.68056621325556
2024-01-12 04:00:00,166.22191428810987
2024-01-12 05:00:00,172.5089548470365
2024-01-12 06:00:00,179.14319315620463
2024-01-12 07:00:00,187.51836491302583
2024-01-12 08:00:00,77.84195637214525
2024-01-12 09:00:00,78.20424558646683
2024-01-12 10:00:00,54.19182496080276
2024-01-12 11:00:00,76.34585302494746
2024-01-12 12:00:00,74.15023411504299
2024-01-12 13:00:00,82.0254707517551
2024-01-12 14:00:00,64.1693190211974
2024-01-12 15:00:00,58.9482407491689
2024-01-12 16:00:00,75.85640704207162
2024-01-12 17:00:00,70.02104564372932
2024-01-12 18:00:00,79.51860801647244
2024-01-12 19:00:00,196.6828042809076
2024-01-12 20:00:00,208.64201426202314
2024-01-12 21:00:00,183.029486972033
2024-01-12 22:00:00,205.96775738126243
2024-01-12 23:00:00,154.87649405721385
2024-01-13 00:00:00,203.9633234660298
2024-01-13 01:00:00,212.76240917513812
2024-01-13 02:00:00,178.75016360394505
2024-01-13 03:00:00,170.4568033884795
2024-01-13 04:00:00,205.09202500093465
2024-01-13 05:00:00,171.34209704410875
2024-01-13 06:00:00,188.45846000092496
2024-01-13 07:00:00,195.5275895060685
2024-01-13 08:00:00,70.46898363464192
2024-01-13 09:00:00,53.600837108341565
2024-01-13 10:00:00,71.39881335689978
2024-01-13 11:00:00,88.36263285100355
2024-01-13 12:00:00,64.87077004115208
2024-01-13 13:00:00,74.11074188580747
2024-01-13 14:00:00,86.60370553763178
2024-01-13 15:00:00,63.00750476408338
2024-01-13 16:00:00,67.28261931291614
2024-01-13 17:00:00,61.995330271960036
2024-01-13 18:00:00,61.75349028629196
2024-01-13 19:00:00,157.0031986647578
2024-01-13 20:00:00,172.8061684045337
2024-01-13 21:00:00,165.51841804432826
2024-01-13 22:00:00,164.56404297509613
2024-01-13 23:00:00,150.21003507687925
2024-01-14 00:00:00,187.9083444791301
2024-01-14 01:00:00,188.75118169459745
2024-01-14 02:00:00,170.80037948202448
2024-01-14 03:00:00,185.0461249951541
2024-01-14 04:00:00,188.11666987339964
2024-01-14 05:00:00,162.0106708876517
2024-01-14 06:00:00,184.83382997277863
2024-01-14 07:00:00,189.85042623253736
2024-01-14 08:00:00,67.61134187381182
2024-01-14 09:00:00,62.93502168319181
2024-01-14 10:00:00,62.67269830221457
2024-01-14 11:00:00,64.28328115947869
2024-01-14 12:00:00,67.16967983814044
2024-01-14 13:00:00,71.47186634099549
2024-01-14 14:00:00,67.2127834081462
2024-01-14 15:00:00,59.0205103649656
2024-01-14 16:00:00,52.554473093719764
2024-01-14 17:00:00,70.15750643534666
2024-01-14 18:00:00,63.166657344343285
2024-01-14 19:00:00,149.37744534957505
2024-01-14 20:00:00,201.28508689408807
2024-01-14 21:00:00,176.93658476509387
2024-01-14 22:00:00,183.1652564481082
2024-01-14 23:00:00,180.10990032231098
2024-01-15 00:00:00,174.2732922831314
2024-01-15 01:00:00,208.69649136965057
2024-01-15 02:00:00,188.4538201272946
2024-01-15 03:00:00,176.8975111504078
2024-01-15 04:00:00,188.04091434563833
2024-01-15 05:00:00,171.66661557351765
2024-01-15 06:00:00,166.4626469502606
2024-01-15 07:00:00,182.2798719521678
2024-01-15 08:00:00,56.763107738898064
2024-01-15 09:00:00,70.10999378270006
2024-01-15 10:00:00,68.41327976731418
2024-01-15 11:00:00,57.42918037013884
2024-01-15 12:00:00,69.57941611823628
2024-01-15 13:00:00,78.23001525060384
2024-01-15 14:00:00,56.56972488285086
2024-01-15 15:00:00,51.31859809226188
2024-01-15 16:00:00,61.25158327706947
2024-01-15 17:00:00,73.25721847217825
2024-01-15 18:00:00,67.55270840668591
2024-01-15 19:00:00,160.8188947427914
2024-01-15 20:00:00,201.54659170234035
2024-01-15 21:00:00,171.64077648125635
2024-01-15 22:00:00,177.30819583421376
2024-01-15 23:00:00,200.94750410779983
2024-01-16 00:00:00,160.83096257718606
2024-01-16 01:00:00,194.8836800673538
2024-01-16 02:00:00,155.09623659830743
2024-01-16 03:00:00,175.18700457673538
2024-01-16 04:00:00,165.34831074071275
2024-01-16 05:00:00,184.3237372913407
2024-01-16 06:00:00,159.44129385569224
2024-01-16 07:00:00,185.63019484915495
2024-01-16 08:00:00,52.46416739337923
2024-01-16 09:00:00,77.04668551966827
2024-01-16 10:00:00,65.31893301708558
2024-01-16 11:00:00,69.41071796446339
2024-01-16 12:00:00,75.85062564928305
2024-01-16 13:00:00,86.49915815368692
2024-01-16 14:00:00,65.50496407618995
2024-01-16 15:00:00,56.48775137413454
2024-01-16 16:00:00,70.90193954911152
2024-01-16 17:00:00,59.673863399678325
2024-01-16 18:00:00,78.53401627873055
2024-01-16 19:00:00,177.13426067643266
2024-01-16 20:00:00,199.62830859543814
2024-01-16 21:00:00,166.81291205609764
2024-01-16 22:00:00,167.33905835169764
2024-01-16 23:00:00,199.17569565873887
2024-01-17 00:00:00,189.32893616703507
2024-01-17 01:00:00,192.71314395207554
2024-01-17 02:00:00,174.59406793011473
2024-01-17 03:00:00,202.47983889818255
2024-01-17 04:00:00,162.96400880379167
2024-01-17 05:00:00,199.39496607195395
2024-01-17 06:00:00,180.40111571197883
2024-01-17 07:00:00,146.9947162651452
2024-01-17 08:00:00,60.26760887685216
2024-01-17 09:00:00,67.12789240018708
2024-01-17 10:00:00,78.57972063680648
2024-01-17 11:00:00,85.90118267211581
2024-01-17 12:00:00,63.01151892220975
2024-01-17 13:00:00,67.71834806181326
2024-01-17 14:00:00,61.53998519180222
2024-01-17 15:00:00,74.86323884836334
2024-01-17 16:00:00,78.46140886233844
2024-01-17 17:00:00,72.6715491084864
2024-01-17 18:00:00,71.3736913747957
2024-01-17 19:00:00,203.10280946985063
2024-01-17 20:00:00,173.377297335741
2024-01-17 21:00:00,200.18880966320796
2024-01-17 22:00:00,179.31497942586313
2024-01-17 23:00:00,206.19370607961235
2024-01-18 00:00:00,185.25923076977108
2024-01-18 01:00:00,172.96000300332827
2024-01-18 02:00:00,194.22838356217372
2024-01-18 03:00:00,198.4030176413823
2024-01-18 04:00:00,174.48112181136338
2024-01-18 05:00:00,183.87098399010637
2024-01-18 06:00:00,175.34450583071703
2024-01-18 07:00:00,190.52804483377383
2024-01-18 08:00:00,75.52557212488675
2024-01-18 09:00:00,81.95026931724465
2024-01-18 10:00:00,57.28046878759285
2024-01-18 11:00:00,65.91831685904404
2024-01-18 12:00:00,67.50471178466373
2024-01-18 13:00:00,57.6242629615726
2024-01-18 14:00:00,70.84214197950283
2024-01-18 15:00:00,70.03934927453463
2024-01-18 16:00:00,60.31037031784779
2024-01-18 17:00:00,75.35396060738358
2024-01-18 18:00:00,73.90532646828066
2024-01-18 19:00:00,163.2075482148593
2024-01-18 20:00:00,185.27445534959548
2024-01-18 21:00:00,199.3348088988205
2024-01-18 22:00:00,188.2111897189404
2024-01-18 23:00:00,182.43056665477826
2024-01-19 00:00:00,196.9518701152468
2024-01-19 01:00:00,152.28889366018777
2024-01-19 02:00:00,152.67277365837057
2024-01-19 03:00:00,170.64382683401075
2024-01-19 04:00:00,204.41011909610276
2024-01-19 05:00:00,166.269097662371
2024-01-19 06:00:00,152.1675277457968
2024-01-19 07:00:00,191.9197804102758
2024-01-19 08:00:00,70.71161170289103
2024-01-19 09:00:00,53.7505330193227
2024-01-19 10:00:00,59.200565220491946
2024-01-19 11:00:00,71.45162925034299
2024-01-19 12:00:00,75.129521938402
2024-01-19 13:00:00,49.70497745783823
2024-01-19 14:00:00,63.471931926012715
2024-01-19 15:00:00,76.62509216681579
2024-01-19 16:00:00,56.95970599930403
2024-01-19 17:00:00,58.85832170514837
2024-01-19 18:00:00,69.04699502414988
2024-01-19 19:00:00,211.86618713331447
2024-01-19 20:00:00,179.89947728555012
2024-01-19 21:00:00,188.08116203932587
2024-01-19 22:00:00,200.00758100626592
2024-01-19 23:00:00,186.32797277365532
2024-01-20 00:00:00,169.9257410961718
2024-01-20 01:00:00,193.56154136140103
2024-01-20 02:00:00,204.01821718952323
2024-01-20 03:00:00,171.44952137319976
2024-01-20 04:00:00,180.93737991282478
2024-01-20 05:00:00,182.1158789957583
2024-01-20 06:00:00,195.06772781065084
2024-01-20 07:00:00,195.1760227175389
2024-01-20 08:00:00,75.55854879714333
2024-01-20 09:00:00,67.81977563724735
2024-01-20 10:00:00,57.01488469130439
2024-01-20 11:00:00,83.71282432527626
2024-01-20 12:00:00,64.46897442317996
2024-01-20 13:00:00,73.11469418386233
2024-01-20 14:00:00,66.46608958826596
2024-01-20 15:00:00,58.58747180398019
2024-01-20 16:00:00,68.31132489552012
2024-01-20 17:00:00,57.38422593574785
2024-01-20 18:00:00,73.60999669063727
2024-01-20 19:00:00,166.4283536218837
2024-01-20 20:00:00,180.52168193025966
2024-01-20 21:00:00,181.3492688134265
2024-01-20 22:00:00,178.0240919250864
2024-01-20 23:00:00,187.4728232380476
2024-01-21 00:00:00,180.89168087784765
2024-01-21 01:00:00,196.62996640901744
2024-01-21 02:00:00,199.3300813903876
2024-01-21 03:00:00,179.14740633780184
2024-01-21 04:00:00,163.06665913179197
2024-01-21 05:00:00,194.1386451852644
2024-01-21 06:00:00,192.399812276879
2024-01-21 07:00:00,183.44503636662822
2024-01-21 08:00:00,69.96396390969022
2024-01-21 09:00:00,69.64975579443086
2024-01-21 10:00:00,73.34280440114492
2024-01-21 11:00:00,50.407770972870075
2024-01-21 12:00:00,50.08676759416528
2024-01-21 13:00:00,73.28407447451175
2024-01-21 14:00:00,48.61786682619994
2024-01-21 15:00:00,76.91307762387567
2024-01-21 16:00:00,63.933468581207705
2024-01-21 17:00:00,86.28673881523116
2024-01-21 18:00:00,70.22430540598634
2024-01-21 19:00:00,167.6041719573757
2024-01-21 20:00:00,177.1514843436195
2024-01-21 21:00:00,179.02918616661992
2024-01-21 22:00:00,158.7902747713286
2024-01-21 23:00:00,176.70702404974529
2024-01-22 00:00:00,180.60578722626417
2024-01-22 01:00:00,194.12612908728798
2024-01-22 02:00:00,167.83087318617066
2024-01-22 03:00:00,168.13032527946285
2024-01-22 04:00:00,173.1681596151925
2024-01-22 05:00:00,189.6158651802649
2024-01-22 06:00:00,192.64273985453616
2024-01-22 07:00:00,154.86722808131293
2024-01-22 08:00:00,70.90990097121541
2024-01-22 09:00:00,81.22977061025792
2024-01-22 10:00:00,86.30459626367934
2024-01-22 11:00:00,60.864067791986685
2024-01-22 12:00:00,72.95984710842086
2024-01-22 13:00:00,64.6227950416794
2024-01-22 14:00:00,67.54320452667386
2024-01-22 15:00:00,65.17976109902756
2024-01-22 16:00:00,68.84911561988254
2024-01-22 17:00:00,70.06098896405658
2024-01-22 18:00:00,63.183480648917424
2024-01-22 19:00:00,206.49247895721703
2024-01-22 20:00:00,218.12194606374007
2024-01-22 21:00:00,211.73396499663056
2024-01-22 22:00:00,185.92059246440948
2024-01-22 23:00:00,206.75975983035715
2024-01-23 00:00:00,150.57002897512717
2024-01-23 01:00:00,197.67321892638887
2024-01-23 02:00:00,195.72724275870465
2024-01-23 03:00:00,191.13677780923024
2024-01-23 04:00:00,175.15185800714477
2024-01-23 05:00:00,183.82975625380152
2024-01-23 06:00:00,159.5319565318079
2024-01-23 07:00:00,211.2269801841792
2024-01-23 08:00:00,63.53303911119386
2024-01-23 09:00:00,78.42383307340313
2024-01-23 10:00:00,64.98046051357241
2024-01-23 11:00:00,65.40078515672379
2024-01-23 12:00:00,52.66844227701283
2024-01-23 13:00:00,76.35639046374294
2024-01-23 14:00:00,60.34276732267099
2024-01-23 15:00:00,80.0773796087387
2024-01-23 16:00:00,63.69362058315928
2024-01-23 17:00:00,64.72084695712037
2024-01-23 18:00:00,84.44587564037869
2024-01-23 19:00:00,156.47236723147552
2024-01-23 20:00:00,153.90892297525633
2024-01-23 21:00:00,173.5723914819514
2024-01-23 22:00:00,180.86628119873654
2024-01-23 23:00:00,197.90129884245854
2024-01-24 00:00:00,199.91544089137795
2024-01-24 01:00:00,183.81990517481358
2024-01-24 02:00:00,153.62151836628996
2024-01-24 03:00:00,199.45954309012984
2024-01-24 04:00:00,191.01471218556236
2024-01-24 05:00:00,163.5204836448371
2024-01-24 06:00:00,186.65833309996685
2024-01-24 07:00:00,165.98039252386369
2024-01-24 08:00:00,70.46490995127866
2024-01-24 09:00:00,56.90987953007351
2024-01-24 10:00:00,52.13386989635973
2024-01-24 11:00:00,77.33860726412254
2024-01-24 12:00:00,65.4831610639942
2024-01-24 13:00:00,72.79599809238132
2024-01-24 14:00:00,60.67570487603412
2024-01-24 15:00:00,70.1088622679475
2024-01-24 16:00:00,59.10776331846573
2024-01-24 17:00:00,62.55284406957648
2024-01-24 18:00:00,71.09230572951321
2024-01-24 19:00:00,186.29114401744908
2024-01-24 20:00:00,150.3012467443295
2024-01-24 21:00:00,154.8524082670362
2024-01-24 22:00:00,214.12558638384812
2024-01-24 23:00:00,154.25995104748654
2024-01-25 00:00:00,197.80332336213263
2024-01-25 01:00:00,159.50819927963667
2024-01-25 02:00:00,207.6819081080872
2024-01-25 03:00:00,193.1195179145505
2024-01-25 04:00:00,158.17010369974116
2024-01-25 05:00:00,195.52561255120634
2024-01-25 06:00:00,180.22522001702868
2024-01-25 07:00:00,177.32140704452462
2024-01-25 08:00:00,67.79260769440577
2024-01-25 09:00:00,82.79090391880919
2024-01-25 10:00:00,72.40828605299461
2024-01-25 11:00:00,74.21108300297733
2024-01-25 12:00:00,70.30659162937415
2024-01-25 13:00:00,75.40950106331888
2024-01-25 14:00:00,48.79399254154434
2024-01-25 15:00:00,70.76967391593871
2024-01-25 16:00:00,76.72742179159576
2024-01-25 17:00:00,65.55685409523555
2024-01-25 18:00:00,63.62891692399521
2024-01-25 19:00:00,207.6612274355586
2024-01-25 20:00:00,177.79397549780077
2024-01-25 21:00:00,187.14035176334772
2024-01-25 22:00:00,203.4113669659468
2024-01-25 23:00:00,195.49248200186528
2024-01-26 00:00:00,169.73598942960243
2024-01-26 01:00:00,197.43610190565374
2024-01-26 02:00:00,210.79509584748982
2024-01-26 03:00:00,162.75957867153946
2024-01-26 04:00:00,153.86195396169853
2024-01-26 05:00:00,151.37187429453914
2024-01-26 06:00:00,210.88362990671286
2024-01-26 07:00:00,179.07321439093624
2024-01-26 08:00:00,81.63056065552851
2024-01-26 09:00:00,74.8666401077165
2024-01-26 10:00:00,85.29521321763146
2024-01-26 11:00:00,59.63152215028341
2024-01-26 12:00:00,63.614100932281005
2024-01-26 13:00:00,81.05798490346733
2024-01-26 14:00:00,80.18806742296279
2024-01-26 15:00:00,57.065689136869
2024-01-26 16:00:00,63.50026750151959
2024-01-26 17:00:00,84.31826358492265
2024-01-26 18:00:00,69.95458681613698
2024-01-26 19:00:00,162.05143272925685
2024-01-26 20:00:00,182.1341419708856
2024-01-26 21:00:00,173.09608890946868
2024-01-26 22:00:00,175.4629879108887
2024-01-26 23:00:00,188.78046011036122
2024-01-27 00:00:00,172.35645344263799
2024-01-27 01:00:00,165.0418725222243
2024-01-27 02:00:00,174.57264337223756
2024-01-27 03:00:00,175.11475112779308
2024-01-27 04:00:00,177.0048972699691
2024-01-27 05:00:00,204.18486747292133
2024-01-27 06:00:00,180.16728862182373
2024-01-27 07:00:00,202.49938428345783
2024-01-27 08:00:00,73.3523600475115
2024-01-27 09:00:00,67.50437156415528
2024-01-27 10:00:00,74.41228354215907
2024-01-27 11:00:00,69.39538146661991
2024-01-27 12:00:00,61.69334499588746
2024-01-27 13:00:00,76.5809879168782
2024-01-27 14:00:00,60.202195421240184
2024-01-27 15:00:00,61.47697745421022
2024-01-27 16:00:00,69.31490492667615
2024-01-27 17:00:00,82.2169474347317
2024-01-27 18:00:00,67.43851427318857
2024-01-27 19:00:00,197.21147224027308
2024-01-27 20:00:00,165.68157632736006
2024-01-27 21:00:00,176.7484685755243
2024-01-27 22:00:00,183.4997476536658
2024-01-27 23:00:00,154.47370676012287
2024-01-28 00:00:00,147.70956331550522
2024-01-28 01:00:00,190.38585898751575
2024-01-28 02:00:00,178.34831440241032
2024-01-28 03:00:00,182.822620328296
2024-01-28 04:00:00,174.03843985373155
2024-01-28 05:00:00,196.85607275715188
2024-01-28 06:00:00,186.9535155959824
2024-01-28 07:00:00,181.6442460534857
2024-01-28 08:00:00,69.29054150526464
2024-01-28 09:00:00,71.07885446894227
2024-01-28 10:00:00,75.91188317076359
2024-01-28 11:00:00,66.11206959037419
2024-01-28 12:00:00,70.80878566361065
2024-01-28 13:00:00,59.610582020937564
2024-01-28 14:00:00,57.393992483065624
2024-01-28 15:00:00,75.03025921349014
2024-01-28 16:00:00,76.71324249186058
2024-01-28 17:00:00,70.36865454490218
2024-01-28 18:00:00,75.43159254282315
2024-01-28 19:00:00,184.5456500373727
2024-01-28 20:00:00,180.95739078306616
2024-01-28 21:00:00,179.00791197735776
2024-01-28 22:00:00,188.23246974562795
2024-01-28 23:00:00,196.11143136660772
2024-01-29 00:00:00,166.50061575426304
2024-01-29 01:00:00,183.98452044476755
2024-01-29 02:00:00,179.8099980215913
2024-01-29 03:00:00,193.27658157453476
2024-01-29 04:00:00,202.1147619977723
2024-01-29 05:00:00,219.53405142101064
2024-01-29 06:00:00,184.91075184376587
2024-01-29 07:00:00,208.57895682094733
2024-01-29 08:00:00,72.52242800177831
2024-01-29 09:00:00,62.228017046464224
2024-01-29 10:00:00,69.69093434519453
2024-01-29 11:00:00,64.27917223822729
2024-01-29 12:00:00,61.37188289062891
2024-01-29 13:00:00,77.46060585924187
2024-01-29 14:00:00,74.06570935757352
2024-01-29 15:00:00,56.12164014748904
2024-01-29 16:00:00,68.08904383628294
2024-01-29 17:00:00,64.79344585135163
2024-01-29 18:00:00,63.999515283953784
2024-01-29 19:00:00,164.38844871359873
2024-01-29 20:00:00,155.47180054552993
2024-01-29 21:00:00,182.50665049911441
2024-01-29 22:00:00,188.8175307521605
2024-01-29 23:00:00,189.220723438714
2024-01-30 00:00:00,214.05907597627203
2024-01-30 01:00:00,169.14897404593802
2024-01-30 02:00:00,196.29799245897908
2024-01-30 03:00:00,152.95453602836125
2024-01-30 04:00:00,167.09751206892076
2024-01-30 05:00:00,153.59828435298044
2024-01-30 06:00:00,163.23553686110589
2024-01-30 07:00:00,191.05631115787494
2024-01-30 08:00:00,72.9327789495399
2024-01-30 09:00:00,79.76932335143104
2024-01-30 10:00:00,59.38927042646132
2024-01-30 11:00:00,66.31994111077242
2024-01-30 12:00:00,69.8008704848798
2024-01-30 13:00:00,66.99647294136975
2024-01-30 14:00:00,84.11830011402236
2024-01-30 15:00:00,79.51621996857388
2024-01-30 16:00:00,82.14574071730993
2024-01-30 17:00:00,77.50742503569427
2024-01-30 18:00:00,72.9674079307654
2024-01-30 19:00:00,168.72492748561314
2024-01-30 20:00:00,186.81933840617364
2024-01-30 21:00:00,161.3504236593173
2024-01-30 22:00:00,217.45079881445454
2024-01-30 23:00:00,166.70994023821234
2024-01-31 00:00:00,181.6739015181655
2024-01-31 01:00:00,150.05419480759068
2024-01-31 02:00:00,188.6860528243219
2024-01-31 03:00:00,184.28522343109978
2024-01-31 04:00:00,179.0934841457437
2024-01-31 05:00:00,178.8414631096814
2024-01-31 06:00:00,186.6593055655866
2024-01-31 07:00:00,171.88094695583666
2024-01-31 08:00:00,64.16572081838584
2024-01-31 09:00:00,71.79850012266179
2024-01-31 10:00:00,62.192401711546005
2024-01-31 11:00:00,55.7701662623715
2024-01-31 12:00:00,58.29945301712388
2024-01-31 13:00:00,80.82104651799133
2024-01-31 14:00:00,71.33649448272416
2024-01-31 15:00:00,58.36763158355756
2024-01-31 16:00:00,65.9504943164964
2024-01-31 17:00:00,59.89440849441854
2024-01-31 18:00:00,60.69159969191976
2024-01-31 19:00:00,180.32850882563724
2024-01-31 20:00:00,183.4085629001948
2024-01-31 21:00:00,194.31144165044668
2024-01-31 22:00:00,208.63241124094435
2024-01-31 23:00:00,163.0031447552238
2024-02-01 00:00:00,178.43730909951165
2024-02-01 01:00:00,186.68685648207162
2024-02-01 02:00:00,179.69800551504912
2024-02-01 03:00:00,188.73457506208138
2024-02-01 04:00:00,189.7000866943725
2024-02-01 05:00:00,166.404903657979
2024-02-01 06:00:00,188.52592857813778
2024-02-01 07:00:00,161.59046082331008
2024-02-01 08:00:00,75.19623495381956
2024-02-01 09:00:00,82.93414109713441
2024-02-01 10:00:00,57.67636533040648
2024-02-01 11:00:00,71.6276847139006
2024-02-01 12:00:00,58.6226614141917
2024-02-01 13:00:00,70.7419264204261
2024-02-01 14:00:00,62.010840203440516
2024-02-01 15:00:00,83.00424031993134
2024-02-01 16:00:00,67.19066212889526
2024-02-01 17:00:00,78.94783478106633
2024-02-01 18:00:00,85.04977866585354
2024-02-01 19:00:00,176.35826282140565
2024-02-01 20:00:00,181.6005804852633
2024-02-01 21:00:00,165.79753157149776
2024-02-01 22:00:00,188.3857044601228
2024-02-01 23:00:00,166.55288626835346
2024-02-02 00:00:00,199.9718720672023
2024-02-02 01:00:00,187.42532316588515
2024-02-02 02:00:00,203.8523044130792
2024-02-02 03:00:00,167.4791641296493
2024-02-02 04:00:00,197.92487169687882
2024-02-02 05:00:00,182.33059386273635
2024-02-02 06:00:00,168.37775768129637
2024-02-02 07:00:00,180.0253744727419
2024-02-02 08:00:00,65.31985768803204
2024-02-02 09:00:00,57.953665956597426
2024-02-02 10:00:00,67.41418798382215
2024-02-02 11:00:00,70.65772283060411
2024-02-02 12:00:00,88.29546048319091
2024-02-02 13:00:00,80.21283849782492
2024-02-02 14:00:00,69.72261225267282
2024-02-02 15:00:00,77.94653967619351
2024-02-02 16:00:00,60.317030567483286
2024-02-02 17:00:00,66.52454490359963
2024-02-02 18:00:00,59.88825275893084
2024-02-02 19:00:00,180.84437838971965
2024-02-02 20:00:00,182.07387647598193
2024-02-02 21:00:00,189.07131368862764
2024-02-02 22:00:00,189.17667577025597
2024-02-02 23:00:00,163.8321675616801
2024-02-03 00:00:00,178.15567084892606
2024-02-03 01:00:00,183.45007529436884
2024-02-03 02:00:00,177.75403720902582
2024-02-03 03:00:00,181.13556564976452
2024-02-03 04:00:00,168.6851186260915
2024-02-03 05:00:00,160.37754473846437
2024-02-03 06:00:00,178.97443600578697
2024-02-03 07:00:00,180.5238777837221
2024-02-03 08:00:00,73.9085702577629
2024-02-03 09:00:00,72.58641614658859
2024-02-03 10:00:00,70.7500496829347
2024-02-03 11:00:00,72.69841418196569
2024-02-03 12:00:00,86.36803124710295
2024-02-03 13:00:00,84.43437269349458
2024-02-03 14:00:00,81.12836156820771
2024-02-03 15:00:00,74.28516763889323
2024-02-03 16:00:00,85.56343869695327
2024-02-03 17:00:00,73.47852994804148
2024-02-03 18:00:00,71.93189967469414
2024-02-03 19:00:00,173.6504450905298
2024-02-03 20:00:00,212.1177312268043
2024-02-03 21:00:00,171.0741228586027
2024-02-03 22:00:00,149.83344895628647
2024-02-03 23:00:00,177.51117756784072
2024-02-04 00:00:00,174.0817521929925
2024-02-04 01:00:00,194.52578389914555
2024-02-04 02:00:00,205.72208106561533
2024-02-04 03:00:00,187.336437519269
2024-02-04 04:00:00,180.1236519192674
2024-02-04 05:00:00,214.87250053260829
2024-02-04 06:00:00,207.76106504514206
2024-02-04 07:00:00,204.06574221578478
2024-02-04 08:00:00,57.78163292077929
2024-02-04 09:00:00,52.09384119003819
2024-02-04 10:00:00,64.52864711686028
2024-02-04 11:00:00,70.33339516310193
2024-02-04 12:00:00,66.06042861784456
2024-02-04 13:00:00,84.18536452177526
2024-02-04 14:00:00,66.64537984487296
2024-02-04 15:00:00,82.37581069677539
2024-02-04 16:00:00,69.92470783246766
2024-02-04 17:00:00,56.38905661020801
2024-02-04 18:00:00,64.26888676638293
2024-02-04 19:00:00,166.51429743840526
2024-02-04 20:00:00,191.22954363551042
2024-02-04 21:00:00,171.5749329967417
2024-02-04 22:00:00,204.3015406769668
2024-02-04 23:00:00,210.75825356654394
2024-02-05 00:00:00,154.60786889769437
2024-02-05 01:00:00,184.89067662234402
2024-02-05 02:00:00,170.89403706962878
2024-02-05 03:00:00,159.68496804507188
2024-02-05 04:00:00,175.3620698246972
2024-02-05 05:00:00,183.54976927132842
2024-02-05 06:00:00,158.54246542994775
2024-02-05 07:00:00,198.30739189919393
2024-02-05 08:00:00,70.63490290098392
2024-02-05 09:00:00,61.64069425057931
2024-02-05 10:00:00,80.12046873823775
2024-02-05 11:00:00,65.86370466769822
2024-02-05 12:00:00,67.65555829704148
2024-02-05 13:00:00,72.4634873220796
2024-02-05 14:00:00,59.77787309823181
2024-02-05 15:00:00,70.00568900334619
2024-02-05 16:00:00,68.91963333948308
2024-02-05 17:00:00,68.91961316039792
2024-02-05 18:00:00,86.87556605867643
2024-02-05 19:00:00,187.84863162396695
2024-02-05 20:00:00,199.97858927803844
2024-02-05 21:00:00,184.582665629941
2024-02-05 22:00:00,196.44025418156218
2024-02-05 23:00:00,193.43079200275196
2024-02-06 00:00:00,166.99493331256576
2024-02-06 01:00:00,178.55190415787288
2024-02-06 02:00:00,212.24758154586974
2024-02-06 03:00:00,175.72432879560984
2024-02-06 04:00:00,173.70926786544385
2024-02-06 05:00:00,210.7779345925932
2024-02-06 06:00:00,197.75166032496674
2024-02-06 07:00:00,178.1652411995645
2024-02-06 08:00:00,72.93850476503512
2024-02-06 09:00:00,53.28988963360818
2024-02-06 10:00:00,49.52521470472088
2024-02-06 11:00:00,74.6878155521699
2024-02-06 12:00:00,73.84699905187465
2024-02-06 13:00:00,70.98120719134724
2024-02-06 14:00:00,55.14853811294576
2024-02-06 15:00:00,68.3035369246123
2024-02-06 16:00:00,60.845154328185885
2024-02-06 17:00:00,57.43824608935705
2024-02-06 18:00:00,59.08329462978752
2024-02-06 19:00:00,175.7439838806492
2024-02-06 20:00:00,156.5780251996039
2024-02-06 21:00:00,160.68257269090876
2024-02-06 22:00:00,187.98974038747565
2024-02-06 23:00:00,204.5150589221147
2024-02-07 00:00:00,161.7194677780597
2024-02-07 01:00:00,174.30291020264832
2024-02-07 02:00:00,180.21008119423396
2024-02-07 03:00:00,148.438500846339
2024-02-07 04:00:00,197.51318944515862
2024-02-07 05:00:00,168.99745677239767
2024-02-07 06:00:00,192.22150797184594
2024-02-07 07:00:00,166.96529165279193
2024-02-07 08:00:00,66.96347996250256
2024-02-07 09:00:00,53.121158876649105
2024-02-07 10:00:00,71.62235153952243
2024-02-07 11:00:00,66.36695175496465
2024-02-07 12:00:00,71.48169594892723
2024-02-07 13:00:00,68.95503182831277
2024-02-07 14:00:00,61.11697684567099
2024-02-07 15:00:00,66.5325985218385
2024-02-07 16:00:00,63.53627932252991
2024-02-07 17:00:00,64.8598486005861
2024-02-07 18:00:00,71.43951170882362
2024-02-07 19:00:00,189.6522222546762
2024-02-07 20:00:00,207.55990584459974
2024-02-07 21:00:00,185.4250374501114
2024-02-07 22:00:00,176.56567998288804
2024-02-07 23:00:00,182.65769304320338
2024-02-08 00:00:00,199.1012064118009
2024-02-08 01:00:00,174.08623484826933
2024-02-08 02:00:00,183.50667805474856
2024-02-08 03:00:00,187.71884916642603
2024-02-08 04:00:00,191.28033458139606
2024-02-08 05:00:00,197.62733627394317
2024-02-08 06:00:00,193.57417732474
2024-02-08 07:00:00,192.70823749045368
2024-02-08 08:00:00,81.6098607483942
2024-02-08 09:00:00,56.25453924219631
2024-02-08 10:00:00,78.09885173970414
2024-02-08 11:00:00,56.785977292366965
2024-02-08 12:00:00,73.85669778231988
2024-02-08 13:00:00,69.25447771434375
2024-02-08 14:00:00,68.4932255700756
2024-02-08 15:00:00,57.89267757386148
2024-02-08 16:00:00,74.46152892785241
2024-02-08 17:00:00,66.63346273477015
2024-02-08 18:00:00,84.99379200127537
2024-02-08 19:00:00,181.62300926039433
2024-02-08 20:00:00,210.0062014198789
2024-02-08 21:00:00,186.34336770009548
2024-02-08 22:00:00,188.85339124931298
2024-02-08 23:00:00,180.60966250440845
2024-02-09 00:00:00,175.3913788584749
2024-02-09 01:00:00,165.30491753202313
2024-02-09 02:00:00,203.21796763842076
2024-02-09 03:00:00,200.29009775057523
2024-02-09 04:00:00,162.466085860376
2024-02-09 05:00:00,167.16338269155221
2024-02-09 06:00:00,182.02437480021376
2024-02-09 07:00:00,173.4129048054042
2024-02-09 08:00:00,71.06996701936475
2024-02-09 09:00:00,75.30275437255455
2024-02-09 10:00:00,64.05144345411333
2024-02-09 11:00:00,85.15623379110224
2024-02-09 12:00:00,68.57818198851885
2024-02-09 13:00:00,64.04889010750745
2024-02-09 14:00:00,57.14706273074083
2024-02-09 15:00:00,76.5876850694671
2024-02-09 16:00:00,61.44688023176475
2024-02-09 17:00:00,82.09686061985752
2024-02-09 18:00:00,64.35564792431285
2024-02-09 19:00:00,186.5609053436453
2024-02-09 20:00:00,183.77579776346897
2024-02-09 21:00:00,171.45772301013187
2024-02-09 22:00:00,181.9321536024837
2024-02-09 23:00:00,189.75975699086516
2024-02-10 00:00:00,177.1853819050511
2024-02-10 01:00:00,186.852527472884
2024-02-10 02:00:00,171.80112298703898
2024-02-10 03:00:00,190.19245875079238
2024-02-10 04:00:00,169.66709332497155
2024-02-10 05:00:00,164.86680072451867
2024-02-10 06:00:00,180.4975242304822
2024-02-10 07:00:00,170.92484790425993
2024-02-10 08:00:00,79.47194614277393
2024-02-10 09:00:00,74.65266448358187
2024-02-10 10:00:00,62.814391891509935
2024-02-10 11:00:00,77.51317570375902
2024-02-10 12:00:00,60.44365405429721
2024-02-10 13:00:00,74.3134102613559
2024-02-10 14:00:00,63.51724332993379
2024-02-10 15:00:00,61.62997918562217
2024-02-10 16:00:00,83.4543245764152
2024-02-10 17:00:00,80.75701382884586
2024-02-10 18:00:00,59.343490110573995
2024-02-10 19:00:00,186.0749429335788
2024-02-10 20:00:00,167.87039852116035
2024-02-10 21:00:00,156.19894522990745
2024-02-10 22:00:00,190.86667972650022
2024-02-10 23:00:00,185.35938796223746
2024-02-11 00:00:00,151.94778246994917
2024-02-11 01:00:00,198.7176556029416
2024-02-11 02:00:00,191.70238651260294
2024-02-11 03:00:00,212.33719551547142
2024-02-11 04:00:00,163.30525574930138
2024-02-11 05:00:00,189.7731903852225
2024-02-11 06:00:00,179.80946596760185
2024-02-11 07:00:00,163.38638413793902
2024-02-11 08:00:00,68.64075781517536
2024-02-11 09:00:00,60.16569210095854
2024-02-11 10:00:00,83.06054249321807
2024-02-11 11:00:00,66.38144084970801
2024-02-11 12:00:00,57.04838291892156
2024-02-11 13:00:00,67.27184637888334
2024-02-11 14:00:00,73.45475005795265
2024-02-11 15:00:00,71.1535371583957
2024-02-11 16:00:00,56.3316257593024
2024-02-11 17:00:00,65.84606854203662
2024-02-11 18:00:00,79.96376631176446
2024-02-11 19:00:00,199.93966052566844
2024-02-11 20:00:00,198.57138171280045
2024-02-11 21:00:00,174.80027150595333
2024-02-11 22:00:00,161.26892546857866
2024-02-11 23:00:00,173.53509453770204
2024-02-12 00:00:00,191.31125109703981
2024-02-12 01:00:00,160.07459236236102
2024-02-12 02:00:00,170.2710447824384
2024-02-12 03:00:00,213.68444269262034
2024-02-12 04:00:00,149.56511274333144
2024-02-12 05:00:00,193.546579249098
2024-02-12 06:00:00,189.8538434596328
2024-02-12 07:00:00,185.78278517631335
2024-02-12 08:00:00,80.10395650265187
2024-02-12 09:00:00,80.84984343389127
2024-02-12 10:00:00,64.14029934567014
2024-02-12 11:00:00,54.78004588415952
2024-02-12 12:00:00,66.1590463230813
2024-02-12 13:00:00,78.04593309006084
2024-02-12 14:00:00,73.89840402123082
2024-02-12 15:00:00,82.50627763276128
2024-02-12 16:00:00,72.99466205534736
2024-02-12 17:00:00,64.38942364991063
2024-02-12 18:00:00,68.20344677965555
2024-02-12 19:00:00,175.91699800498387
2024-02-12 20:00:00,212.75688061670954
2024-02-12 21:00:00,154.2161458742894
2024-02-12 22:00:00,198.7170903567306
2024-02-12 23:00:00,201.56609742231444
2024-02-13 00:00:00,205.08996497399224
2024-02-13 01:00:00,177.4422889074725
2024-02-13 02:00:00,176.73227765814465
2024-02-13 03:00:00,196.6861500981521
2024-02-13 04:00:00,171.67510898720988
2024-02-13 05:00:00,158.97486038261576
2024-02-13 06:00:00,156.1712155187131
2024-02-13 07:00:00,193.18299838337117
2024-02-13 08:00:00,81.15198814768978
2024-02-13 09:00:00,49.55873599233206
2024-02-13 10:00:00,79.52655254699158
2024-02-13 11:00:00,62.98354442408847
2024-02-13 12:00:00,59.829370932481936
2024-02-13 13:00:00,63.356346568506325
2024-02-13 14:00:00,75.06053613284865
2024-02-13 15:00:00,63.228588203294564
2024-02-13 16:00:00,60.33303636906933
2024-02-13 17:00:00,54.15143154635547
2024-02-13 18:00:00,63.16405960623778
2024-02-13 19:00:00,171.75118183021902
2024-02-13 20:00:00,186.68708830305698
2024-02-13 21:00:00,166.52146898800308
2024-02-13 22:00:00,168.23396622012572
2024-02-13 23:00:00,177.46403089110623
2024-02-14 00:00:00,197.76934389114444
2024-02-14 01:00:00,177.54751911432302
2024-02-14 02:00:00,160.3240474085348
2024-02-14 03:00:00,185.07464096499103
2024-02-14 04:00:00,175.683233317491
2024-02-14 05:00:00,173.1030246940737
2024-02-14 06:00:00,183.66742222938706
2024-02-14 07:00:00,182.24753873931041
2024-02-14 08:00:00,70.36511370802772
2024-02-14 09:00:00,61.761782812435484
2024-02-14 10:00:00,69.83811143156927
2024-02-14 11:00:00,76.42599965262654
2024-02-14 12:00:00,55.32454705972302
2024-02-14 13:00:00,66.90855498173619
2024-02-14 14:00:00,63.19055617914354
2024-02-14 15:00:00,78.75711778636807
2024-02-14 16:00:00,72.96467596876437
2024-02-14 17:00:00,81.57981756066297
2024-02-14 18:00:00,68.80641324667309
2024-02-14 19:00:00,205.0235620463393
2024-02-14 20:00:00,181.69509643557097
2024-02-14 21:00:00,176.69106608667684
2024-02-14 22:00:00,195.70379161803334
2024-02-14 23:00:00,205.55099085277982
2024-02-15 00:00:00,192.6540949879282
2024-02-15 01:00:00,191.67713959362698
2024-02-15 02:00:00,202.23478765441556
2024-02-15 03:00:00,171.04222273423943
2024-02-15 04:00:00,192.91847608295285
2024-02-15 05:00:00,215.09536122712925
2024-02-15 06:00:00,159.1340563832565
2024-02-15 07:00:00,186.43597977139933
2024-02-15 08:00:00,74.86462356257599
2024-02-15 09:00:00,70.51172954527611
2024-02-15 10:00:00,72.20242907622847
2024-02-15 11:00:00,77.76482421827278
2024-02-15 12:00:00,72.63528230013603
2024-02-15 13:00:00,66.63738470126357
2024-02-15 14:00:00,83.65682607231253
2024-02-15 15:00:00,68.40204501296121
2024-02-15 16:00:00,61.978303722281716
2024-02-15 17:00:00,83.74915258931604
2024-02-15 18:00:00,56.84939705971537
2024-02-15 19:00:00,189.27177721955832
2024-02-15 20:00:00,172.59515134393598
2024-02-15 21:00:00,205.07564191985938
2024-02-15 22:00:00,185.50725548831096
2024-02-15 23:00:00,198.28312023293458
2024-02-16 00:00:00,168.14630107097923
2024-02-16 01:00:00,164.34063773832605
2024-02-16 02:00:00,165.67009158583576
2024-02-16 03:00:00,202.98971659359242
2024-02-16 04:00:00,162.76706737800717
2024-02-16 05:00:00,187.8153299584302
2024-02-16 06:00:00,184.08943649624476
2024-02-16 07:00:00,179.41941340937512
2024-02-16 08:00:00,73.70545956694731
2024-02-16 09:00:00,78.9334113096035
2024-02-16 10:00:00,69.6575848757725
2024-02-16 11:00:00,71.413613016129
2024-02-16 12:00:00,70.47799294038703
2024-02-16 13:00:00,72.40615571270263
2024-02-16 14:00:00,65.56399423399334
2024-02-16 15:00:00,68.46280139673863
2024-02-16 16:00:00,66.60180361869851
2024-02-16 17:00:00,75.95785277155366
2024-02-16 18:00:00,86.08605990624187
2024-02-16 19:00:00,190.533793973184
2024-02-16 20:00:00,178.30669790985473
2024-02-16 21:00:00,193.66609639356682
2024-02-16 22:00:00,163.81809247444562
2024-02-16 23:00:00,164.81662583417972
2024-02-17 00:00:00,196.45158005309358
2024-02-17 01:00:00,157.99672492263053
2024-02-17 02:00:00,193.44894572922829
2024-02-17 03:00:00,176.89438554125394
2024-02-17 04:00:00,165.3941143949179
2024-02-17 05:00:00,174.28770163284963
2024-02-17 06:00:00,184.9237617002313
2024-02-17 07:00:00,197.2409949065492
2024-02-17 08:00:00,82.96246983594786
2024-02-17 09:00:00,75.9085356447193
2024-02-17 10:00:00,65.33973311893061
2024-02-17 11:00:00,71.87068787663442
2024-02-17 12:00:00,68.8806002426941
2024-02-17 13:00:00,80.09503428396623
2024-02-17 14:00:00,66.81132003698735
2024-02-17 15:00:00,54.1421551870107
2024-02-17 16:00:00,67.7712735706165
2024-02-17 17:00:00,77.79539819051132
2024-02-17 18:00:00,74.3849337123394
2024-02-17 19:00:00,166.4461735217194
2024-02-17 20:00:00,177.98362835316613
2024-02-17 21:00:00,186.7016504813598
2024-02-17 22:00:00,185.87742133269086
2024-02-17 23:00:00,174.90498524024505
2024-02-18 00:00:00,180.65959971562535
2024-02-18 01:00:00,187.6968875994671
2024-02-18 02:00:00,162.5719759948681
2024-02-18 03:00:00,179.12811305244435
2024-02-18 04:00:00,178.63616458208227
2024-02-18 05:00:00,199.26812652526206
2024-02-18 06:00:00,188.31335120770862
2024-02-18 07:00:00,211.39429684314666
2024-02-18 08:00:00,77.91432621155549
2024-02-18 09:00:00,75.2467685116162
2024-02-18 10:00:00,79.75993002129037
2024-02-18 11:00:00,63.7262052130181
2024-02-18 12:00:00,82.18120351839883
2024-02-18 13:00:00,70.86621205489803
2024-02-18 14:00:00,77.10531054656603
2024-02-18 15:00:00,64.69918366678723
2024-02-18 16:00:00,52.637776001636354
2024-02-18 17:00:00,55.70751736491629
2024-02-18 18:00:00,65.22619993823147
2024-02-18 19:00:00,211.9856008692555
2024-02-18 20:00:00,175.48563296134841
2024-02-18 21:00:00,174.61079008282383
2024-02-18 22:00:00,175.26723551012057
2024-02-18 23:00:00,191.0764681444801
2024-02-19 00:00:00,172.52082675427872
2024-02-19 01:00:00,156.93954400466566
2024-02-19 02:00:00,183.04031070987014
2024-02-19 03:00:00,154.6123318925009
2024-02-19 04:00:00,180.63958266695096
2024-02-19 05:00:00,181.16046362648905
2024-02-19 06:00:00,194.89373124861726
2024-02-19 07:00:00,165.699983947066
2024-02-19 08:00:00,70.45446363842477
2024-02-19 09:00:00,80.50566604210874
2024-02-19 10:00:00,64.82172961466192
2024-02-19 11:00:00,70.60251012935517
2024-02-19 12:00:00,76.72691563539072
2024-02-19 13:00:00,64.73897654171313
2024-02-19 14:00:00,87.3097042892284
2024-02-19 15:00:00,68.4885883947331
2024-02-19 16:00:00,67.35629921778151
2024-02-19 17:00:00,83.98419082911104
2024-02-19 18:00:00,57.86809384340526
2024-02-19 19:00:00,149.62836569092707
2024-02-19 20:00:00,170.6185778399672
2024-02-19 21:00:00,186.32892713172794
2024-02-19 22:00:00,157.78472840209167
2024-02-19 23:00:00,194.0363793739494
2024-02-20 00:00:00,171.9414018288213
2024-02-20 01:00:00,203.42609477816046
2024-02-20 02:00:00,188.4283961533735
2024-02-20 03:00:00,158.9352694154163
2024-02-20 04:00:00,151.99996814283125
2024-02-20 05:00:00,191.55260229660595
2024-02-20 06:00:00,168.1373855290715
2024-02-20 07:00:00,198.5571537597294
2024-02-20 08:00:00,54.91180420728751
2024-02-20 09:00:00,69.75158337219924
2024-02-20 10:00:00,65.17026124250893
2024-02-20 11:00:00,58.56261231986731
2024-02-20 12:00:00,73.1178051723592
2024-02-20 13:00:00,60.38305707568482
2024-02-20 14:00:00,71.82294459531775
2024-02-20 15:00:00,60.53074960678898
2024-02-20 16:00:00,67.6225342994978
2024-02-20 17:00:00,80.01266472014952
2024-02-20 18:00:00,66.79997951558546
2024-02-20 19:00:00,149.79324111106826
2024-02-20 20:00:00,178.91862100353876
2024-02-20 21:00:00,165.99218910794775
2024-02-20 22:00:00,174.3426924186718
2024-02-20 23:00:00,194.51689601728924
2024-02-21 00:00:00,196.48695997838416
2024-02-21 01:00:00,180.45173271821002
2024-02-21 02:00:00,195.24208926401582
2024-02-21 03:00:00,178.74154994087178
2024-02-21 04:00:00,183.57306091677233
2024-02-21 05:00:00,170.97428590368335
2024-02-21 06:00:00,165.77360039088245
2024-02-21 07:00:00,203.95557669225485
2024-02-21 08:00:00,73.20201337873317
2024-02-21 09:00:00,75.06771184497637
2024-02-21 10:00:00,66.85285303794663
2024-02-21 11:00:00,63.96484698313411
2024-02-21 12:00:00,76.72796112784206
2024-02-21 13:00:00,51.98683055482579
2024-02-21 14:00:00,68.45856736164174
2024-02-21 15:00:00,67.35901665193093
2024-02-21 16:00:00,62.550780161977784
2024-02-21 17:00:00,67.79628726480527
2024-02-21 18:00:00,78.73675853667461
2024-02-21 19:00:00,195.44404306513752
2024-02-21 20:00:00,196.0912746588977
2024-02-21 21:00:00,188.0677086438661
2024-02-21 22:00:00,196.28377967987518
2024-02-21 23:00:00,204.98591532384106
2024-02-22 00:00:00,163.08529533692206
2024-02-22 01:00:00,181.16646279109472
2024-02-22 02:00:00,193.7021667640011
2024-02-22 03:00:00,199.58186552490537
2024-02-22 04:00:00,159.4928472518048
2024-02-22 05:00:00,167.56570841029816
2024-02-22 06:00:00,178.9793539109417
2024-02-22 07:00:00,182.44419324736745
2024-02-22 08:00:00,54.34791447833126
2024-02-22 09:00:00,75.06512740265106
2024-02-22 10:00:00,71.82243844332964
2024-02-22 11:00:00,75.37928379913596
2024-02-22 12:00:00,86.99287559038386
2024-02-22 13:00:00,58.94205040028918
2024-02-22 14:00:00,56.313481705322246
2024-02-22 15:00:00,69.90198922663465
2024-02-22 16:00:00,60.35159010611953
2024-02-22 17:00:00,67.6274689944664
2024-02-22 18:00:00,70.58291478781635
2024-02-22 19:00:00,179.16082397055197
2024-02-22 20:00:00,174.56456617524466
2024-02-22 21:00:00,177.77055817027963
2024-02-22 22:00:00,162.8521909967601
2024-02-22 23:00:00,187.36386785333673
2024-02-23 00:00:00,178.26828650522776
2024-02-23 01:00:00,172.78862465639145
2024-02-23 02:00:00,207.98907668148897
2024-02-23 03:00:00,171.5617929908133
2024-02-23 04:00:00,170.0401757636004
2024-02-23 05:00:00,181.60475792454716
2024-02-23 06:00:00,211.18348078396696
2024-02-23 07:00:00,186.2191858458021
2024-02-23 08:00:00,70.85234571751643
2024-02-23 09:00:00,68.67123179455756
2024-02-23 10:00:00,63.045558143377434
2024-02-23 11:00:00,74.28300373092547
2024-02-23 12:00:00,59.42020053081286
2024-02-23 13:00:00,73.92797876899377
2024-02-23 14:00:00,86.12966415156853
2024-02-23 15:00:00,75.4242662884259
2024-02-23 16:00:00,74.71528038500085
2024-02-23 17:00:00,71.63838814171208
2024-02-23 18:00:00,77.48184652947491
2024-02-23 19:00:00,213.99087491605198
2024-02-23 20:00:00,182.7136402089876
2024-02-23 21:00:00,183.71715023591025
2024-02-23 22:00:00,182.884347204682
2024-02-23 23:00:00,175.11783018085504
2024-02-24 00:00:00,174.079411840643
2024-02-24 01:00:00,176.6061192594894
2024-02-24 02:00:00,162.23386885951203
2024-02-24 03:00:00,205.41420090153287
2024-02-24 04:00:00,204.96661995382374
2024-02-24 05:00:00,174.46085885647554
2024-02-24 06:00:00,152.07721772230832
2024-02-24 07:00:00,205.79962086692018
2024-02-24 08:00:00,71.36414566621518
2024-02-24 09:00:00,72.19874667198697
2024-02-24 10:00:00,75.20418491570712
2024-02-24 11:00:00,86.72946038596211
2024-02-24 12:00:00,62.66130555044121
2024-02-24 13:00:00,73.94679012299625
2024-02-24 14:00:00,62.86823978866411
2024-02-24 15:00:00,68.46956653399705
2024-02-24 16:00:00,57.48715808595289
2024-02-24 17:00:00,78.07958757818116
2024-02-24 18:00:00,81.82017636285929
2024-02-24 19:00:00,178.61461899660728
2024-02-24 20:00:00,193.07557660975831
2024-02-24 21:00:00,208.0000404190862
2024-02-24 22:00:00,176.67241396334916
2024-02-24 23:00:00,181.347042048268
2024-02-25 00:00:00,182.0308278544589
2024-02-25 01:00:00,183.2035691383593
2024-02-25 02:00:00,183.55323283914478
2024-02-25 03:00:00,187.29030456320118
2024-02-25 04:00:00,206.9677961970573
2024-02-25 05:00:00,158.65556831260636
2024-02-25 06:00:00,194.090099440382
2024-02-25 07:00:00,162.72054622623645
2024-02-25 08:00:00,56.34752819159544
2024-02-25 09:00:00,62.33742657393491
2024-02-25 10:00:00,84.53965060675753
2024-02-25 11:00:00,67.11114044459816
2024-02-25 12:00:00,75.57121475237321
2024-02-25 13:00:00,72.31135345866858
2024-02-25 14:00:00,67.63199685348835
2024-02-25 15:00:00,84.80237189826275
2024-02-25 16:00:00,71.18720630282314
2024-02-25 17:00:00,74.4174366217677
2024-02-25 18:00:00,56.26739508806084
2024-02-25 19:00:00,163.1372556598473
2024-02-25 20:00:00,176.87548839822006
2024-02-25 21:00:00,187.5833214627881
2024-02-25 22:00:00,183.46918216136737
2024-02-25 23:00:00,188.90096819111233
2024-02-26 00:00:00,206.39731367372755
2024-02-26 01:00:00,169.8381087440104
2024-02-26 02:00:00,184.37976676678647
2024-02-26 03:00:00,183.6732647942639
2024-02-26 04:00:00,174.61534761208986
2024-02-26 05:00:00,198.36065223640156
2024-02-26 06:00:00,200.92129410091513
2024-02-26 07:00:00,183.0979835262537
2024-02-26 08:00:00,65.00750199833185
2024-02-26 09:00:00,78.34149009358546
2024-02-26 10:00:00,67.73543321282415
2024-02-26 11:00:00,60.572580630394654
2024-02-26 12:00:00,68.71253046182021
2024-02-26 13:00:00,81.1596131063703
2024-02-26 14:00:00,55.438537456092234
2024-02-26 15:00:00,68.26550383063392
2024-02-26 16:00:00,50.551458690791975
2024-02-26 17:00:00,81.17837271415104
2024-02-26 18:00:00,73.76614914435294
2024-02-26 19:00:00,185.23691511109183
2024-02-26 20:00:00,195.27993085100917
2024-02-26 21:00:00,185.0040767996157
2024-02-26 22:00:00,155.132474296617
2024-02-26 23:00:00,171.39291327938946
2024-02-27 00:00:00,160.04200635819768
2024-02-27 01:00:00,186.4586296447776
2024-02-27 02:00:00,162.18627773827438
2024-02-27 03:00:00,174.49140861977244
2024-02-27 04:00:00,178.96820930685158
2024-02-27 05:00:00,154.71655460570827
2024-02-27 06:00:00,151.74850328269102
2024-02-27 07:00:00,196.842004025603
2024-02-27 08:00:00,70.07199406711146
2024-02-27 09:00:00,64.66501381305062
2024-02-27 10:00:00,59.88804708820645
2024-02-27 11:00:00,69.56720369631903
2024-02-27 12:00:00,76.29342402506558
2024-02-27 13:00:00,63.169528468246476
2024-02-27 14:00:00,64.79166181364332
2024-02-27 15:00:00,71.8457060178867
2024-02-27 16:00:00,67.84579374047149
2024-02-27 17:00:00,69.9878124703281
2024-02-27 18:00:00,65.06007830384647
2024-02-27 19:00:00,199.1709179199582
2024-02-27 20:00:00,187.95435354974882
2024-02-27 21:00:00,202.4279459828771
2024-02-27 22:00:00,186.7752967955181
2024-02-27 23:00:00,213.68952706389217
2024-02-28 00:00:00,199.68994602372086
2024-02-28 01:00:00,205.72078312411298
2024-02-28 02:00:00,208.95355048706878
2024-02-28 03:00:00,198.567566774221
2024-02-28 04:00:00,184.86138336516808
2024-02-28 05:00:00,184.48141005858258
2024-02-28 06:00:00,205.41127889270442
2024-02-28 07:00:00,194.3909692033631
2024-02-28 08:00:00,88.14440143414072
2024-02-28 09:00:00,75.21902781415959
2024-02-28 10:00:00,61.01946399384069
2024-02-28 11:00:00,81.82008612738866
2024-02-28 12:00:00,73.58906066206343
2024-02-28 13:00:00,75.70604828980855
2024-02-28 14:00:00,82.0337225057911
2024-02-28 15:00:00,69.865980592456
2024-02-28 16:00:00,61.78305093392771
2024-02-28 17:00:00,71.14972005029512
2024-02-28 18:00:00,59.994256164427206
2024-02-28 19:00:00,171.88519251696675
2024-02-28 20:00:00,182.15362701203725
2024-02-28 21:00:00,160.6272105533741
2024-02-28 22:00:00,194.2741775690892
2024-02-28 23:00:00,194.55872920585196
2024-02-29 00:00:00,195.51230314141378
2024-02-29 01:00:00,171.36800823087626
2024-02-29 02:00:00,180.51017026722445
2024-02-29 03:00:00,201.16695135410657
2024-02-29 04:00:00,165.57131824508065
2024-02-29 05:00:00,196.6157778395277
2024-02-29 06:00:00,190.65149036744168
2024-02-29 07:00:00,183.61594664384458
2024-02-29 08:00:00,62.88073309848832
2024-02-29 09:00:00,73.1370140309329
2024-02-29 10:00:00,87.72511250259556
2024-02-29 11:00:00,59.5015636437418
2024-02-29 12:00:00,63.352908583547176
2024-02-29 13:00:00,58.369552258358326
2024-02-29 14:00:00,61.278947559347884
2024-02-29 15:00:00,66.57703378188668
2024-02-29 16:00:00,80.29649387943022
2024-02-29 17:00:00,76.04038567101941
2024-02-29 18:00:00,70.32852514262329
2024-02-29 19:00:00,162.96394456214614
2024-02-29 20:00:00,177.52050060345798
2024-02-29 21:00:00,182.10780666148318
2024-02-29 22:00:00,185.5812769577598
2024-02-29 23:00:00,200.58823481359343
2024-03-01 00:00:00,194.04566437749648
2024-03-01 01:00:00,169.6919985694858
2024-03-01 02:00:00,192.69712603995694
2024-03-01 03:00:00,178.26534361496135
2024-03-01 04:00:00,192.52619310499657
2024-03-01 05:00:00,176.72709881121125
2024-03-01 06:00:00,207.15975091710501
2024-03-01 07:00:00,210.93746628429818
2024-03-01 08:00:00,63.51765220110872
2024-03-01 09:00:00,54.65278682173537
2024-03-01 10:00:00,83.27853394741983
2024-03-01 11:00:00,69.11731242312453
2024-03-01 12:00:00,85.69835884082832
2024-03-01 13:00:00,80.31627907090592
2024-03-01 14:00:00,52.055274108268705
2024-03-01 15:00:00,58.817836776323745
2024-03-01 16:00:00,68.67996770134336
2024-03-01 17:00:00,82.6417083019592
2024-03-01 18:00:00,75.99666299681257
2024-03-01 19:00:00,159.82404120412758
2024-03-01 20:00:00,169.9337165581482
2024-03-01 21:00:00,156.35864098436676
2024-03-01 22:00:00,195.32660399463305
2024-03-01 23:00:00,197.9146272293168
2024-03-02 00:00:00,188.07142468877606
2024-03-02 01:00:00,193.5383036589036
2024-03-02 02:00:00,157.1104369329782
2024-03-02 03:00:00,191.76186505728145
2024-03-02 04:00:00,166.50001318638223
2024-03-02 05:00:00,194.11273356364808
2024-03-02 06:00:00,190.94438149894023
2024-03-02 07:00:00,194.33448992353433
2024-03-02 08:00:00,81.5874201105226
2024-03-02 09:00:00,58.83631761023781
2024-03-02 10:00:00,71.44627208564016
2024-03-02 11:00:00,71.82185628269556
2024-03-02 12:00:00,82.29237319583879
2024-03-02 13:00:00,69.24800209068582
2024-03-02 14:00:00,72.6098914894643
2024-03-02 15:00:00,76.47934598548352
2024-03-02 16:00:00,87.31198888609347
2024-03-02 17:00:00,77.88833718237419
2024-03-02 18:00:00,66.78156997906453
2024-03-02 19:00:00,163.9280977513206
2024-03-02 20:00:00,152.04712698126923
2024-03-02 21:00:00,212.18824075381883
2024-03-02 22:00:00,215.265268784926
2024-03-02 23:00:00,196.6476040782622
2024-03-03 00:00:00,180.00177488246408
2024-03-03 01:00:00,190.00301667792894
2024-03-03 02:00:00,179.19527012644502
2024-03-03 03:00:00,183.2752182260753
2024-03-03 04:00:00,164.13184167042772
2024-03-03 05:00:00,185.2804788856327
2024-03-03 06:00:00,162.7546041709997
2024-03-03 07:00:00,195.9441999666547
2024-03-03 08:00:00,61.991379232273225
2024-03-03 09:00:00,65.44968604887148
2024-03-03 10:00:00,61.67722451958336
2024-03-03 11:00:00,66.64210813550483
2024-03-03 12:00:00,74.69934068474453
2024-03-03 13:00:00,66.18773731539292
2024-03-03 14:00:00,79.62431002010439
2024-03-03 15:00:00,71.82090941183256
2024-03-03 16:00:00,60.39943017240547
2024-03-03 17:00:00,60.907767199220956
2024-03-03 18:00:00,76.67275178476697
2024-03-03 19:00:00,149.05603165240782
2024-03-03 20:00:00,184.2967381539063
2024-03-03 21:00:00,172.11592351759208
2024-03-03 22:00:00,196.36824091212225
2024-03-03 23:00:00,189.6976675887546
2024-03-04 00:00:00,193.21437897593003
2024-03-04 01:00:00,198.5679215897294
2024-03-04 02:00:00,165.76104501481365
2024-03-04 03:00:00,197.7491298549752
2024-03-04 04:00:00,176.8181624676614
2024-03-04 05:00:00,196.3196887215328
2024-03-04 06:00:00,174.39465854244816
2024-03-04 07:00:00,149.39776793608684
2024-03-04 08:00:00,59.53357799059599
2024-03-04 09:00:00,72.37544595875326
2024-03-04 10:00:00,57.738823346598494
2024-03-04 11:00:00,68.89077218087121
2024-03-04 12:00:00,67.59856383015489
2024-03-04 13:00:00,74.08696120924847
2024-03-04 14:00:00,77.11857261934051
2024-03-04 15:00:00,72.75299732404599
2024-03-04 16:00:00,67.66075416198822
2024-03-04 17:00:00,69.8715822695111
2024-03-04 18:00:00,57.55644286211728
2024-03-04 19:00:00,202.4677219962063
2024-03-04 20:00:00,186.39040497010404
2024-03-04 21:00:00,164.16554314657486
2024-03-04 22:00:00,149.4408960229136
2024-03-04 23:00:00,200.97973791271562
2024-03-05 00:00:00,190.26338453615287
2024-03-05 01:00:00,171.63156441360871
2024-03-05 02:00:00,177.89315039946757
2024-03-05 03:00:00,199.08757632998663
2024-03-05 04:00:00,172.72208199376502
2024-03-05 05:00:00,181.2779130445823
2024-03-05 06:00:00,185.49150244039348
2024-03-05 07:00:00,191.87439304603103
2024-03-05 08:00:00,66.02157096331337
2024-03-05 09:00:00,66.87961597573371
2024-03-05 10:00:00,56.96256505664002
2024-03-05 11:00:00,80.96053111701781
2024-03-05 12:00:00,67.63285908563869
2024-03-05 13:00:00,76.16890590017917
2024-03-05 14:00:00,76.21777616319089
2024-03-05 15:00:00,66.40904855363422
2024-03-05 16:00:00,72.78904371127712
2024-03-05 17:00:00,76.6407329637436
2024-03-05 18:00:00,61.408758592939584
2024-03-05 19:00:00,156.1121425827281
2024-03-05 20:00:00,172.30347373607492
2024-03-05 21:00:00,195.99812676183865
2024-03-05 22:00:00,185.2018860629928
2024-03-05 23:00:00,192.27466742780447
2024-03-06 00:00:00,150.45675445628825
2024-03-06 01:00:00,210.7748951540338
2024-03-06 02:00:00,177.16145996008856
2024-03-06 03:00:00,166.10604477780976
2024-03-06 04:00:00,159.84023410261892
2024-03-06 05:00:00,169.7240102128045
2024-03-06 06:00:00,176.55141457238037
2024-03-06 07:00:00,156.40838555947636
2024-03-06 08:00:00,66.31587389381102
2024-03-06 09:00:00,84.32731033370717
2024-03-06 10:00:00,67.19055883015525
2024-03-06 11:00:00,57.22337544918882
2024-03-06 12:00:00,76.42574220675525
2024-03-06 13:00:00,57.74975646159199
2024-03-06 14:00:00,60.17290802925531
2024-03-06 15:00:00,80.7005880297827
2024-03-06 16:00:00,56.738651938071584
2024-03-06 17:00:00,61.21646116898213
2024-03-06 18:00:00,54.95593093130707
2024-03-06 19:00:00,177.4747772759456
2024-03-06 20:00:00,191.13767913283203
2024-03-06 21:00:00,189.82013914833638
2024-03-06 22:00:00,190.60406993022454
2024-03-06 23:00:00,173.81801641756954
2024-03-07 00:00:00,204.0475653639614
2024-03-07 01:00:00,178.5038900410662
2024-03-07 02:00:00,166.31015451870925
2024-03-07 03:00:00,176.4498719541268
2024-03-07 04:00:00,159.02129413676442
2024-03-07 05:00:00,180.73403277072367
2024-03-07 06:00:00,215.38699632344242
2024-03-07 07:00:00,187.01306407624259
2024-03-07 08:00:00,67.54788634282244
2024-03-07 09:00:00,75.18418923722703
2024-03-07 10:00:00,70.87104678412253
2024-03-07 11:00:00,73.92335720314168
2024-03-07 12:00:00,71.72792765746804
2024-03-07 13:00:00,82.52146550582142
2024-03-07 14:00:00,64.94604645672678
2024-03-07 15:00:00,75.34490236821226
2024-03-07 16:00:00,63.93607334672286
2024-03-07 17:00:00,58.67656470875748
2024-03-07 18:00:00,55.278999685840695
2024-03-07 19:00:00,182.2529278524796
2024-03-07 20:00:00,168.51518983097614
2024-03-07 21:00:00,203.00875919881807
2024-03-07 22:00:00,179.63014339456765
2024-03-07 23:00:00,196.9388714056719
2024-03-08 00:00:00,184.85408489756372
2024-03-08 01:00:00,167.02012978305558
2024-03-08 02:00:00,189.58267052681515
2024-03-08 03:00:00,185.36805456188958
2024-03-08 04:00:00,181.3609016707453
2024-03-08 05:00:00,202.27291511185518
2024-03-08 06:00:00,178.05562099654028
2024-03-08 07:00:00,187.80549774284452
2024-03-08 08:00:00,87.74742415845756
2024-03-08 09:00:00,69.25155707998628
2024-03-08 10:00:00,66.02798771640519
2024-03-08 11:00:00,61.44702546879962
2024-03-08 12:00:00,63.492960042899796
2024-03-08 13:00:00,71.85836552852213
2024-03-08 14:00:00,63.97688800379104
2024-03-08 15:00:00,53.371808156113744
2024-03-08 16:00:00,73.69059132710566
2024-03-08 17:00:00,80.20077995305863
2024-03-08 18:00:00,71.44823361334238
2024-03-08 19:00:00,175.130520905842
2024-03-08 20:00:00,185.55840976003222
2024-03-08 21:00:00,193.75260473362724
2024-03-08 22:00:00,183.2257330061642
2024-03-08 23:00:00,186.92512469934314
2024-03-09 00:00:00,198.3852188504656
2024-03-09 01:00:00,176.16678670169813
2024-03-09 02:00:00,190.80052080638288
2024-03-09 03:00:00,170.01987149573284
2024-03-09 04:00:00,204.20119472408481
2024-03-09 05:00:00,211.7591181799902
2024-03-09 06:00:00,180.40115433014176
2024-03-09 07:00:00,178.39676077465847
2024-03-09 08:00:00,55.03423692539745
2024-03-09 09:00:00,59.208883234104974
2024-03-09 10:00:00,70.42594569893853
2024-03-09 11:00:00,68.16314727637402
2024-03-09 12:00:00,84.55743290494406
2024-03-09 13:00:00,67.72686332796607
2024-03-09 14:00:00,70.26281452010014
2024-03-09 15:00:00,65.71108194072943
2024-03-09 16:00:00,62.75037420903131
2024-03-09 17:00:00,72.4485532499657
2024-03-09 18:00:00,62.32708680550441
2024-03-09 19:00:00,183.1244186702536
2024-03-09 20:00:00,182.8867915638043
2024-03-09 21:00:00,163.70076981081772
2024-03-09 22:00:00,153.96878128949385
2024-03-09 23:00:00,187.7391808405056
2024-03-10 00:00:00,203.280090550916
2024-03-10 01:00:00,176.51469069745235
2024-03-10 02:00:00,166.0712142462327
2024-03-10 03:00:00,164.28751451656507
2024-03-10 04:00:00,188.91839987442728
2024-03-10 05:00:00,158.5376545365456
2024-03-10 06:00:00,196.3695292381757
2024-03-10 07:00:00,160.8708661484372
2024-03-10 08:00:00,61.628483551389984
2024-03-10 09:00:00,55.98878186008935
2024-03-10 10:00:00,68.2601857098933
2024-03-10 11:00:00,78.90000919361233
2024-03-10 12:00:00,59.96769010759573
2024-03-10 13:00:00,79.1571121190932
2024-03-10 14:00:00,78.30912885664735
2024-03-10 15:00:00,69.69820019163379
2024-03-10 16:00:00,65.44364700296174
2024-03-10 17:00:00,73.41512493565284
2024-03-10 18:00:00,60.79995155768115
2024-03-10 19:00:00,177.67838371533364
2024-03-10 20:00:00,173.14916946502052
2024-03-10 21:00:00,191.98058604739316
2024-03-10 22:00:00,170.81527356299486
2024-03-10 23:00:00,155.4292870908194
2024-03-11 00:00:00,170.07830292847223
2024-03-11 01:00:00,182.6490430234182
2024-03-11 02:00:00,179.20708062267386
2024-03-11 03:00:00,192.39109485492096
2024-03-11 04:00:00,201.6774041939926
2024-03-11 05:00:00,177.25328449328586
2024-03-11 06:00:00,199.78153211685492
2024-03-11 07:00:00,206.83852321342835
2024-03-11 08:00:00,73.63198369473423
2024-03-11 09:00:00,72.9022265606103
2024-03-11 10:00:00,59.861843872834804
2024-03-11 11:00:00,57.23191840370038
2024-03-11 12:00:00,79.24637943000448
2024-03-11 13:00:00,62.19610908841255
2024-03-11 14:00:00,76.31595025677345
2024-03-11 15:00:00,69.98563371770271
2024-03-11 16:00:00,55.98970368084194
2024-03-11 17:00:00,52.32048065077227
2024-03-11 18:00:00,55.897919010330035
2024-03-11 19:00:00,195.31121613040852
2024-03-11 20:00:00,194.88913144825
2024-03-11 21:00:00,150.0150190148234
2024-03-11 22:00:00,189.6536322541111
2024-03-11 23:00:00,191.07522052816995
2024-03-12 00:00:00,180.22659862334066
2024-03-12 01:00:00,186.50387760812563
2024-03-12 02:00:00,199.7461428841167
2024-03-12 03:00:00,163.8734566421811
2024-03-12 04:00:00,205.542822844877
2024-03-12 05:00:00,184.05462503438042
2024-03-12 06:00:00,171.36473338207696
2024-03-12 07:00:00,190.4415854220772
2024-03-12 08:00:00,74.62766660515527
2024-03-12 09:00:00,67.53315695122798
2024-03-12 10:00:00,68.27530347416162
2024-03-12 11:00:00,60.69512614196262
2024-03-12 12:00:00,87.83970623288107
2024-03-12 13:00:00,56.962582518763085
2024-03-12 14:00:00,66.72046716852219
2024-03-12 15:00:00,67.25107170810018
2024-03-12 16:00:00,75.2053575963447
2024-03-12 17:00:00,67.89416184320724
2024-03-12 18:00:00,77.85798725613995
2024-03-12 19:00:00,180.15971526335736
2024-03-12 20:00:00,190.17749829877312
2024-03-12 21:00:00,208.78213092522918
2024-03-12 22:00:00,182.48472284082797
2024-03-12 23:00:00,197.1509803975354
2024-03-13 00:00:00,166.47890433749382
2024-03-13 01:00:00,164.35981238935125
2024-03-13 02:00:00,179.27309317998407
2024-03-13 03:00:00,157.9763864342657
2024-03-13 04:00:00,175.48938303156604
2024-03-13 05:00:00,208.36550887125665
2024-03-13 06:00:00,182.7695352909677
2024-03-13 07:00:00,211.07722741251388
2024-03-13 08:00:00,70.5377403283819
2024-03-13 09:00:00,88.78278866812192
2024-03-13 10:00:00,69.69237923203904
2024-03-13 11:00:00,78.84689407065642
2024-03-13 12:00:00,65.44079611263447
2024-03-13 13:00:00,65.13645752056792
2024-03-13 14:00:00,70.66974307789124
2024-03-13 15:00:00,66.06620306028545
2024-03-13 16:00:00,60.06710737504001
2024-03-13 17:00:00,68.01332252525214
2024-03-13 18:00:00,81.79853064005857
2024-03-13 19:00:00,195.18420440164738
2024-03-13 20:00:00,181.53785910669546
2024-03-13 21:00:00,177.42526952620315
2024-03-13 22:00:00,182.46297794945968
2024-03-13 23:00:00,182.1373548514353
2024-03-14 00:00:00,186.0871805191869
2024-03-14 01:00:00,200.90316327434334
2024-03-14 02:00:00,158.01431693236563
2024-03-14 03:00:00,185.77046443745036
2024-03-14 04:00:00,215.29686544840277
2024-03-14 05:00:00,180.4097049447323
2024-03-14 06:00:00,194.58018940066574
2024-03-14 07:00:00,178.15902751804018
2024-03-14 08:00:00,87.8428830583785
2024-03-14 09:00:00,60.29231387464681
2024-03-14 10:00:00,53.71446901878963
2024-03-14 11:00:00,56.63977122895011
2024-03-14 12:00:00,81.28532949202722
2024-03-14 13:00:00,73.25745241940686
2024-03-14 14:00:00,72.8568305237741
2024-03-14 15:00:00,72.32419530199326
2024-03-14 16:00:00,81.98358670783527
2024-03-14 17:00:00,81.26081309043158
2024-03-14 18:00:00,64.47164874523736
2024-03-14 19:00:00,192.5836709747261
2024-03-14 20:00:00,208.59065768892978
2024-03-14 21:00:00,183.53767311328917
2024-03-14 22:00:00,192.6681359676616
2024-03-14 23:00:00,172.85191226262634
2024-03-15 00:00:00,186.76398337925895
2024-03-15 01:00:00,202.7900360542553
2024-03-15 02:00:00,213.69003348579702
2024-03-15 03:00:00,196.81175526588933
2024-03-15 04:00:00,191.51221887482023
2024-03-15 05:00:00,187.24510338045008
2024-03-15 06:00:00,155.10032753509654
2024-03-15 07:00:00,178.8730046754191
2024-03-15 08:00:00,65.81447331508383
2024-03-15 09:00:00,55.303034427616275
2024-03-15 10:00:00,70.69390280663855
2024-03-15 11:00:00,75.20659223659374
2024-03-15 12:00:00,59.082111697298245
2024-03-15 13:00:00,68.40094531550545
2024-03-15 14:00:00,69.99572168227677
2024-03-15 15:00:00,77.93220018371925
2024-03-15 16:00:00,69.50076300148967
2024-03-15 17:00:00,77.98207031233193
2024-03-15 18:00:00,58.53698502499521
2024-03-15 19:00:00,165.11129738373236
2024-03-15 20:00:00,153.9043851666346
2024-03-15 21:00:00,175.4223506715385
2024-03-15 22:00:00,183.56274445555573
2024-03-15 23:00:00,179.52988825174987
2024-03-16 00:00:00,190.26458846963502
2024-03-16 01:00:00,185.7676557074478
2024-03-16 02:00:00,161.8024697082236
2024-03-16 03:00:00,188.95085335445322
2024-03-16 04:00:00,190.0880405671286
2024-03-16 05:00:00,176.24352520678605
2024-03-16 06:00:00,156.99399487920965
2024-03-16 07:00:00,197.79776220847288
2024-03-16 08:00:00,62.35492109202151
2024-03-16 09:00:00,69.56841583686594
2024-03-16 10:00:00,78.47974987194397
2024-03-16 11:00:00,86.0661460676704
2024-03-16 12:00:00,77.43315231253396
2024-03-16 13:00:00,62.293905478938434
2024-03-16 14:00:00,73.75055841222073
2024-03-16 15:00:00,53.20073605663322
2024-03-16 16:00:00,57.62374848200683
2024-03-16 17:00:00,63.218378481768696
2024-03-16 18:00:00,68.029925237166
2024-03-16 19:00:00,161.88069867255183
2024-03-16 20:00:00,171.53799250103685
2024-03-16 21:00:00,183.4979532498444
2024-03-16 22:00:00,182.8970338511075
2024-03-16 23:00:00,202.5106673418853
2024-03-17 00:00:00,191.95234626412042
2024-03-17 01:00:00,210.91919734807638
2024-03-17 02:00:00,186.23679920941734
2024-03-17 03:00:00,186.91689950897305
2024-03-17 04:00:00,185.06957746995354
2024-03-17 05:00:00,190.97283825043345
2024-03-17 06:00:00,171.3760893935338
2024-03-17 07:00:00,200.32005073841245
2024-03-17 08:00:00,51.899220713889356
2024-03-17 09:00:00,58.00582253758223
2024-03-17 10:00:00,59.904145759324656
2024-03-17 11:00:00,80.75090078987806
2024-03-17 12:00:00,71.03815102800752
2024-03-17 13:00:00,71.10410583476568
2024-03-17 14:00:00,59.17149200289457
2024-03-17 15:00:00,49.73195763251306
2024-03-17 16:00:00,71.61267127557997
2024-03-17 17:00:00,54.41853963972831
2024-03-17 18:00:00,69.89615156588023
2024-03-17 19:00:00,199.5029574661939
2024-03-17 20:00:00,183.50027883587921
2024-03-17 21:00:00,184.1930992163347
2024-03-17 22:00:00,172.377365046038
2024-03-17 23:00:00,193.78312584680896
2024-03-18 00:00:00,164.5709993768912
2024-03-18 01:00:00,170.0154623022179
2024-03-18 02:00:00,189.18717876962492
2024-03-18 03:00:00,182.02534923225275
2024-03-18 04:00:00,218.06611622988493
2024-03-18 05:00:00,186.2977631051229
2024-03-18 06:00:00,180.1670561447183
2024-03-18 07:00:00,188.7365075784695
2024-03-18 08:00:00,70.23412082012089
2024-03-18 09:00:00,60.61985072585178
2024-03-18 10:00:00,76.04061263198433
2024-03-18 11:00:00,86.45254235649844
2024-03-18 12:00:00,70.17951870490282
2024-03-18 13:00:00,61.08338747207544
2024-03-18 14:00:00,67.14748894241205
2024-03-18 15:00:00,82.49581228957749
2024-03-18 16:00:00,70.19744072646856
2024-03-18 17:00:00,72.78067760439227
2024-03-18 18:00:00,55.824441747873024
2024-03-18 19:00:00,188.35748592592086
2024-03-18 20:00:00,165.02134233902683
2024-03-18 21:00:00,176.38902485555195
2024-03-18 22:00:00,179.9224083666747
2024-03-18 23:00:00,164.13811451851373
2024-03-19 00:00:00,164.0905078272746
2024-03-19 01:00:00,213.22739821565395
2024-03-19 02:00:00,184.1616879211812
2024-03-19 03:00:00,178.21811494899944
2024-03-19 04:00:00,193.49032423681714
2024-03-19 05:00:00,169.97087602881317
2024-03-19 06:00:00,195.7050171640691
2024-03-19 07:00:00,206.8359584966313
2024-03-19 08:00:00,60.98615076439532
2024-03-19 09:00:00,70.03789306560508
2024-03-19 10:00:00,70.91931645517002
2024-03-19 11:00:00,59.190443742059
2024-03-19 12:00:00,54.94810091315499
2024-03-19 13:00:00,74.55321647252043
2024-03-19 14:00:00,66.44760730704782
2024-03-19 15:00:00,74.30540648415571
2024-03-19 16:00:00,59.06022884121768
2024-03-19 17:00:00,69.92993753132998
2024-03-19 18:00:00,83.30652675956702
2024-03-19 19:00:00,186.8475776181959
2024-03-19 20:00:00,160.0500382146791
2024-03-19 21:00:00,166.9496142060851
2024-03-19 22:00:00,199.3211968553873
2024-03-19 23:00:00,155.6655838910604
2024-03-20 00:00:00,170.92384419131517
2024-03-20 01:00:00,183.6383596845621
2024-03-20 02:00:00,184.34042715157318
2024-03-20 03:00:00,204.8198710484604
2024-03-20 04:00:00,176.67038073661033
2024-03-20 05:00:00,175.4034686457682
2024-03-20 06:00:00,198.14595318238355
2024-03-20 07:00:00,184.01269997562747
2024-03-20 08:00:00,73.73543952849838
2024-03-20 09:00:00,56.49652740402615
2024-03-20 10:00:00,82.91075917365814
2024-03-20 11:00:00,63.79897148361846
2024-03-20 12:00:00,67.39162889123563
2024-03-20 13:00:00,56.60708876290101
2024-03-20 14:00:00,61.170875091385
2024-03-20 15:00:00,68.64537758605684
2024-03-20 16:00:00,51.328533380037726
2024-03-20 17:00:00,69.2434012848293
2024-03-20 18:00:00,70.98979350239568
2024-03-20 19:00:00,159.80363059158753
2024-03-20 20:00:00,175.29347709020752
2024-03-20 21:00:00,166.2815264465118
2024-03-20 22:00:00,210.94095667014398
2024-03-20 23:00:00,211.98403285595393
2024-03-21 00:00:00,173.65046986421115
2024-03-21 01:00:00,169.29486464424681
2024-03-21 02:00:00,180.0913054722549
2024-03-21 03:00:00,182.55078096791138
2024-03-21 04:00:00,170.0171562041573
2024-03-21 05:00:00,197.26477961410183
2024-03-21 06:00:00,190.61532015091495
2024-03-21 07:00:00,177.94595643126678
2024-03-21 08:00:00,62.15913138001038
2024-03-21 09:00:00,64.1558741211832
2024-03-21 10:00:00,73.80792876537475
2024-03-21 11:00:00,72.00468966019167
2024-03-21 12:00:00,83.57850969628376
2024-03-21 13:00:00,67.47814050102133
2024-03-21 14:00:00,63.88013970620282
2024-03-21 15:00:00,63.663245471057635
2024-03-21 16:00:00,65.88774097678146
2024-03-21 17:00:00,75.39495663368547
2024-03-21 18:00:00,71.33209800522764
2024-03-21 19:00:00,185.62148176288466
2024-03-21 20:00:00,201.27837875839373
2024-03-21 21:00:00,189.9608973766999
2024-03-21 22:00:00,158.4829065994262
2024-03-21 23:00:00,186.76782282233495
2024-03-22 00:00:00,190.09170804641235
2024-03-22 01:00:00,159.1556739857619
2024-03-22 02:00:00,206.58467261792555
2024-03-22 03:00:00,173.44561725698696
2024-03-22 04:00:00,184.70940669524532
2024-03-22 05:00:00,188.23726158380094
2024-03-22 06:00:00,188.23600615019276
2024-03-22 07:00:00,156.19269643921533
2024-03-22 08:00:00,64.10671670296969
2024-03-22 09:00:00,78.41431316327683
2024-03-22 10:00:00,65.05794611233625
2024-03-22 11:00:00,60.932059030386384
2024-03-22 12:00:00,76.68890954824884
2024-03-22 13:00:00,69.88700812089573
2024-03-22 14:00:00,84.05062411518327
2024-03-22 15:00:00,60.37544167215323
2024-03-22 16:00:00,74.35582316197703
2024-03-22 17:00:00,64.73473032887469
2024-03-22 18:00:00,52.23244344642539
2024-03-22 19:00:00,195.095603691184
2024-03-22 20:00:00,190.7878016717833
2024-03-22 21:00:00,204.49737942020562
2024-03-22 22:00:00,177.16873222388574
2024-03-22 23:00:00,183.2410696996087
2024-03-23 00:00:00,184.21529844268554
2024-03-23 01:00:00,177.7045049937584
2024-03-23 02:00:00,164.7395354688664
2024-03-23 03:00:00,160.53067557324624
2024-03-23 04:00:00,166.80423509881655
2024-03-23 05:00:00,193.59564163039664
2024-03-23 06:00:00,179.09204324652825
2024-03-23 07:00:00,155.98364993947376
2024-03-23 08:00:00,72.51295289354147
2024-03-23 09:00:00,79.45372743509978
2024-03-23 10:00:00,65.66228539367313
2024-03-23 11:00:00,83.48927192094638
2024-03-23 12:00:00,82.9341414972578
2024-03-23 13:00:00,80.79236357929328
2024-03-23 14:00:00,65.13914364157645
2024-03-23 15:00:00,70.28847361846326
2024-03-23 16:00:00,87.61636062588906
2024-03-23 17:00:00,64.35117617832977
2024-03-23 18:00:00,70.24232157061249
2024-03-23 19:00:00,163.7044680063625
2024-03-23 20:00:00,168.94440613410046
2024-03-23 21:00:00,190.21027077580902
2024-03-23 22:00:00,165.98814768846188
2024-03-23 23:00:00,183.20679071210793
2024-03-24 00:00:00,194.56825487570987
2024-03-24 01:00:00,195.7966994071707
2024-03-24 02:00:00,175.9017137279208
2024-03-24 03:00:00,176.2431676596972
2024-03-24 04:00:00,207.89384541588186
2024-03-24 05:00:00,153.1262637649972
2024-03-24 06:00:00,161.43540221239
2024-03-24 07:00:00,172.7092128769906
2024-03-24 08:00:00,73.52539064288536
2024-03-24 09:00:00,81.22783081435239
2024-03-24 10:00:00,82.21003053846476
2024-03-24 11:00:00,58.062626121589005
2024-03-24 12:00:00,55.21612369832704
2024-03-24 13:00:00,59.019921324312236
2024-03-24 14:00:00,52.72489335459436
2024-03-24 15:00:00,82.635896624316
2024-03-24 16:00:00,85.28897773115983
2024-03-24 17:00:00,76.17342219790217
2024-03-24 18:00:00,68.08208174523412
2024-03-24 19:00:00,178.06588007421215
2024-03-24 20:00:00,161.1187693832873
2024-03-24 21:00:00,164.21930721260213
2024-03-24 22:00:00,198.79595237525388
2024-03-24 23:00:00,215.07800458351494
2024-03-25 00:00:00,184.3359557902836
2024-03-25 01:00:00,196.50412595469132
2024-03-25 02:00:00,181.1435394545421
2024-03-25 03:00:00,178.61925668600057
2024-03-25 04:00:00,187.67533874253903
2024-03-25 05:00:00,190.39735090629824
2024-03-25 06:00:00,199.21338687895206
2024-03-25 07:00:00,191.34782621706108
2024-03-25 08:00:00,71.75347986189293
2024-03-25 09:00:00,80.4943447030887
2024-03-25 10:00:00,73.89825594023984
2024-03-25 11:00:00,58.85423530258802
2024-03-25 12:00:00,57.10891461183944
2024-03-25 13:00:00,68.81621193544484
2024-03-25 14:00:00,62.544473648314785
2024-03-25 15:00:00,62.80475014658364
2024-03-25 16:00:00,58.578064953864995
2024-03-25 17:00:00,82.91979449415501
2024-03-25 18:00:00,78.323850574549
2024-03-25 19:00:00,182.76175939008863
2024-03-25 20:00:00,156.3773162645425
2024-03-25 21:00:00,158.30880664392998
2024-03-25 22:00:00,189.95815544305725
2024-03-25 23:00:00,184.18195504480076
2024-03-26 00:00:00,191.13290423918465
2024-03-26 01:00:00,181.6855849468801
2024-03-26 02:00:00,182.77685871702755
2024-03-26 03:00:00,192.0513240182852
2024-03-26 04:00:00,191.9575860198508
2024-03-26 05:00:00,182.0665242044334
2024-03-26 06:00:00,172.62786553847002
2024-03-26 07:00:00,179.20921381121713
2024-03-26 08:00:00,60.21748687668361
2024-03-26 09:00:00,75.81946825202408
2024-03-26 10:00:00,53.61625683465884
2024-03-26 11:00:00,63.62844346856636
2024-03-26 12:00:00,72.29884958271899
2024-03-26 13:00:00,63.33926042816291
2024-03-26 14:00:00,81.22449472949172
2024-03-26 15:00:00,76.67080800083738
2024-03-26 16:00:00,61.49141823151544
2024-03-26 17:00:00,68.35945630361152
2024-03-26 18:00:00,62.72511768558765
2024-03-26 19:00:00,185.26339360997926
2024-03-26 20:00:00,195.897672939328
2024-03-26 21:00:00,160.15480682180123
2024-03-26 22:00:00,154.123953611306
2024-03-26 23:00:00,171.42407028853916
2024-03-27 00:00:00,180.50058964328238
2024-03-27 01:00:00,180.64994031088406
2024-03-27 02:00:00,183.9670549563476
2024-03-27 03:00:00,183.18423222891263
2024-03-27 04:00:00,164.86257516601702
2024-03-27 05:00:00,190.2768843105301
2024-03-27 06:00:00,204.2136151244087
2024-03-27 07:00:00,169.94846986046866
2024-03-27 08:00:00,62.98297442095122
2024-03-27 09:00:00,69.53663223712238
2024-03-27 10:00:00,59.14133654963842
2024-03-27 11:00:00,58.4293064191566
2024-03-27 12:00:00,61.44687123374913
2024-03-27 13:00:00,63.808451140512545
2024-03-27 14:00:00,63.12700384028706
2024-03-27 15:00:00,64.29867835944512
2024-03-27 16:00:00,61.605426586970694
2024-03-27 17:00:00,57.88164955612647
2024-03-27 18:00:00,75.48158054250005
2024-03-27 19:00:00,189.9380182698041
2024-03-27 20:00:00,172.0356837662148
2024-03-27 21:00:00,176.0726777688986
2024-03-27 22:00:00,176.4458292470007
2024-03-27 23:00:00,192.36848902783663
2024-03-28 00:00:00,167.11335994731706
2024-03-28 01:00:00,196.45447077430617
2024-03-28 02:00:00,179.18076855344162
2024-03-28 03:00:00,174.61802807899275
2024-03-28 04:00:00,184.44279054428688
2024-03-28 05:00:00,179.4881518348481
2024-03-28 06:00:00,177.52019369189247
2024-03-28 07:00:00,181.01998130827386
2024-03-28 08:00:00,55.5347335430371
2024-03-28 09:00:00,83.23229151492333
2024-03-28 10:00:00,57.02888493774621
2024-03-28 11:00:00,84.69197588596097
2024-03-28 12:00:00,65.67107690507187
2024-03-28 13:00:00,54.235911650790456
2024-03-28 14:00:00,66.65587848608926
2024-03-28 15:00:00,64.45391138960747
2024-03-28 16:00:00,74.23996692002345
2024-03-28 17:00:00,66.1059889634592
2024-03-28 18:00:00,53.18064738826683
2024-03-28 19:00:00,201.3867658464967
2024-03-28 20:00:00,174.48397778954094
2024-03-28 21:00:00,203.20662632933949
2024-03-28 22:00:00,182.97479637937482
2024-03-28 23:00:00,203.9539794197748
2024-03-29 00:00:00,189.2007859727805
2024-03-29 01:00:00,165.8876937374073
2024-03-29 02:00:00,185.9043581929805
2024-03-29 03:00:00,185.03738356654978
2024-03-29 04:00:00,193.33581926357704
2024-03-29 05:00:00,165.2591247520808
2024-03-29 06:00:00,159.62615544012385
2024-03-29 07:00:00,185.81847457944616
2024-03-29 08:00:00,74.40172584658723
2024-03-29 09:00:00,77.807720140211
2024-03-29 10:00:00,60.22319376178127
2024-03-29 11:00:00,82.23310735717072
2024-03-29 12:00:00,59.20711220948161
2024-03-29 13:00:00,83.62605191625781
2024-03-29 14:00:00,84.23412186815472
2024-03-29 15:00:00,68.54236062356883
2024-03-29 16:00:00,78.85741169240589
2024-03-29 17:00:00,57.48857496120402
2024-03-29 18:00:00,79.02856525965831
2024-03-29 19:00:00,191.59025967873356
2024-03-29 20:00:00,155.5047899186667
2024-03-29 21:00:00,174.51904735276457
2024-03-29 22:00:00,186.36413232883706
2024-03-29 23:00:00,191.8866219135515
2024-03-30 00:00:00,195.671696233595
2024-03-30 01:00:00,176.258106988541
2024-03-30 02:00:00,177.0554834909595
2024-03-30 03:00:00,165.4448580434663
2024-03-30 04:00:00,163.09191324102278
2024-03-30 05:00:00,191.48275888985037
2024-03-30 06:00:00,185.2538723777437
2024-03-30 07:00:00,187.8794486675157
2024-03-30 08:00:00,69.80506575473157
2024-03-30 09:00:00,63.57082120443901
2024-03-30 10:00:00,69.52171485586013
2024-03-30 11:00:00,65.75131946000855
2024-03-30 12:00:00,63.38552242240803
2024-03-30 13:00:00,80.74600777843445
2024-03-30 14:00:00,75.63398160545249
2024-03-30 15:00:00,77.51937471085549
2024-03-30 16:00:00,81.57484407325275
2024-03-30 17:00:00,50.36290106263121
2024-03-30 18:00:00,76.14384570176499
2024-03-30 19:00:00,181.30140529193176
2024-03-30 20:00:00,190.78460356801236
2024-03-30 21:00:00,156.7425480786839
2024-03-30 22:00:00,171.77859069989063
2024-03-30 23:00:00,171.78386219834087
2024-03-31 00:00:00,175.91796074591386
2024-03-31 01:00:00,189.1122230767661
2024-03-31 02:00:00,210.84715091531262
2024-03-31 03:00:00,158.68020154002497
2024-03-31 04:00:00,166.23252888792007
2024-03-31 05:00:00,157.8481333074381
2024-03-31 06:00:00,207.7840033278914
2024-03-31 07:00:00,213.15747654454037
2024-03-31 08:00:00,60.435665097820575
2024-03-31 09:00:00,82.84933511084606
2024-03-31 10:00:00,76.98433408549542
2024-03-31 11:00:00,61.47251566889257
2024-03-31 12:00:00,82.61250948174293
2024-03-31 13:00:00,74.5312151679716
2024-03-31 14:00:00,82.80997861928577
2024-03-31 15:00:00,65.27655282705024
2024-03-31 16:00:00,70.65647269579537
2024-03-31 17:00:00,69.50920827014441
2024-03-31 18:00:00,68.00141045156391
2024-03-31 19:00:00,165.10880670710213
2024-03-31 20:00:00,183.83502087582534
2024-03-31 21:00:00,179.23001169608915
2024-03-31 22:00:00,195.29402218961712
2024-03-31 23:00:00,158.83400909646141
2024-04-01 00:00:00,185.15473743035506
2024-04-01 01:00:00,198.95449598821548
2024-04-01 02:00:00,164.26741598177932
2024-04-01 03:00:00,186.3794175642858
2024-04-01 04:00:00,201.47187078511638
2024-04-01 05:00:00,165.12993224853994
2024-04-01 06:00:00,184.79031126964765
2024-04-01 07:00:00,188.49433432709304
2024-04-01 08:00:00,64.61266637679927
2024-04-01 09:00:00,76.44608293187103
2024-04-01 10:00:00,76.69760231244793
2024-04-01 11:00:00,62.61204944914223
2024-04-01 12:00:00,48.969357922999436
2024-04-01 13:00:00,81.77052320693664
2024-04-01 14:00:00,84.44769586078971
2024-04-01 15:00:00,59.55561496437416
2024-04-01 16:00:00,78.5706543225315
2024-04-01 17:00:00,85.52001158470574
2024-04-01 18:00:00,59.05056400474871
2024-04-01 19:00:00,202.38372049048908
2024-04-01 20:00:00,178.5887769238487
2024-04-01 21:00:00,171.78868194360277
2024-04-01 22:00:00,179.50810486079934
2024-04-01 23:00:00,199.27270471654145
2024-04-02 00:00:00,165.24247831523675
2024-04-02 01:00:00,177.0361553169483
2024-04-02 02:00:00,184.4294622502259
2024-04-02 03:00:00,191.95519080222516
2024-04-02 04:00:00,174.85217149810993
2024-04-02 05:00:00,160.40471497303557
2024-04-02 06:00:00,185.48554698881208
2024-04-02 07:00:00,207.06749511684777
2024-04-02 08:00:00,77.78995585884886
2024-04-02 09:00:00,71.62829030538283
2024-04-02 10:00:00,74.20295900028866
2024-04-02 11:00:00,69.75158027378004
2024-04-02 12:00:00,84.80992265930236
2024-04-02 13:00:00,64.85434753717924
2024-04-02 14:00:00,68.38231451162486
2024-04-02 15:00:00,84.20458826726382
2024-04-02 16:00:00,73.40545017575258
2024-04-02 17:00:00,54.56111232561206
2024-04-02 18:00:00,59.208242602038275
2024-04-02 19:00:00,185.20802758874038
2024-04-02 20:00:00,185.00065397256998
2024-04-02 21:00:00,191.3639160242996
2024-04-02 22:00:00,178.71951545788198
2024-04-02 23:00:00,198.89835833408256
2024-04-03 00:00:00,202.26313019460508
2024-04-03 01:00:00,208.32478513229523
2024-04-03 02:00:00,174.11659809048905
2024-04-03 03:00:00,149.72547643205732
2024-04-03 04:00:00,195.8206076628975
2024-04-03 05:00:00,177.64606497299985
2024-04-03 06:00:00,164.95492882285518
2024-04-03 07:00:00,158.45449416653986
2024-04-03 08:00:00,72.81680843341435
2024-04-03 09:00:00,61.039346213130585
2024-04-03 10:00:00,65.90682177041084
2024-04-03 11:00:00,76.40438599721479
2024-04-03 12:00:00,65.4190091408085
2024-04-03 13:00:00,73.13669666218723
2024-04-03 14:00:00,78.4315073584934
2024-04-03 15:00:00,85.61597776352856
2024-04-03 16:00:00,62.47516841514523
2024-04-03 17:00:00,53.44873623962485
2024-04-03 18:00:00,70.43513172504592
2024-04-03 19:00:00,184.06212058050903
2024-04-03 20:00:00,216.25173031339756
2024-04-03 21:00:00,171.24537133459222
2024-04-03 22:00:00,199.3732492891129
2024-04-03 23:00:00,190.4884913309015
2024-04-04 00:00:00,210.19302589977923
2024-04-04 01:00:00,196.43426264823407
2024-04-04 02:00:00,159.99046143340317
2024-04-04 03:00:00,176.95284711883758
2024-04-04 04:00:00,192.58553544523102
2024-04-04 05:00:00,165.9761620615101
2024-04-04 06:00:00,172.85494193738032
2024-04-04 07:00:00,176.59245935674468
2024-04-04 08:00:00,75.63909487850172
2024-04-04 09:00:00,56.24908655289971
2024-04-04 10:00:00,56.2814099095456
2024-04-04 11:00:00,76.48253804433884
2024-04-04 12:00:00,86.28341928177576
2024-04-04 13:00:00,49.76410840152786
2024-04-04 14:00:00,73.81134460325802
2024-04-04 15:00:00,56.94680768893369
2024-04-04 16:00:00,73.30965493930404
2024-04-04 17:00:00,74.3066032784705
2024-04-04 18:00:00,62.374356462584615
2024-04-04 19:00:00,170.49118706005834
2024-04-04 20:00:00,183.30270189597877
2024-04-04 21:00:00,188.33600314143683
2024-04-04 22:00:00,179.71567537445802
2024-04-04 23:00:00,169.64888824375566
2024-04-05 00:00:00,215.74907154218374
2024-04-05 01:00:00,170.73173705768983
2024-04-05 02:00:00,188.57950878594377
2024-04-05 03:00:00,181.505309016966
2024-04-05 04:00:00,165.74807470703658
2024-04-05 05:00:00,176.89898813339897
2024-04-05 06:00:00,193.67244062700547
2024-04-05 07:00:00,177.6752378095332
2024-04-05 08:00:00,71.72056539152868
2024-04-05 09:00:00,54.11800995365431
2024-04-05 10:00:00,60.69402617001269
2024-04-05 11:00:00,56.06369507752258
2024-04-05 12:00:00,67.24277770007504
2024-04-05 13:00:00,80.48743821874434
2024-04-05 14:00:00,67.57063991672351
2024-04-05 15:00:00,67.0704197222012
2024-04-05 16:00:00,79.23758629662797
2024-04-05 17:00:00,60.15201184942492
2024-04-05 18:00:00,79.22231412210465
2024-04-05 19:00:00,197.05202321885298
2024-04-05 20:00:00,218.45203433754006
2024-04-05 21:00:00,164.51646820097017
2024-04-05 22:00:00,180.20024083684325
2024-04-05 23:00:00,201.91893547566974
2024-04-06 00:00:00,180.95216191521303
2024-04-06 01:00:00,177.2900752106793
2024-04-06 02:00:00,213.93096297827725
2024-04-06 03:00:00,188.1871372094692
2024-04-06 04:00:00,163.7315163899232
2024-04-06 05:00:00,162.35816145854903
2024-04-06 06:00:00,151.19120072992604
2024-04-06 07:00:00,147.61763992828122
2024-04-06 08:00:00,56.405642537205225
2024-04-06 09:00:00,77.98291186864293
2024-04-06 10:00:00,68.46728369269003
2024-04-06 11:00:00,74.78902097789768
2024-04-06 12:00:00,63.536512859016284
2024-04-06 13:00:00,76.50897903249165
2024-04-06 14:00:00,79.52148021405473
2024-04-06 15:00:00,89.62255886532074
2024-04-06 16:00:00,64.82611430029854
2024-04-06 17:00:00,79.00472947684308
2024-04-06 18:00:00,65.1807264413882
2024-04-06 19:00:00,180.49089240656463
2024-04-06 20:00:00,172.76823594638157
2024-04-06 21:00:00,184.72422349841565
2024-04-06 22:00:00,172.34947663203158
2024-04-06 23:00:00,169.97866561402077
2024-04-07 00:00:00,162.41882171033745
2024-04-07 01:00:00,201.14753651772384
2024-04-07 02:00:00,199.16195138337974
2024-04-07 03:00:00,185.57158409645243
2024-04-07 04:00:00,194.63966232707
2024-04-07 05:00:00,165.85560648964673
2024-04-07 06:00:00,189.33649818374522
2024-04-07 07:00:00,212.15064335085572
2024-04-07 08:00:00,64.87708674104475
2024-04-07 09:00:00,59.303376406292294
2024-04-07 10:00:00,64.55400766402431
2024-04-07 11:00:00,79.12833542581248
2024-04-07 12:00:00,55.967344446749806
2024-04-07 13:00:00,65.91330418075441
2024-04-07 14:00:00,65.80508803957025
2024-04-07 15:00:00,71.40430061164841
2024-04-07 16:00:00,79.92919219905967
2024-04-07 17:00:00,72.1048349420828
2024-04-07 18:00:00,79.30774125592366
2024-04-07 19:00:00,192.88520210141053
2024-04-07 20:00:00,189.5122212007587
2024-04-07 21:00:00,152.96738063589783
2024-04-07 22:00:00,192.14045435781173
2024-04-07 23:00:00,172.41319762133494
2024-04-08 00:00:00,193.53746484500724
2024-04-08 01:00:00,157.4917839251452
2024-04-08 02:00:00,175.62010567625515
2024-04-08 03:00:00,173.34929779809974
2024-04-08 04:00:00,168.4060068221848
2024-04-08 05:00:00,157.26942996566248
2024-04-08 06:00:00,169.81169618020235
2024-04-08 07:00:00,185.79877900847265
2024-04-08 08:00:00,71.60122796623637
2024-04-08 09:00:00,69.20551903282808
2024-04-08 10:00:00,76.95668064123113
2024-04-08 11:00:00,72.87675307180035
2024-04-08 12:00:00,70.67180419786709
2024-04-08 13:00:00,62.16072870867562
2024-04-08 14:00:00,74.66884685748008
2024-04-08 15:00:00,67.00638824579138
2024-04-08 16:00:00,75.79194782430739
2024-04-08 17:00:00,82.64978768667916
2024-04-08 18:00:00,68.10441695048259
2024-04-08 19:00:00,160.1625384035078
2024-04-08 20:00:00,207.0382764455897
2024-04-08 21:00:00,174.53759367903425
2024-04-08 22:00:00,188.88825550955636
2024-04-08 23:00:00,210.30272366507268
2024-04-09 00:00:00,171.5385397477222
2024-04-09 01:00:00,154.59606707854675
2024-04-09 02:00:00,177.6109802833285
2024-04-09 03:00:00,181.90889454169852
2024-04-09 04:00:00,210.62083299921483
2024-04-09 05:00:00,152.8311775208503
2024-04-09 06:00:00,194.18043881277174
2024-04-09 07:00:00,174.7300482704014
2024-04-09 08:00:00,79.19940828538115
2024-04-09 09:00:00,70.63458639005279
2024-04-09 10:00:00,77.36776198758828
2024-04-09 11:00:00,80.6404851627267
2024-04-09 12:00:00,58.694684520686536
2024-04-09 13:00:00,86.13601502009485
2024-04-09 14:00:00,64.49664140339274
2024-04-09 15:00:00,80.19876093373182
2024-04-09 16:00:00,82.58359727404854
2024-04-09 17:00:00,68.42490289355746
2024-04-09 18:00:00,73.07713666412295
2024-04-09 19:00:00,199.79344323182954
2024-04-09 20:00:00,192.2669422795165
2024-04-09 21:00:00,199.2316304231665
2024-04-09 22:00:00,150.5357539728945
2024-04-09 23:00:00,203.903102034315
2024-04-10 00:00:00,165.4419123020737
2024-04-10 01:00:00,179.1683423404208
2024-04-10 02:00:00,182.98238293784692
2024-04-10 03:00:00,170.3899047549448
2024-04-10 04:00:00,173.57399303255085
2024-04-10 05:00:00,184.683291459422
2024-04-10 06:00:00,166.91190426869252
2024-04-10 07:00:00,196.33710572645543
2024-04-10 08:00:00,64.49488765746223
2024-04-10 09:00:00,57.68585967845398
2024-04-10 10:00:00,56.20097738638411
2024-04-10 11:00:00,62.1279030956355
2024-04-10 12:00:00,66.60936255649315
2024-04-10 13:00:00,75.09260374649105
2024-04-10 14:00:00,57.320911085104576
2024-04-10 15:00:00,70.18641658619643
2024-04-10 16:00:00,55.60608813291461
2024-04-10 17:00:00,66.0262397395899
2024-04-10 18:00:00,64.31295581205796
2024-04-10 19:00:00,170.40003170846478
2024-04-10 20:00:00,170.88845475562866
2024-04-10 21:00:00,209.5007099549174
2024-04-10 22:00:00,192.26317892223426
2024-04-10 23:00:00,189.09419826401032
2024-04-11 00:00:00,181.49751190183173
2024-04-11 01:00:00,194.19101983214227
2024-04-11 02:00:00,171.69025009662573
2024-04-11 03:00:00,157.4683661294589
2024-04-11 04:00:00,193.7398283146993
2024-04-11 05:00:00,189.72596366425728
2024-04-11 06:00:00,173.14907249323645
2024-04-11 07:00:00,180.61120481495487
2024-04-11 08:00:00,55.619038952480864
2024-04-11 09:00:00,50.37565384942505
2024-04-11 10:00:00,79.74537390143728
2024-04-11 11:00:00,77.24075782022645
2024-04-11 12:00:00,67.35628230866918
2024-04-11 13:00:00,78.0490519961455
2024-04-11 14:00:00,81.3797315501339
2024-04-11 15:00:00,58.440117062914105
2024-04-11 16:00:00,66.28190844079248
2024-04-11 17:00:00,71.36220206781667
2024-04-11 18:00:00,56.75242899418813
2024-04-11 19:00:00,188.25082019517944
2024-04-11 20:00:00,208.6480941485818
2024-04-11 21:00:00,216.7475676540367
2024-04-11 22:00:00,170.04919172052655
2024-04-11 23:00:00,181.90527747582382
2024-04-12 00:00:00,169.49006957326225
2024-04-12 01:00:00,186.55919824894843
2024-04-12 02:00:00,180.33095234023585
2024-04-12 03:00:00,204.45924947253272
2024-04-12 04:00:00,167.13343587084617
2024-04-12 05:00:00,160.29616200849367
2024-04-12 06:00:00,194.8577218115281
2024-04-12 07:00:00,193.73934815300896
2024-04-12 08:00:00,55.668542733879036
2024-04-12 09:00:00,72.2790072155338
2024-04-12 10:00:00,62.75463467345056
2024-04-12 11:00:00,73.26024650931227
2024-04-12 12:00:00,65.72062127568168
2024-04-12 13:00:00,59.111222655258736
2024-04-12 14:00:00,69.96202306861193
2024-04-12 15:00:00,60.18827644455091
2024-04-12 16:00:00,84.22527711631707
2024-04-12 17:00:00,88.98104966844969
2024-04-12 18:00:00,55.81083371513296
2024-04-12 19:00:00,202.89207011516118
2024-04-12 20:00:00,201.16141050904704
2024-04-12 21:00:00,155.72390767890354
2024-04-12 22:00:00,180.30940062963452
2024-04-12 23:00:00,199.74247032374006
2024-04-13 00:00:00,202.49084824302753
2024-04-13 01:00:00,178.10125049032982
2024-04-13 02:00:00,151.64879903451504
2024-04-13 03:00:00,186.31181803962403
2024-04-13 04:00:00,209.5601327712521
2024-04-13 05:00:00,207.21355546310878
2024-04-13 06:00:00,181.12428990058353
2024-04-13 07:00:00,197.10807053468096
2024-04-13 08:00:00,62.981366840403275
2024-04-13 09:00:00,63.273258053303294
2024-04-13 10:00:00,81.66969554942071
2024-04-13 11:00:00,67.52130017386276
2024-04-13 12:00:00,68.95073931118353
2024-04-13 13:00:00,70.8787267275451
2024-04-13 14:00:00,68.04076188629234
2024-04-13 15:00:00,77.47362370637825
2024-04-13 16:00:00,62.929169597670594
2024-04-13 17:00:00,75.06354682343698
2024-04-13 18:00:00,79.29026061728723
2024-04-13 19:00:00,167.86151531904312
2024-04-13 20:00:00,184.255762282036
2024-04-13 21:00:00,167.42787358027834
2024-04-13 22:00:00,185.2100474773813
2024-04-13 23:00:00,192.55614319840976
2024-04-14 00:00:00,203.59724416713564
2024-04-14 01:00:00,184.74350451013157
2024-04-14 02:00:00,195.69070018880743
2024-04-14 03:00:00,191.60165211141856
2024-04-14 04:00:00,180.7594363443207
2024-04-14 05:00:00,185.7671891641787
2024-04-14 06:00:00,176.5297911343249
2024-04-14 07:00:00,166.7884083050883
2024-04-14 08:00:00,71.51807659430688
2024-04-14 09:00:00,70.217025651895
2024-04-14 10:00:00,67.57788953771602
2024-04-14 11:00:00,55.25516275648188
2024-04-14 12:00:00,62.62551252323435
2024-04-14 13:00:00,76.96069243902554
2024-04-14 14:00:00,77.4461394825536
2024-04-14 15:00:00,65.06942159221305
2024-04-14 16:00:00,63.67103350824759
2024-04-14 17:00:00,85.6612631757194
2024-04-14 18:00:00,72.83738094997096
2024-04-14 19:00:00,168.5173214932009
2024-04-14 20:00:00,179.2422973512126
2024-04-14 21:00:00,207.44638841988143
2024-04-14 22:00:00,189.35362831107074
2024-04-14 23:00:00,182.36171146904283
2024-04-15 00:00:00,186.25802223339144
2024-04-15 01:00:00,156.24287601536906
2024-04-15 02:00:00,204.38976249654618
2024-04-15 03:00:00,204.61774416266553
2024-04-15 04:00:00,186.1248764421244
2024-04-15 05:00:00,218.68371708417976
2024-04-15 06:00:00,194.8051901335602
2024-04-15 07:00:00,186.45415637494457
2024-04-15 08:00:00,55.99636496092523
2024-04-15 09:00:00,81.2198191146802
2024-04-15 10:00:00,65.24964246538795
2024-04-15 11:00:00,65.63869652744229
2024-04-15 12:00:00,72.05817651199533
2024-04-15 13:00:00,54.02552121985083
2024-04-15 14:00:00,54.637375956461526
2024-04-15 15:00:00,61.349566445951126
2024-04-15 16:00:00,74.85541990929148
2024-04-15 17:00:00,66.56170556925346
2024-04-15 18:00:00,64.66854324864761
2024-04-15 19:00:00,201.60629165368428
2024-04-15 20:00:00,166.81634687224616
2024-04-15 21:00:00,161.05227619186388
2024-04-15 22:00:00,158.621573179707
2024-04-15 23:00:00,159.98070826268489
2024-04-16 00:00:00,157.63017424016869
2024-04-16 01:00:00,184.68076892355202
2024-04-16 02:00:00,187.6965404779547
2024-04-16 03:00:00,183.7856078556116
2024-04-16 04:00:00,174.31273827948604
2024-04-16 05:00:00,204.3602178081755
2024-04-16 06:00:00,178.18155028676128
2024-04-16 07:00:00,169.3687944395972
2024-04-16 08:00:00,69.53816366726264
2024-04-16 09:00:00,71.12317764782046
2024-04-16 10:00:00,71.00173119380783
2024-04-16 11:00:00,71.7231142360352
2024-04-16 12:00:00,65.63452385351502
2024-04-16 13:00:00,63.78932366211789
2024-04-16 14:00:00,58.89271980678057
2024-04-16 15:00:00,64.61269216793592
2024-04-16 16:00:00,79.28053758423609
2024-04-16 17:00:00,72.85756718828416
2024-04-16 18:00:00,72.9136721997054
2024-04-16 19:00:00,168.41088608449294
2024-04-16 20:00:00,159.50478364940267
2024-04-16 21:00:00,155.43787118764382
2024-04-16 22:00:00,182.63750084719112
2024-04-16 23:00:00,198.74918906232614
2024-04-17 00:00:00,176.38086830822186
2024-04-17 01:00:00,167.72588615765727
2024-04-17 02:00:00,199.04075038972758
2024-04-17 03:00:00,206.44470799290673
2024-04-17 04:00:00,198.20560759469424
2024-04-17 05:00:00,190.8808740523329
2024-04-17 06:00:00,172.05572471648225
2024-04-17 07:00:00,182.97809857683916
2024-04-17 08:00:00,66.96893942354109
2024-04-17 09:00:00,72.92706633779216
2024-04-17 10:00:00,61.08188316053982
2024-04-17 11:00:00,59.196127970423845
2024-04-17 12:00:00,71.65021005502321
2024-04-17 13:00:00,62.457103680468435
2024-04-17 14:00:00,81.97996484014516
2024-04-17 15:00:00,56.72125873247294
2024-04-17 16:00:00,76.66491058486322
2024-04-17 17:00:00,53.12358880889687
2024-04-17 18:00:00,67.69406602538396
2024-04-17 19:00:00,183.8104328343822
2024-04-17 20:00:00,167.96176013435218
2024-04-17 21:00:00,156.61575995926756
2024-04-17 22:00:00,188.30005069067974
2024-04-17 23:00:00,217.730367299278
2024-04-18 00:00:00,191.02835938186678
2024-04-18 01:00:00,171.23030016249126
2024-04-18 02:00:00,196.9221145366219
2024-04-18 03:00:00,148.5580850794497
2024-04-18 04:00:00,167.06476494492472
2024-04-18 05:00:00,151.95614033943076
2024-04-18 06:00:00,211.9037913541605
2024-04-18 07:00:00,184.10784255517672
2024-04-18 08:00:00,79.17663097979036
2024-04-18 09:00:00,56.694381248969236
2024-04-18 10:00:00,83.90756043816553
2024-04-18 11:00:00,80.0981689883115
2024-04-18 12:00:00,70.27478143533283
2024-04-18 13:00:00,66.59924217731823
2024-04-18 14:00:00,59.72634417698528
2024-04-18 15:00:00,78.38962917937907
2024-04-18 16:00:00,73.54596910103622
2024-04-18 17:00:00,69.2982118315538
2024-04-18 18:00:00,80.09755723371805
2024-04-18 19:00:00,162.3171857170372
2024-04-18 20:00:00,198.38539432538312
2024-04-18 21:00:00,196.7180390183039
2024-04-18 22:00:00,181.48788267954944
2024-04-18 23:00:00,158.48360671788464
2024-04-19 00:00:00,173.6752609741168
2024-04-19 01:00:00,189.22512972789366
2024-04-19 02:00:00,179.16585835861054
2024-04-19 03:00:00,168.57070204961605
2024-04-19 04:00:00,186.2014675122273
2024-04-19 05:00:00,144.56171523088477
2024-04-19 06:00:00,153.5365440903841
2024-04-19 07:00:00,194.70529795708603
2024-04-19 08:00:00,69.36085182399364
2024-04-19 09:00:00,57.46863939603003
2024-04-19 10:00:00,64.69243544264182
2024-04-19 11:00:00,78.39090437468894
2024-04-19 12:00:00,77.59498291726344
2024-04-19 13:00:00,56.95126205634172
2024-04-19 14:00:00,69.23538201999007
2024-04-19 15:00:00,71.38039264735427
2024-04-19 16:00:00,61.15734128910533
2024-04-19 17:00:00,71.67524326996403
2024-04-19 18:00:00,55.657951529492124
2024-04-19 19:00:00,209.67400396267143
2024-04-19 20:00:00,153.4996514723337
2024-04-19 21:00:00,168.34644966111227
2024-04-19 22:00:00,189.02395605316462
2024-04-19 23:00:00,184.70086911175656
2024-04-20 00:00:00,179.74513479158014
2024-04-20 01:00:00,162.39169798638565
2024-04-20 02:00:00,187.84648496031548
2024-04-20 03:00:00,189.1275423085999
2024-04-20 04:00:00,173.08970630288192
2024-04-20 05:00:00,180.05650137179546
2024-04-20 06:00:00,210.69416137493016
2024-04-20 07:00:00,198.11119905074713
2024-04-20 08:00:00,61.32703458160957
2024-04-20 09:00:00,62.90286841640837
2024-04-20 10:00:00,62.55673311349635
2024-04-20 11:00:00,67.62428378634104
2024-04-20 12:00:00,64.33851182607958
2024-04-20 13:00:00,82.61290904764353
2024-04-20 14:00:00,69.55047885701775
2024-04-20 15:00:00,67.46910783456293
2024-04-20 16:00:00,85.32572414563461
2024-04-20 17:00:00,78.4554374603187
2024-04-20 18:00:00,67.77728162038116
2024-04-20 19:00:00,202.38706205462097
2024-04-20 20:00:00,173.8512509395722
2024-04-20 21:00:00,188.29981142467471
2024-04-20 22:00:00,185.8797391865661
2024-04-20 23:00:00,203.10777613448536
2024-04-21 00:00:00,185.76459927228473
2024-04-21 01:00:00,152.92850409501617
2024-04-21 02:00:00,175.8612106960525
2024-04-21 03:00:00,176.80434226106087
2024-04-21 04:00:00,185.29621069447518
2024-04-21 05:00:00,170.02193810282478
2024-04-21 06:00:00,166.10679716674508
2024-04-21 07:00:00,190.66595771784114
2024-04-21 08:00:00,59.26788551749354
2024-04-21 09:00:00,59.437776941002134
2024-04-21 10:00:00,55.16377633531088
2024-04-21 11:00:00,79.0623489140463
2024-04-21 12:00:00,84.66859769361164
2024-04-21 13:00:00,69.11661991405876
2024-04-21 14:00:00,66.9058746447075
2024-04-21 15:00:00,62.24590664342008
2024-04-21 16:00:00,84.03277927600162
2024-04-21 17:00:00,78.43996208189701
2024-04-21 18:00:00,77.34047792862256
2024-04-21 19:00:00,199.38129374450597
2024-04-21 20:00:00,180.02213452518066
2024-04-21 21:00:00,172.65136941261974
2024-04-21 22:00:00,206.9951903618923
2024-04-21 23:00:00,199.4985601188984
2024-04-22 00:00:00,153.13685456251167
2024-04-22 01:00:00,187.29696921989347
2024-04-22 02:00:00,178.0576380945119
2024-04-22 03:00:00,190.23980420002783
2024-04-22 04:00:00,210.81178393118114
2024-04-22 05:00:00,186.24519080947658
2024-04-22 06:00:00,165.17885111522503
2024-04-22 07:00:00,180.44988066585523
2024-04-22 08:00:00,66.37732011673232
2024-04-22 09:00:00,71.94044298176368
2024-04-22 10:00:00,67.36788343187158
2024-04-22 11:00:00,64.15158409132309
2024-04-22 12:00:00,74.71694610975432
2024-04-22 13:00:00,69.34017170327213
2024-04-22 14:00:00,67.53205202011598
2024-04-22 15:00:00,66.27608371314153
2024-04-22 16:00:00,54.77456995570664
2024-04-22 17:00:00,75.38122399062877
2024-04-22 18:00:00,67.42457154764404
2024-04-22 19:00:00,175.89963712236283
2024-04-22 20:00:00,212.89129450331893
2024-04-22 21:00:00,187.02488779969875
2024-04-22 22:00:00,205.65842462066834
2024-04-22 23:00:00,164.80838284329374
2024-04-23 00:00:00,199.75169872864126
2024-04-23 01:00:00,172.90267690622986
2024-04-23 02:00:00,185.11697199111902
2024-04-23 03:00:00,160.2081727550059
2024-04-23 04:00:00,192.65881857456492
2024-04-23 05:00:00,152.9265758495005
2024-04-23 06:00:00,161.72818070218625
2024-04-23 07:00:00,181.72344890838372
2024-04-23 08:00:00,65.99226136729982
2024-04-23 09:00:00,76.57705170376528
2024-04-23 10:00:00,69.3523820359556
2024-04-23 11:00:00,71.59825525192831
2024-04-23 12:00:00,62.46801933108932
2024-04-23 13:00:00,67.95305710865577
2024-04-23 14:00:00,53.158600154776934
2024-04-23 15:00:00,69.19102315385584
2024-04-23 16:00:00,76.89724966009248
2024-04-23 17:00:00,66.62937057628011
2024-04-23 18:00:00,68.02291722229718
2024-04-23 19:00:00,190.1851895639769
2024-04-23 20:00:00,186.91157244032712
2024-04-23 21:00:00,159.00430596977932
2024-04-23 22:00:00,164.20560652531447
2024-04-23 23:00:00,197.40596185726804
2024-04-24 00:00:00,186.94450041633684
2024-04-24 01:00:00,192.46597462519875
2024-04-24 02:00:00,197.8781185608534
2024-04-24 03:00:00,158.02930046975234
2024-04-24 04:00:00,173.0461709905685
2024-04-24 05:00:00,169.78450784624846
2024-04-24 06:00:00,188.36935535085604
2024-04-24 07:00:00,174.16216569723625
2024-04-24 08:00:00,67.70087431531206
2024-04-24 09:00:00,58.64121997740124
2024-04-24 10:00:00,55.83607103462817
2024-04-24 11:00:00,75.32506583478155
2024-04-24 12:00:00,72.1528327616745
2024-04-24 13:00:00,62.35867942360622
2024-04-24 14:00:00,82.62582426029144
2024-04-24 15:00:00,69.639924434384
2024-04-24 16:00:00,66.20156370864663
2024-04-24 17:00:00,74.73292419552297
2024-04-24 18:00:00,58.72688173392543
2024-04-24 19:00:00,210.42652480209694
2024-04-24 20:00:00,184.4335656842565
2024-04-24 21:00:00,183.32154828000756
2024-04-24 22:00:00,177.2024412945539
2024-04-24 23:00:00,183.0129988377244
2024-04-25 00:00:00,190.11035072911983
2024-04-25 01:00:00,208.08227323385515
2024-04-25 02:00:00,192.29873109410764
2024-04-25 03:00:00,181.54452776694222
2024-04-25 04:00:00,153.51821813830122
2024-04-25 05:00:00,160.53929469152058
2024-04-25 06:00:00,197.46262010574583
2024-04-25 07:00:00,151.24405047966476
2024-04-25 08:00:00,73.86463641415338
2024-04-25 09:00:00,68.72566546535317
2024-04-25 10:00:00,72.96518426359324
2024-04-25 11:00:00,63.568681321497905
2024-04-25 12:00:00,81.65425220220507
2024-04-25 13:00:00,79.93350288866665
2024-04-25 14:00:00,74.25813934227443
2024-04-25 15:00:00,67.9355998370017
2024-04-25 16:00:00,81.79473259030401
2024-04-25 17:00:00,76.39490173804406
2024-04-25 18:00:00,60.11664292462023
2024-04-25 19:00:00,174.36109588676302
2024-04-25 20:00:00,185.75549486133394
2024-04-25 21:00:00,198.60349448367728
2024-04-25 22:00:00,179.0999391367393
2024-04-25 23:00:00,210.75880459245107
2024-04-26 00:00:00,182.52412830850278
2024-04-26 01:00:00,157.99561725580213
2024-04-26 02:00:00,185.2467479345051
2024-04-26 03:00:00,180.84784436387693
2024-04-26 04:00:00,194.60115366117688
2024-04-26 05:00:00,173.47473735466497
2024-04-26 06:00:00,194.48822046942212
2024-04-26 07:00:00,168.80851709465756
2024-04-26 08:00:00,86.47300927254368
2024-04-26 09:00:00,61.04872358809953
2024-04-26 10:00:00,77.0913745751336
2024-04-26 11:00:00,63.34175849604556
2024-04-26 12:00:00,70.5302245829303
2024-04-26 13:00:00,79.48066634638579
2024-04-26 14:00:00,48.259220444699935
2024-04-26 15:00:00,72.16900241457252
2024-04-26 16:00:00,56.08088000727845
2024-04-26 17:00:00,67.17025826352834
2024-04-26 18:00:00,63.86896203599469
2024-04-26 19:00:00,178.83593944161606
2024-04-26 20:00:00,172.14289231449868
2024-04-26 21:00:00,196.9676838218523
2024-04-26 22:00:00,198.33315173696138
2024-04-26 23:00:00,178.25927073249866
2024-04-27 00:00:00,201.71999538938525
2024-04-27 01:00:00,189.63338251818274
2024-04-27 02:00:00,193.61561365323132
2024-04-27 03:00:00,163.2578642667304
2024-04-27 04:00:00,157.7341065521506
2024-04-27 05:00:00,192.42869617378614
2024-04-27 06:00:00,183.94531070604592
2024-04-27 07:00:00,191.21755254666004
2024-04-27 08:00:00,79.11084898375975
2024-04-27 09:00:00,66.07886295543828
2024-04-27 10:00:00,71.26227791578759
2024-04-27 11:00:00,81.18602319503137
2024-04-27 12:00:00,75.47751411804734
2024-04-27 13:00:00,82.56573989573909
2024-04-27 14:00:00,63.52490709723603
2024-04-27 15:00:00,78.90005011113756
2024-04-27 16:00:00,61.401918119630494
2024-04-27 17:00:00,71.24639070667399
2024-04-27 18:00:00,64.90428648167477
2024-04-27 19:00:00,171.82714701616305
2024-04-27 20:00:00,203.48675756004877
2024-04-27 21:00:00,154.61304730733522
2024-04-27 22:00:00,215.923593357061
2024-04-27 23:00:00,195.60245848045076
2024-04-28 00:00:00,172.1292229678161
2024-04-28 01:00:00,158.56144901474323
2024-04-28 02:00:00,204.82311376916522
2024-04-28 03:00:00,164.66870771855935
2024-04-28 04:00:00,160.5091654848075
2024-04-28 05:00:00,165.12753132966924
2024-04-28 06:00:00,174.77988856362487
2024-04-28 07:00:00,183.39292948533597
2024-04-28 08:00:00,69.9516619391315
2024-04-28 09:00:00,61.12124528808282
2024-04-28 10:00:00,59.56225512764724
2024-04-28 11:00:00,85.08852523087273
2024-04-28 12:00:00,51.47896100296833
2024-04-28 13:00:00,62.82880605435011
2024-04-28 14:00:00,67.78288972401955
2024-04-28 15:00:00,63.76971100111049
2024-04-28 16:00:00,59.75706265267518
2024-04-28 17:00:00,82.47700288362739
2024-04-28 18:00:00,79.38185170371537
2024-04-28 19:00:00,181.7508623846722
2024-04-28 20:00:00,203.2174999768582
2024-04-28 21:00:00,203.43455361870411
2024-04-28 22:00:00,179.81072709006884
2024-04-28 23:00:00,195.69505294094301
2024-04-29 00:00:00,162.4300700147739
2024-04-29 01:00:00,213.2134153127651
2024-04-29 02:00:00,187.1241336311464
2024-04-29 03:00:00,149.7232474448828
2024-04-29 04:00:00,184.26620529465956
2024-04-29 05:00:00,167.1078883844754
2024-04-29 06:00:00,205.2032242277793
2024-04-29 07:00:00,159.56328588548422
2024-04-29 08:00:00,71.62227761664423
2024-04-29 09:00:00,66.3969215189583
2024-04-29 10:00:00,69.95994525512758
2024-04-29 11:00:00,60.3760679293106
2024-04-29 12:00:00,66.82392082340942
2024-04-29 13:00:00,67.03254312125253
2024-04-29 14:00:00,85.82687159550676
2024-04-29 15:00:00,53.088912048511254
2024-04-29 16:00:00,67.17265139107259
2024-04-29 17:00:00,68.81239182102468
2024-04-29 18:00:00,76.15142785060912
2024-04-29 19:00:00,203.0498070040985
2024-04-29 20:00:00,182.81072574280466
2024-04-29 21:00:00,154.1195272002186
2024-04-29 22:00:00,185.7611025111941
2024-04-29 23:00:00,165.19199781424484
2024-04-30 00:00:00,166.93351553980972
2024-04-30 01:00:00,177.1459182563633
2024-04-30 02:00:00,193.2495182866125
2024-04-30 03:00:00,155.29246651488458
2024-04-30 04:00:00,175.65276023512294
2024-04-30 05:00:00,209.13978137662875
2024-04-30 06:00:00,166.76712441868722
2024-04-30 07:00:00,172.89131249392148
2024-04-30 08:00:00,56.84239967913558
2024-04-30 09:00:00,60.455567989328806
2024-04-30 10:00:00,60.63713000969764
2024-04-30 11:00:00,86.44328080880948
2024-04-30 12:00:00,66.57610254467241
2024-04-30 13:00:00,74.42869767272532
2024-04-30 14:00:00,61.948353468585935
2024-04-30 15:00:00,84.9190551414643
2024-04-30 16:00:00,76.62618579817979
2024-04-30 17:00:00,78.04695062566464
2024-04-30 18:00:00,78.06083237107612
2024-04-30 19:00:00,165.75915424157208
2024-04-30 20:00:00,183.93239108244143
2024-04-30 21:00:00,182.62379618601915
2024-04-30 22:00:00,157.42616758792974
2024-04-30 23:00:00,154.65553027224604
2024-05-01 00:00:00,203.01731335796504
2024-05-01 01:00:00,170.36824937088764
2024-05-01 02:00:00,151.7348168499891
2024-05-01 03:00:00,170.38186140942545
2024-05-01 04:00:00,206.39827634525216
2024-05-01 05:00:00,181.3191052366134
2024-05-01 06:00:00,194.99500520474777
2024-05-01 07:00:00,162.68330827339923
2024-05-01 08:00:00,75.25535427408835
2024-05-01 09:00:00,69.13245923037422
2024-05-01 10:00:00,69.87606359892087
2024-05-01 11:00:00,55.60603434222375
2024-05-01 12:00:00,78.20844187165179
2024-05-01 13:00:00,61.18077877626816
2024-05-01 14:00:00,70.09388487949039
2024-05-01 15:00:00,74.5952323174051
2024-05-01 16:00:00,67.51643380933791
2024-05-01 17:00:00,75.39343557939861
2024-05-01 18:00:00,70.100424871253
2024-05-01 19:00:00,173.0298625383809
2024-05-01 20:00:00,180.8739679318565
2024-05-01 21:00:00,167.4323126096213
2024-05-01 22:00:00,188.36034568704372
2024-05-01 23:00:00,202.9199829053625
2024-05-02 00:00:00,164.89479584086445
2024-05-02 01:00:00,192.61595479040716
2024-05-02 02:00:00,156.3520855737871
2024-05-02 03:00:00,186.70152722443885
2024-05-02 04:00:00,179.55674703810578
2024-05-02 05:00:00,184.8720261933879
2024-05-02 06:00:00,171.83070940055077
2024-05-02 07:00:00,161.96729784937997
2024-05-02 08:00:00,47.873210919724215
2024-05-02 09:00:00,72.86624962819181
2024-05-02 10:00:00,67.29273105309929
2024-05-02 11:00:00,70.90442331490843
2024-05-02 12:00:00,74.39882269432505
2024-05-02 13:00:00,75.41298797740896
2024-05-02 14:00:00,74.74414755238045
2024-05-02 15:00:00,60.4913938663225
2024-05-02 16:00:00,76.79901745341465
2024-05-02 17:00:00,73.92283585189875
2024-05-02 18:00:00,62.09963615060546
2024-05-02 19:00:00,176.3326557490778
2024-05-02 20:00:00,171.47524470971706
2024-05-02 21:00:00,178.41491653470075
2024-05-02 22:00:00,165.30636964207036
2024-05-02 23:00:00,164.07759691549802
2024-05-03 00:00:00,191.64143149485
2024-05-03 01:00:00,166.49169238026232
2024-05-03 02:00:00,155.3436639178508
2024-05-03 03:00:00,172.27409140553033
2024-05-03 04:00:00,180.0980644520149
2024-05-03 05:00:00,187.12176038464162
2024-05-03 06:00:00,175.34430300834907
2024-05-03 07:00:00,164.54638420403273
2024-05-03 08:00:00,79.75433706981548
2024-05-03 09:00:00,71.37556117018192
2024-05-03 10:00:00,69.11375896446489
2024-05-03 11:00:00,68.29841734237645
2024-05-03 12:00:00,57.432695622565696
2024-05-03 13:00:00,77.37725565900124
2024-05-03 14:00:00,63.57987871734096
2024-05-03 15:00:00,66.55881835903378
2024-05-03 16:00:00,79.39753553026665
2024-05-03 17:00:00,63.676568620251594
2024-05-03 18:00:00,60.56536531224329
2024-05-03 19:00:00,184.61184433601056
2024-05-03 20:00:00,153.50091451278632
2024-05-03 21:00:00,167.43658057582326
2024-05-03 22:00:00,174.60803829835152
2024-05-03 23:00:00,199.1351837081863
2024-05-04 00:00:00,200.42423915776627
2024-05-04 01:00:00,197.02300781718927
2024-05-04 02:00:00,185.40125778151173
2024-05-04 03:00:00,198.0125000614657
2024-05-04 04:00:00,179.76328461235508
2024-05-04 05:00:00,177.28341961699113
2024-05-04 06:00:00,180.56864148752572
2024-05-04 07:00:00,182.7662384427752
2024-05-04 08:00:00,67.50397677634831
2024-05-04 09:00:00,66.83296122982108
2024-05-04 10:00:00,60.72300569165675
2024-05-04 11:00:00,61.58767928747767
2024-05-04 12:00:00,57.34208765921871
2024-05-04 13:00:00,80.73865475604572
2024-05-04 14:00:00,68.65916317873328
2024-05-04 15:00:00,58.999954115259136
2024-05-04 16:00:00,58.8862449810947
2024-05-04 17:00:00,61.313225290012326
2024-05-04 18:00:00,76.82114823000305
2024-05-04 19:00:00,217.1868623596395
2024-05-04 20:00:00,167.14816365657975
2024-05-04 21:00:00,198.99933256817326
2024-05-04 22:00:00,173.8125824383513
2024-05-04 23:00:00,175.47664003533544
2024-05-05 00:00:00,164.79547906639326
2024-05-05 01:00:00,186.20027992963654
2024-05-05 02:00:00,182.91864378442972
2024-05-05 03:00:00,166.58299267448064
2024-05-05 04:00:00,175.95510669290007
2024-05-05 05:00:00,193.67314161750687
2024-05-05 06:00:00,180.91577006560865
2024-05-05 07:00:00,155.90913927246777
2024-05-05 08:00:00,63.87183065044466
2024-05-05 09:00:00,72.09244524061947
2024-05-05 10:00:00,83.74556441225633
2024-05-05 11:00:00,63.83880914570487
2024-05-05 12:00:00,79.82456629009681
2024-05-05 13:00:00,67.62443603390514
2024-05-05 14:00:00,59.36855145614561
2024-05-05 15:00:00,69.56302712628772
2024-05-05 16:00:00,59.68650771337705
2024-05-05 17:00:00,75.35780488590345
2024-05-05 18:00:00,68.55046313657525
2024-05-05 19:00:00,169.55369553255986
2024-05-05 20:00:00,197.54893814687267
2024-05-05 21:00:00,166.07043835130852
2024-05-05 22:00:00,181.4925548069412
2024-05-05 23:00:00,193.59984706299423
2024-05-06 00:00:00,35.6797437833048
2024-05-06 01:00:00,47.56832575190942
2024-05-06 02:00:00,37.651418359836626
2024-05-06 03:00:00,48.15063829747181
2024-05-06 04:00:00,33.4561016764254
2024-05-06 05:00:00,44.87238812384814
2024-05-06 06:00:00,37.44465970115973
2024-05-06 07:00:00,47.76098769745619
2024-05-06 08:00:00,35.59058001024977
2024-05-06 09:00:00,41.851126900776634
2024-05-06 10:00:00,38.76191247506694
2024-05-06 11:00:00,43.781688925999575
2024-05-06 12:00:00,35.247878912638235
2024-05-06 13:00:00,42.38756587570101
2024-05-06 14:00:00,38.513520063581154
2024-05-06 15:00:00,38.50314002582692
2024-05-06 16:00:00,41.9137599434081
2024-05-06 17:00:00,37.57120215164352
2024-05-06 18:00:00,44.45380164832791
2024-05-06 19:00:00,47.36211685785664
2024-05-06 20:00:00,41.91080490158249
2024-05-06 21:00:00,39.40117047116287
2024-05-06 22:00:00,41.32546138062649
2024-05-06 23:00:00,33.66519458499152
2024-05-07 00:00:00,42.90634806815032
2024-05-07 01:00:00,30.135564389708648
2024-05-07 02:00:00,45.44185487694378
2024-05-07 03:00:00,43.6740793210128
2024-05-07 04:00:00,48.3332000486692
2024-05-07 05:00:00,45.90654415213328
2024-05-07 06:00:00,35.58947686690128
2024-05-07 07:00:00,37.289495946184665
2024-05-07 08:00:00,36.186334110745676
2024-05-07 09:00:00,43.459711305758574
2024-05-07 10:00:00,31.76123094350128
2024-05-07 11:00:00,40.543774152084666
2024-05-07 12:00:00,48.78950892752833
2024-05-07 13:00:00,40.188067900992536
2024-05-07 14:00:00,36.42127721552417
2024-05-07 15:00:00,37.34538658399995
2024-05-07 16:00:00,44.05105347972608
2024-05-07 17:00:00,49.839469723345545
2024-05-07 18:00:00,32.12631074343277
2024-05-07 19:00:00,47.619205112042835
2024-05-07 20:00:00,42.62369516866728
2024-05-07 21:00:00,31.461592580651388
2024-05-07 22:00:00,45.61312810293229
2024-05-07 23:00:00,47.58390489878809
2024-05-08 00:00:00,46.96718333128902
2024-05-08 01:00:00,42.102699708490626
2024-05-08 02:00:00,38.57001019663015
2024-05-08 03:00:00,34.820850901495625
2024-05-08 04:00:00,31.878375955811467
2024-05-08 05:00:00,46.48635214205606
2024-05-08 06:00:00,42.64455942590524
2024-05-08 07:00:00,41.29107312178304
2024-05-08 08:00:00,45.2517793736002
2024-05-08 09:00:00,47.66169158288106
2024-05-08 10:00:00,42.39159222854009
2024-05-08 11:00:00,38.90770510352832
2024-05-08 12:00:00,46.23279509733861
2024-05-08 13:00:00,31.080712859779048
2024-05-08 14:00:00,48.10834621782422
2024-05-08 15:00:00,39.505419816432905
2024-05-08 16:00:00,37.76471538769714
2024-05-08 17:00:00,33.030791642177974
2024-05-08 18:00:00,39.08253194349854
2024-05-08 19:00:00,32.87482001257003
2024-05-08 20:00:00,43.42052631619622
2024-05-08 21:00:00,45.22208054057675
2024-05-08 22:00:00,46.16574018367247
2024-05-08 23:00:00,40.42073045632914
2024-05-09 00:00:00,32.60193591011887
2024-05-09 01:00:00,32.22988460935765
2024-05-09 02:00:00,48.85896499929959
2024-05-09 03:00:00,44.059156019549384
2024-05-09 04:00:00,30.90650273980479
2024-05-09 05:00:00,46.62423473172083
2024-05-09 06:00:00,34.04714052824771
2024-05-09 07:00:00,42.66003643120316
2024-05-09 08:00:00,43.73122993639696
2024-05-09 09:00:00,35.669979322823735
2024-05-09 10:00:00,44.109603270753965
2024-05-09 11:00:00,47.93187457338934
2024-05-09 12:00:00,41.66281959785476
2024-05-09 13:00:00,32.99552310373391
2024-05-09 14:00:00,48.36043827558531
2024-05-09 15:00:00,49.495180950896035
2024-05-09 16:00:00,39.728327568027495
2024-05-09 17:00:00,48.59445245792763
2024-05-09 18:00:00,34.97946468058619
2024-05-09 19:00:00,46.884811427484664
2024-05-09 20:00:00,35.452123607004765
2024-05-09 21:00:00,43.11743471105274
2024-05-09 22:00:00,37.93986693950741
2024-05-09 23:00:00,33.646888281010014
2024-05-10 00:00:00,33.667971208876196
2024-05-10 01:00:00,32.58722073499907
2024-05-10 02:00:00,30.35958093143192
2024-05-10 03:00:00,38.77980640147774
2024-05-10 04:00:00,41.111402892451636
2024-05-10 05:00:00,41.830891431273315
2024-05-10 06:00:00,36.552934592795225
2024-05-10 07:00:00,45.16258494991003
2024-05-10 08:00:00,36.21589644156526
2024-05-10 09:00:00,39.288644791210935
2024-05-10 10:00:00,33.06612217830554
2024-05-10 11:00:00,46.388326519126906
2024-05-10 12:00:00,44.2748054828194
2024-05-10 13:00:00,31.240139325602428
2024-05-10 14:00:00,35.865260237236036
2024-05-10 15:00:00,43.725094024543154
2024-05-10 16:00:00,37.63438411598554
2024-05-10 17:00:00,43.23488754631663
2024-05-10 18:00:00,47.538525940425586
2024-05-10 19:00:00,39.858942948036386
2024-05-10 20:00:00,48.52040813829565
2024-05-10 21:00:00,47.71539543717398
2024-05-10 22:00:00,31.95010595196883
2024-05-10 23:00:00,35.61396052804348
2024-05-11 00:00:00,34.062441600813884
2024-05-11 01:00:00,48.0999915447876
2024-05-11 02:00:00,38.40589143816638
2024-05-11 03:00:00,49.90061435655366
2024-05-11 04:00:00,35.24179323565917
2024-05-11 05:00:00,34.461787697622725
2024-05-11 06:00:00,46.301589418237484
2024-05-11 07:00:00,47.053183907338294
2024-05-11 08:00:00,36.54963072495484
2024-05-11 09:00:00,36.90265449943159
2024-05-11 10:00:00,39.5122802145007
2024-05-11 11:00:00,37.9989453670049
2024-05-11 12:00:00,30.21063003573051
2024-05-11 13:00:00,45.600526121978504
2024-05-11 14:00:00,44.46971802233816
2024-05-11 15:00:00,37.61977265703372
2024-05-11 16:00:00,39.88522558939833
2024-05-11 17:00:00,38.522555178568766
2024-05-11 18:00:00,49.95895332582742
2024-05-11 19:00:00,38.23253195633397
2024-05-11 20:00:00,33.05216368918295
2024-05-11 21:00:00,44.98387118195601
2024-05-11 22:00:00,40.35438388952773
2024-05-11 23:00:00,49.60328605063668
2024-05-12 00:00:00,30.903207339693925
2024-05-12 01:00:00,30.146141324971836
2024-05-12 02:00:00,43.42029812537439
2024-05-12 03:00:00,31.215068969405444
2024-05-12 04:00:00,44.5109103213199
2024-05-12 05:00:00,44.63628835939372
2024-05-12 06:00:00,35.356195154751866
2024-05-12 07:00:00,48.391431857421004
2024-05-12 08:00:00,45.76080672979177
2024-05-12 09:00:00,40.09429267233966
2024-05-12 10:00:00,49.994969425994555
2024-05-12 11:00:00,41.437883758505016
2024-05-12 12:00:00,41.99953875562569
2024-05-12 13:00:00,40.27287521513965
2024-05-12 14:00:00,37.58555807907
2024-05-12 15:00:00,38.37310788599865
2024-05-12 16:00:00,47.445429836512936
2024-05-12 17:00:00,32.61737392733947
2024-05-12 18:00:00,41.442591003740446
2024-05-12 19:00:00,35.186331807474474
2024-05-12 20:00:00,46.29847466889469
2024-05-12 21:00:00,46.180962751608604
2024-05-12 22:00:00,47.21778323738042
2024-05-12 23:00:00,49.625282884444516
2024-05-13 00:00:00,33.5969766652954
2024-05-13 01:00:00,45.24377669228453
2024-05-13 02:00:00,44.68381231928529
2024-05-13 03:00:00,49.36396855056992
2024-05-13 04:00:00,31.73893028457213
2024-05-13 05:00:00,39.82291024049143
2024-05-13 06:00:00,42.8180217435108
2024-05-13 07:00:00,37.28055357314267
2024-05-13 08:00:00,34.276247855479326
2024-05-13 09:00:00,44.660521977306715
2024-05-13 10:00:00,39.07201130124169
2024-05-13 11:00:00,30.78751643780545
2024-05-13 12:00:00,41.53640474372817
2024-05-13 13:00:00,32.729062599491755
2024-05-13 14:00:00,47.793831560438264
2024-05-13 15:00:00,45.89532708140008
2024-05-13 16:00:00,31.189809230818028
2024-05-13 17:00:00,41.40006954548868
2024-05-13 18:00:00,37.39793142941126
2024-05-13 19:00:00,32.75041966926249
2024-05-13 20:00:00,39.17129007252023
2024-05-13 21:00:00,41.48702588759007
2024-05-13 22:00:00,41.263759742544465
2024-05-13 23:00:00,39.80173292696897
2024-05-14 00:00:00,43.89226626103121
2024-05-14 01:00:00,45.35137117110318
2024-05-14 02:00:00,38.53822898532402
2024-05-14 03:00:00,32.58749131917368
2024-05-14 04:00:00,34.30322702572711
2024-05-14 05:00:00,39.51774725690533
2024-05-14 06:00:00,35.870744532172125
2024-05-14 07:00:00,33.73757543293304
2024-05-14 08:00:00,40.43346606055731
2024-05-14 09:00:00,32.92879068313967
2024-05-14 10:00:00,44.466046521144726
2024-05-14 11:00:00,39.444480984744004
2024-05-14 12:00:00,36.289927928061395
2024-05-14 13:00:00,34.64629745577207
2024-05-14 14:00:00,36.681580682287105
2024-05-14 15:00:00,34.307249549962506
2024-05-14 16:00:00,36.4086429557527
2024-05-14 17:00:00,30.6329739182992
2024-05-14 18:00:00,42.981877893590564
2024-05-14 19:00:00,37.70736943534486
2024-05-14 20:00:00,37.24374967325762
2024-05-14 21:00:00,33.54436345206669
2024-05-14 22:00:00,38.58533759820754
2024-05-14 23:00:00,38.47898896176811
2024-05-15 00:00:00,43.288086565000086
2024-05-15 01:00:00,39.74509976432998
2024-05-15 02:00:00,47.63589275119428
2024-05-15 03:00:00,30.5337311188368
2024-05-15 04:00:00,44.808935895011956
2024-05-15 05:00:00,34.460917281497046
2024-05-15 06:00:00,45.38242222631891
2024-05-15 07:00:00,48.824906738345845
2024-05-15 08:00:00,30.642921196243755
2024-05-15 09:00:00,36.43452029438082
2024-05-15 10:00:00,46.76071863129349
2024-05-15 11:00:00,30.360295667128838
2024-05-15 12:00:00,42.922399487664826
2024-05-15 13:00:00,48.909176509950754
2024-05-15 14:00:00,43.02667627879356
2024-05-15 15:00:00,37.13155189653679
2024-05-15 16:00:00,45.35877230810785
2024-05-15 17:00:00,49.87656824894606
2024-05-15 18:00:00,32.93516894391819
2024-05-15 19:00:00,31.58577758868593
2024-05-15 20:00:00,30.631388312478947
2024-05-15 21:00:00,49.483988612544046
2024-05-15 22:00:00,40.04915318362326
2024-05-15 23:00:00,44.80221126588251
2024-05-16 00:00:00,46.94801332165147
2024-05-16 01:00:00,49.43311996291066
2024-05-16 02:00:00,33.308135845404635
2024-05-16 03:00:00,32.35202490480177
2024-05-16 04:00:00,39.748727290259474
2024-05-16 05:00:00,35.20252504146009
2024-05-16 06:00:00,38.6584143761993
2024-05-16 07:00:00,36.046205614964414
2024-05-16 08:00:00,34.85383028208945
2024-05-16 09:00:00,38.74435792955242
2024-05-16 10:00:00,35.37365294514629
2024-05-16 11:00:00,36.43821572461821
2024-05-16 12:00:00,45.97047820713216
2024-05-16 13:00:00,36.099211362015275
2024-05-16 14:00:00,47.63203976329852
2024-05-16 15:00:00,35.40128780978772
2024-05-16 16:00:00,47.68771223979546
2024-05-16 17:00:00,47.11056362717346
2024-05-16 18:00:00,47.985429158588445
2024-05-16 19:00:00,41.14887050457467
2024-05-16 20:00:00,46.8245363169826
2024-05-16 21:00:00,33.1716526928387
2024-05-16 22:00:00,30.99476041374328
2024-05-16 23:00:00,39.73185775012315
2024-05-17 00:00:00,41.68700708572743
2024-05-17 01:00:00,30.813542605891293
2024-05-17 02:00:00,42.7040834844663
2024-05-17 03:00:00,46.54800290234658
2024-05-17 04:00:00,48.02126140582084
2024-05-17 05:00:00,38.96754461207691
2024-05-17 06:00:00,37.921147211170144
2024-05-17 07:00:00,34.069256374279675
2024-05-17 08:00:00,42.46304182732318
2024-05-17 09:00:00,37.59622549812332
2024-05-17 10:00:00,42.50770166637946
2024-05-17 11:00:00,33.755845058578835
2024-05-17 12:00:00,42.18944411133663
2024-05-17 13:00:00,45.41075985886364
2024-05-17 14:00:00,47.40233251112983
2024-05-17 15:00:00,39.914232386480435
2024-05-17 16:00:00,37.828581006362406
2024-05-17 17:00:00,41.30994375543452
2024-05-17 18:00:00,33.74967690686839
2024-05-17 19:00:00,47.16503782621295
2024-05-17 20:00:00,38.67142350168658
2024-05-17 21:00:00,49.428120979089556
2024-05-17 22:00:00,38.35748519121026
2024-05-17 23:00:00,30.474133421591894
2024-05-18 00:00:00,38.06904281646778
2024-05-18 01:00:00,35.10603307960716
2024-05-18 02:00:00,36.38091582426128
2024-05-18 03:00:00,47.56334487481696
2024-05-18 04:00:00,46.00575283276861
2024-05-18 05:00:00,48.23153918814269
2024-05-18 06:00:00,44.18189548354694
2024-05-18 07:00:00,39.8192016445062
2024-05-18 08:00:00,33.27748235608141
2024-05-18 09:00:00,33.8296012454161
2024-05-18 10:00:00,48.54268361733638
2024-05-18 11:00:00,41.35555090688052
2024-05-18 12:00:00,38.255301228079816
2024-05-18 13:00:00,41.61697761021873
2024-05-18 14:00:00,47.93766338162776
2024-05-18 15:00:00,38.592644526066344
2024-05-18 16:00:00,44.22432935618275
2024-05-18 17:00:00,41.69211992381307
2024-05-18 18:00:00,47.19289383010367
2024-05-18 19:00:00,42.29129569819252
2024-05-18 20:00:00,42.18160743240965
2024-05-18 21:00:00,35.28748738106451
2024-05-18 22:00:00,31.11496988159495
2024-05-18 23:00:00,40.67604235841377
2024-05-19 00:00:00,31.125053973439996
2024-05-19 01:00:00,48.47751886821354
2024-05-19 02:00:00,36.09640078414438
2024-05-19 03:00:00,44.68271554090089
2024-05-19 04:00:00,46.18821402223831
2024-05-19 05:00:00,39.416818165496
2024-05-19 06:00:00,35.85038649299412
2024-05-19 07:00:00,45.05926783081114
2024-05-19 08:00:00,30.5722399484276
2024-05-19 09:00:00,46.85050869873152
2024-05-19 10:00:00,38.39560210923483
2024-05-19 11:00:00,47.45068602960738
2024-05-19 12:00:00,48.27712571823588
2024-05-19 13:00:00,43.832242472037606
2024-05-19 14:00:00,33.975322100485926
2024-05-19 15:00:00,48.797556181710696
2024-05-19 16:00:00,33.457408700429085
2024-05-19 17:00:00,38.29683194267805
2024-05-19 18:00:00,35.228728054348394
2024-05-19 19:00:00,43.50079093484487
2024-05-19 20:00:00,46.68769079926598
2024-05-19 21:00:00,48.74954844447146
2024-05-19 22:00:00,37.966597441180454
2024-05-19 23:00:00,42.00933951224665
2024-05-20 00:00:00,47.151166948685955
2024-05-20 01:00:00,34.696414173217335
2024-05-20 02:00:00,49.289789158552196
2024-05-20 03:00:00,45.851289087273734
2024-05-20 04:00:00,30.878758868464597
2024-05-20 05:00:00,38.67754170086521
2024-05-20 06:00:00,48.96167603494503
2024-05-20 07:00:00,43.27084072926378
2024-05-20 08:00:00,44.315367618833335
2024-05-20 09:00:00,36.86338356380034
2024-05-20 10:00:00,39.72356932348136
2024-05-20 11:00:00,46.73897463194986
2024-05-20 12:00:00,30.062646401284482
2024-05-20 13:00:00,43.552796385438036
2024-05-20 14:00:00,34.816539585853114
2024-05-20 15:00:00,47.200030313354674
2024-05-20 16:00:00,32.466624743030096
2024-05-20 17:00:00,31.732436869492453
2024-05-20 18:00:00,45.60903920845451
2024-05-20 19:00:00,44.11721588673183
2024-05-20 20:00:00,35.90531336264222
2024-05-20 21:00:00,33.70336504235248
2024-05-20 22:00:00,43.18512489793973
2024-05-20 23:00:00,35.24687397008445
2024-05-21 00:00:00,39.52307824742731
2024-05-21 01:00:00,32.932805816577286
2024-05-21 02:00:00,41.9426639578689
2024-05-21 03:00:00,44.66314289717798
2024-05-21 04:00:00,30.966104540591967
2024-05-21 05:00:00,30.420366020589235
2024-05-21 06:00:00,33.038690248027216
2024-05-21 07:00:00,34.19640385774334
2024-05-21 08:00:00,33.35977456777644
2024-05-21 09:00:00,48.25201686864969
2024-05-21 10:00:00,40.980323729024256
2024-05-21 11:00:00,34.26794260592246
2024-05-21 12:00:00,45.4240930988873
2024-05-21 13:00:00,41.43817180690675
2024-05-21 14:00:00,43.54174349217754
2024-05-21 15:00:00,41.14643098482503
2024-05-21 16:00:00,38.74940594557155
2024-05-21 17:00:00,46.47878964470584
2024-05-21 18:00:00,42.017159038480294
2024-05-21 19:00:00,47.294656936133805
2024-05-21 20:00:00,41.71643161058811
2024-05-21 21:00:00,44.85379032421507
2024-05-21 22:00:00,39.16201585305029
2024-05-21 23:00:00,48.756053445894395
2024-05-22 00:00:00,37.26761490978938
2024-05-22 01:00:00,47.094944952408525
2024-05-22 02:00:00,43.11719847271746
2024-05-22 03:00:00,32.212764623048
2024-05-22 04:00:00,30.40548007154365
2024-05-22 05:00:00,37.20339688487047
2024-05-22 06:00:00,48.249174894682355
2024-05-22 07:00:00,36.43592038416272
2024-05-22 08:00:00,36.009073149963164
2024-05-22 09:00:00,41.03550742466474
2024-05-22 10:00:00,45.915840149146234
2024-05-22 11:00:00,40.656400416888374
2024-05-22 12:00:00,36.458278766083886
2024-05-22 13:00:00,47.02671179329283
2024-05-22 14:00:00,30.364155390979917
2024-05-22 15:00:00,47.92288431150096
2024-05-22 16:00:00,38.15228498452821
2024-05-22 17:00:00,42.88039600323323
2024-05-22 18:00:00,36.030034582719146
2024-05-22 19:00:00,33.009088673178525
2024-05-22 20:00:00,35.06756355009554
2024-05-22 21:00:00,30.74306517948904
2024-05-22 22:00:00,36.11078302489284
2024-05-22 23:00:00,31.841848682493932
2024-05-23 00:00:00,32.14768028160257
2024-05-23 01:00:00,35.37903295165418
2024-05-23 02:00:00,39.80790109882537
2024-05-23 03:00:00,49.118209650041464
2024-05-23 04:00:00,44.344272297532356
2024-05-23 05:00:00,38.49973486802192
2024-05-23 06:00:00,37.29737583429639
2024-05-23 07:00:00,49.38935229263016
2024-05-23 08:00:00,33.48158034782056
2024-05-23 09:00:00,34.28641312471514
2024-05-23 10:00:00,38.1054020736754
2024-05-23 11:00:00,30.805727802048075
2024-05-23 12:00:00,43.055477608044285
2024-05-23 13:00:00,37.014374000099316
2024-05-23 14:00:00,49.03132932396697
2024-05-23 15:00:00,44.21823867534092
2024-05-23 16:00:00,41.5820666630335
2024-05-23 17:00:00,38.704293104485856
2024-05-23 18:00:00,35.46703287100267
2024-05-23 19:00:00,37.73573555704567
2024-05-23 20:00:00,43.49001160501285
2024-05-23 21:00:00,49.35432515026473
2024-05-23 22:00:00,35.43663267837907
2024-05-23 23:00:00,43.43362449801846
2024-05-24 00:00:00,46.78821277692626
2024-05-24 01:00:00,36.35479807555366
2024-05-24 02:00:00,32.4209498610189
2024-05-24 03:00:00,34.21413573110463
2024-05-24 04:00:00,38.018046081382224
2024-05-24 05:00:00,38.88570400096761
2024-05-24 06:00:00,39.158695554103645
2024-05-24 07:00:00,32.58665387726755
2024-05-24 08:00:00,36.292819167726634
2024-05-24 09:00:00,45.160345160211264
2024-05-24 10:00:00,38.832221557956636
2024-05-24 11:00:00,41.11215923689625
2024-05-24 12:00:00,42.71265631845857
2024-05-24 13:00:00,34.04457593189331
2024-05-24 14:00:00,41.03578351156311
2024-05-24 15:00:00,44.062870118323126
2024-05-24 16:00:00,42.48688161018837
2024-05-24 17:00:00,35.343533712526735
2024-05-24 18:00:00,48.932109199150176
2024-05-24 19:00:00,35.052490454333785
2024-05-24 20:00:00,39.921064016340736
2024-05-24 21:00:00,31.242675698296928
2024-05-24 22:00:00,31.361905024887164
2024-05-24 23:00:00,32.643523489881225
2024-05-25 00:00:00,33.46876369752928
2024-05-25 01:00:00,46.023672407210725
2024-05-25 02:00:00,33.82082608013735
2024-05-25 03:00:00,48.08844331714539
2024-05-25 04:00:00,45.4824551026979
2024-05-25 05:00:00,32.747682973005695
2024-05-25 06:00:00,45.231187801433094
2024-05-25 07:00:00,46.025601754642835
2024-05-25 08:00:00,35.129443570358916
2024-05-25 09:00:00,31.308179472514038
2024-05-25 10:00:00,30.364792500573543
2024-05-25 11:00:00,35.12285024261127
2024-05-25 12:00:00,35.81628056053776
2024-05-25 13:00:00,38.050787979393874
2024-05-25 14:00:00,47.16086676813051
2024-05-25 15:00:00,31.288668993573843
2024-05-25 16:00:00,49.695132282745064
2024-05-25 17:00:00,31.915640693037233
2024-05-25 18:00:00,32.17357321559749
2024-05-25 19:00:00,44.04949941056144
2024-05-25 20:00:00,35.8131232769814
2024-05-25 21:00:00,48.49324633008883
2024-05-25 22:00:00,32.75164928276543
2024-05-25 23:00:00,48.388946301066206
2024-05-26 00:00:00,44.67451459474462
2024-05-26 01:00:00,32.09065916371279
2024-05-26 02:00:00,43.92121293839123
2024-05-26 03:00:00,36.96487255790055
2024-05-26 04:00:00,42.48190519306636
2024-05-26 05:00:00,39.4685284442893
2024-05-26 06:00:00,34.08711724552239
2024-05-26 07:00:00,31.610419371849673
2024-05-26 08:00:00,38.00066731247632
2024-05-26 09:00:00,40.70873153664788
2024-05-26 10:00:00,46.47468496148525
2024-05-26 11:00:00,30.731501472182714
2024-05-26 12:00:00,45.90781318683079
2024-05-26 13:00:00,43.09925741291784
2024-05-26 14:00:00,36.63798871994508
2024-05-26 15:00:00,45.13550389309581
2024-05-26 16:00:00,48.03388474388413
2024-05-26 17:00:00,39.820769943743244
2024-05-26 18:00:00,45.98937584317203
2024-05-26 19:00:00,43.77839212059562
2024-05-26 20:00:00,41.92203704697181
2024-05-26 21:00:00,39.70323615079448
2024-05-26 22:00:00,39.51670049248579
2024-05-26 23:00:00,40.55404285847007
2024-05-27 00:00:00,30.93685388130512
2024-05-27 01:00:00,38.02801997761351
2024-05-27 02:00:00,46.63419394474971
2024-05-27 03:00:00,47.76776961620969
2024-05-27 04:00:00,41.83550096773866
2024-05-27 05:00:00,31.28319253235447
2024-05-27 06:00:00,42.667680781528
2024-05-27 07:00:00,35.344523480032414
2024-05-27 08:00:00,47.63605267695269
2024-05-27 09:00:00,48.49035696948596
2024-05-27 10:00:00,43.735763463885604
2024-05-27 11:00:00,37.70352549002107
2024-05-27 12:00:00,30.223895323111414
2024-05-27 13:00:00,30.835866434742798
2024-05-27 14:00:00,32.43604038369053
2024-05-27 15:00:00,37.15687515478852
2024-05-27 16:00:00,31.595456249503606
2024-05-27 17:00:00,48.16331401165816
2024-05-27 18:00:00,47.00889767894304
2024-05-27 19:00:00,45.22164199958432
2024-05-27 20:00:00,42.553359068539756
2024-05-27 21:00:00,41.08484712046383
2024-05-27 22:00:00,31.262936627845335
2024-05-27 23:00:00,38.482376471789514
2024-05-28 00:00:00,41.484320446551735
2024-05-28 01:00:00,44.87766575648168
2024-05-28 02:00:00,35.3908197457896
2024-05-28 03:00:00,45.74772454317594
2024-05-28 04:00:00,42.144714610279514
2024-05-28 05:00:00,46.62415070054727
2024-05-28 06:00:00,39.39034896584887
2024-05-28 07:00:00,42.74305181521281
2024-05-28 08:00:00,38.80014216953083
2024-05-28 09:00:00,44.37185207591405
2024-05-28 10:00:00,41.25925799906573
2024-05-28 11:00:00,44.34698770264638
2024-05-28 12:00:00,34.16106849891083
2024-05-28 13:00:00,46.541517175306
2024-05-28 14:00:00,30.795307869263375
2024-05-28 15:00:00,37.83474061523431
2024-05-28 16:00:00,37.765920797545974
2024-05-28 17:00:00,44.24866278405926
2024-05-28 18:00:00,47.138036430712894
2024-05-28 19:00:00,33.211111364316125
2024-05-28 20:00:00,32.40541540943359
2024-05-28 21:00:00,39.623867692319116
2024-05-28 22:00:00,42.51792658964375
2024-05-28 23:00:00,41.44563705685294
2024-05-29 00:00:00,48.25888286657827
2024-05-29 01:00:00,33.070914539106056
2024-05-29 02:00:00,38.5779489548046
2024-05-29 03:00:00,43.76473138855286
2024-05-29 04:00:00,43.06329728311235
2024-05-29 05:00:00,36.01527284174535
2024-05-29 06:00:00,39.7650343877187
2024-05-29 07:00:00,43.38146114700244
2024-05-29 08:00:00,35.419382706810325
2024-05-29 09:00:00,46.59118692193594
2024-05-29 10:00:00,32.48311209817999
2024-05-29 11:00:00,35.005886760106755
2024-05-29 12:00:00,32.156017523158994
2024-05-29 13:00:00,36.31228508398344
2024-05-29 14:00:00,39.66534422510929
2024-05-29 15:00:00,45.19705426085746
2024-05-29 16:00:00,40.05812924663637
2024-05-29 17:00:00,30.302623731262795
2024-05-29 18:00:00,31.281011727701898
2024-05-29 19:00:00,48.9952956607443
2024-05-29 20:00:00,37.24497326547652
2024-05-29 21:00:00,44.35043707753469
2024-05-29 22:00:00,34.180866462195254
2024-05-29 23:00:00,32.62014295181376
2024-05-30 00:00:00,43.909940247121696
2024-05-30 01:00:00,47.47897317524069
2024-05-30 02:00:00,40.981013244636294
2024-05-30 03:00:00,43.099507647409325
2024-05-30 04:00:00,49.827806101862535
2024-05-30 05:00:00,36.13345838170552
2024-05-30 06:00:00,30.82211651789134
2024-05-30 07:00:00,38.05417625536518
2024-05-30 08:00:00,40.630274686936616
2024-05-30 09:00:00,38.32692771960915
2024-05-30 10:00:00,31.337039478538813
2024-05-30 11:00:00,37.72847069062239
2024-05-30 12:00:00,30.48426933261142
2024-05-30 13:00:00,47.85765504764053
2024-05-30 14:00:00,48.37642845575204
2024-05-30 15:00:00,37.758268286158675
2024-05-30 16:00:00,37.89704853759099
2024-05-30 17:00:00,43.87979832945302
2024-05-30 18:00:00,44.07034029854459
2024-05-30 19:00:00,39.353716510062796
2024-05-30 20:00:00,32.8197948520451
2024-05-30 21:00:00,33.20318946886066
2024-05-30 22:00:00,32.57085705982733
2024-05-30 23:00:00,37.501682394078
2024-05-31 00:00:00,38.41668563667125
2024-05-31 01:00:00,30.626348582480443
2024-05-31 02:00:00,40.00480078937808
2024-05-31 03:00:00,33.621000771487964
2024-05-31 04:00:00,43.07870125242658
2024-05-31 05:00:00,31.99723046299961
2024-05-31 06:00:00,33.657624454973416
2024-05-31 07:00:00,38.81643614431404
2024-05-31 08:00:00,35.41989565152733
2024-05-31 09:00:00,33.11406931142693
2024-05-31 10:00:00,31.734813855887886
2024-05-31 11:00:00,41.380749099082635
2024-05-31 12:00:00,30.12221835395048
2024-05-31 13:00:00,37.77866218873863
2024-05-31 14:00:00,41.14505550778513
2024-05-31 15:00:00,33.113206973864365
2024-05-31 16:00:00,46.090515590020274
2024-05-31 17:00:00,44.302771885403196
2024-05-31 18:00:00,36.229592188156275
2024-05-31 19:00:00,41.18977508712186
2024-05-31 20:00:00,48.66474491568247
2024-05-31 21:00:00,30.509472281186927
2024-05-31 22:00:00,34.80557530103303
2024-05-31 23:00:00,37.858722418767016
2024-06-01 00:00:00,31.81504921529791
2024-06-01 01:00:00,31.598470495331732
2024-06-01 02:00:00,34.55012071737451
2024-06-01 03:00:00,32.118994517130986
2024-06-01 04:00:00,44.33374020784001
2024-06-01 05:00:00,39.90349452036173
2024-06-01 06:00:00,44.30349963713395
2024-06-01 07:00:00,41.6091120545642
2024-06-01 08:00:00,31.4163482957481
2024-06-01 09:00:00,43.69558824849358
2024-06-01 10:00:00,38.02232881004578
2024-06-01 11:00:00,48.73967185072805
2024-06-01 12:00:00,37.096757259640356
2024-06-01 13:00:00,46.8333537691065
2024-06-01 14:00:00,46.51044546609959
2024-06-01 15:00:00,48.5489640954276
2024-06-01 16:00:00,46.54246728805332
2024-06-01 17:00:00,44.33609705792936
2024-06-01 18:00:00,30.098905880724825
2024-06-01 19:00:00,38.73997158720568
2024-06-01 20:00:00,42.478029749593894
2024-06-01 21:00:00,36.58906187948784
2024-06-01 22:00:00,42.00813962806873
2024-06-01 23:00:00,33.04159763656535
2024-06-02 00:00:00,43.91551553033693
2024-06-02 01:00:00,30.07489763992723
2024-06-02 02:00:00,41.17310976899661
2024-06-02 03:00:00,34.993316902775334
2024-06-02 04:00:00,39.23733318711637
2024-06-02 05:00:00,49.93925484837854
2024-06-02 06:00:00,36.67788684359522
2024-06-02 07:00:00,48.27877894223853
2024-06-02 08:00:00,35.683098198291326
2024-06-02 09:00:00,32.750956248739485
2024-06-02 10:00:00,44.872781412155376
2024-06-02 11:00:00,40.3803636935438
2024-06-02 12:00:00,47.21022779441696
2024-06-02 13:00:00,31.495144460997643
2024-06-02 14:00:00,33.94658253747305
2024-06-02 15:00:00,42.85296567388843
2024-06-02 16:00:00,41.88018605167856
2024-06-02 17:00:00,31.30036123010558
2024-06-02 18:00:00,38.27819521008814
2024-06-02 19:00:00,30.376174555761217
2024-06-02 20:00:00,44.71913145229624
2024-06-02 21:00:00,38.98824297110575
2024-06-02 22:00:00,32.485545465099975
2024-06-02 23:00:00,47.30645058761528
2024-06-03 00:00:00,35.355440393091065
2024-06-03 01:00:00,35.25750949877791
2024-06-03 02:00:00,48.3335996887693
2024-06-03 03:00:00,43.82723076928098
2024-06-03 04:00:00,45.05768630862374
2024-06-03 05:00:00,38.76649345996215
2024-06-03 06:00:00,36.94763999304382
2024-06-03 07:00:00,48.38633891679548
2024-06-03 08:00:00,46.90760852076861
2024-06-03 09:00:00,49.60777639610947
2024-06-03 10:00:00,46.82888723378678
2024-06-03 11:00:00,42.96194040232481
2024-06-03 12:00:00,33.47069646547281
2024-06-03 13:00:00,36.95711381159602
2024-06-03 14:00:00,48.32325796439673
2024-06-03 15:00:00,46.41348288586606
2024-06-03 16:00:00,43.1985947834831
2024-06-03 17:00:00,37.44571890359269
2024-06-03 18:00:00,40.398157836295475
2024-06-03 19:00:00,41.765900143628315
2024-06-03 20:00:00,30.73288151687631
2024-06-03 21:00:00,42.34811725064265
2024-06-03 22:00:00,44.49971938478486
2024-06-03 23:00:00,45.44322167310447
2024-06-04 00:00:00,42.53006075960289
2024-06-04 01:00:00,41.8399956525399
2024-06-04 02:00:00,39.55779842894882
2024-06-04 03:00:00,32.6277761592614
2024-06-04 04:00:00,40.62733501856264
2024-06-04 05:00:00,36.68837024264492
2024-06-04 06:00:00,40.745714394418584
2024-06-04 07:00:00,44.29598789148924
2024-06-04 08:00:00,40.80888725383694
2024-06-04 09:00:00,48.287892883878584
2024-06-04 10:00:00,43.21711685799799
2024-06-04 11:00:00,40.438319298824304
2024-06-04 12:00:00,40.38936357815971
2024-06-04 13:00:00,42.80056579323886
2024-06-04 14:00:00,43.232913942177234
2024-06-04 15:00:00,35.03283601572743
2024-06-04 16:00:00,44.880491777838444
2024-06-04 17:00:00,42.860985405449654
2024-06-04 18:00:00,49.18910663199837
2024-06-04 19:00:00,41.839790195465696
2024-06-04 20:00:00,31.664318476138334
2024-06-04 21:00:00,42.49143100982677
2024-06-04 22:00:00,47.414606994478554
2024-06-04 23:00:00,33.269920725423205
2024-06-05 00:00:00,40.663345737893614
2024-06-05 01:00:00,34.685750629564836
2024-06-05 02:00:00,47.58510251667403
2024-06-05 03:00:00,42.08666858773759
2024-06-05 04:00:00,46.64288823169399
2024-06-05 05:00:00,47.50780848621591
2024-06-05 06:00:00,32.267868915388185
2024-06-05 07:00:00,31.103021255753813
2024-06-05 08:00:00,42.27904401643391
2024-06-05 09:00:00,34.89632873486718
2024-06-05 10:00:00,38.67807851469249
2024-06-05 11:00:00,49.744088952449175
2024-06-05 12:00:00,37.081169685722784
2024-06-05 13:00:00,49.08896023960139
2024-06-05 14:00:00,32.1983618481658
2024-06-05 15:00:00,46.051415793516085
2024-06-05 16:00:00,48.559041088228945
2024-06-05 17:00:00,42.32657525343704
2024-06-05 18:00:00,34.311964690884196
2024-06-05 19:00:00,30.298642281018502
2024-06-05 20:00:00,41.9469735563122
2024-06-05 21:00:00,47.19130600169415
2024-06-05 22:00:00,40.34319049796939
2024-06-05 23:00:00,47.87435156055334
2024-06-06 00:00:00,32.97009041214846
2024-06-06 01:00:00,31.279245525565802
2024-06-06 02:00:00,39.99302699331423
2024-06-06 03:00:00,39.104170200427184
2024-06-06 04:00:00,37.054630214629896
2024-06-06 05:00:00,35.65141372807206
2024-06-06 06:00:00,44.00860559115533
2024-06-06 07:00:00,49.544233571697006
2024-06-06 08:00:00,38.02971872746704
2024-06-06 09:00:00,36.66136910431277
2024-06-06 10:00:00,37.429255090956644
2024-06-06 11:00:00,30.025877374986827
2024-06-06 12:00:00,30.58881428238854
2024-06-06 13:00:00,48.68431818725419
2024-06-06 14:00:00,33.64603824378932
2024-06-06 15:00:00,37.395085058074905
2024-06-06 16:00:00,49.06845500111754
2024-06-06 17:00:00,44.762988979406614
2024-06-06 18:00:00,35.7761406155869
2024-06-06 19:00:00,33.33426964758121
2024-06-06 20:00:00,31.17855323882603
2024-06-06 21:00:00,41.4388582404165
2024-06-06 22:00:00,49.886731020926305
2024-06-06 23:00:00,31.132757354204227
2024-06-07 00:00:00,42.17207669484897
2024-06-07 01:00:00,46.3129363977196
2024-06-07 02:00:00,49.55548306096023
2024-06-07 03:00:00,37.249357157826665
2024-06-07 04:00:00,31.01865751192559
2024-06-07 05:00:00,42.34977863730711
2024-06-07 06:00:00,43.83144132247868
2024-06-07 07:00:00,49.46823612744518
2024-06-07 08:00:00,47.0902894113334
2024-06-07 09:00:00,37.35484284690047
2024-06-07 10:00:00,30.77084423024892
2024-06-07 11:00:00,44.440020617122535
2024-06-07 12:00:00,43.373890607947175
2024-06-07 13:00:00,32.44747580829384
2024-06-07 14:00:00,44.19624967040017
2024-06-07 15:00:00,31.117914514257258
2024-06-07 16:00:00,37.32666728023855
2024-06-07 17:00:00,36.39242019550403
2024-06-07 18:00:00,33.30210740772373
2024-06-07 19:00:00,35.95491009934589
2024-06-07 20:00:00,46.85737834550585
2024-06-07 21:00:00,41.23602232017764
2024-06-07 22:00:00,32.12894160302011
2024-06-07 23:00:00,39.002531301857644
2024-06-08 00:00:00,44.27800271546049
2024-06-08 01:00:00,42.24580159883834
2024-06-08 02:00:00,30.596122558624607
2024-06-08 03:00:00,35.25440969893613
2024-06-08 04:00:00,32.237354098493384
2024-06-08 05:00:00,46.63502015684193
2024-06-08 06:00:00,31.778508179151952
2024-06-08 07:00:00,33.128112099220516
2024-06-08 08:00:00,35.301719022973266
2024-06-08 09:00:00,47.65605226764522
2024-06-08 10:00:00,48.79704995159686
2024-06-08 11:00:00,33.78270493508117
2024-06-08 12:00:00,39.45452883764701
2024-06-08 13:00:00,32.20786123504586
2024-06-08 14:00:00,35.98867567085648
2024-06-08 15:00:00,38.03945896724022
2024-06-08 16:00:00,38.708862783152256
2024-06-08 17:00:00,32.73078293852206
2024-06-08 18:00:00,47.898217178160955
2024-06-08 19:00:00,36.4063891995926
2024-06-08 20:00:00,48.69052257932411
2024-06-08 21:00:00,43.169674349532
2024-06-08 22:00:00,49.50714000108202
2024-06-08 23:00:00,35.595173299889964
2024-06-09 00:00:00,33.3898546810678
2024-06-09 01:00:00,37.630377793312974
2024-06-09 02:00:00,35.38856536061831
2024-06-09 03:00:00,32.42872436701419
2024-06-09 04:00:00,48.298185269474004
2024-06-09 05:00:00,34.554440340078024
2024-06-09 06:00:00,44.0941683625346
2024-06-09 07:00:00,42.30897030682862
2024-06-09 08:00:00,45.75094458801179
2024-06-09 09:00:00,33.16601360815183
2024-06-09 10:00:00,31.424628382772926
2024-06-09 11:00:00,33.575598649672294
2024-06-09 12:00:00,38.66034268851114
2024-06-09 13:00:00,41.62544596846759
2024-06-09 14:00:00,31.59905994169404
2024-06-09 15:00:00,41.98199478451448
2024-06-09 16:00:00,31.467214909411453
2024-06-09 17:00:00,39.33739288617478
2024-06-09 18:00:00,30.24980313224357
2024-06-09 19:00:00,41.853861180212355
2024-06-09 20:00:00,40.19969246627846
2024-06-09 21:00:00,40.81613917804585
2024-06-09 22:00:00,45.304621216507634
2024-06-09 23:00:00,40.88264137655778
2024-06-10 00:00:00,39.431644086911774
2024-06-10 01:00:00,48.75166627476557
2024-06-10 02:00:00,48.877487980884716
2024-06-10 03:00:00,38.36502191879312
2024-06-10 04:00:00,48.05455849967366
2024-06-10 05:00:00,45.39646317710182
2024-06-10 06:00:00,49.009530897238974
2024-06-10 07:00:00,46.816834459785824
2024-06-10 08:00:00,34.997504952686654
2024-06-10 09:00:00,43.65618989062872
2024-06-10 10:00:00,47.28751310197228
2024-06-10 11:00:00,34.76725948500596
2024-06-10 12:00:00,36.72024829349427
2024-06-10 13:00:00,33.93153274846849
2024-06-10 14:00:00,38.19540162146934
2024-06-10 15:00:00,48.63759039083184
2024-06-10 16:00:00,31.937305473058196
2024-06-10 17:00:00,47.38312420579045
2024-06-10 18:00:00,39.673249958971
2024-06-10 19:00:00,48.21654073672454
2024-06-10 20:00:00,40.892691200902576
2024-06-10 21:00:00,47.097044502863255
2024-06-10 22:00:00,43.13299553101919
2024-06-10 23:00:00,34.09136988724792
2024-06-11 00:00:00,36.19824260959062
2024-06-11 01:00:00,48.46500047769621
2024-06-11 02:00:00,43.48424938943999
2024-06-11 03:00:00,45.329675774314836
2024-06-11 04:00:00,35.07270639666319
2024-06-11 05:00:00,34.47496248030267
2024-06-11 06:00:00,49.23120096954345
2024-06-11 07:00:00,46.41799669564662
2024-06-11 08:00:00,48.23776614612384
2024-06-11 09:00:00,39.479204141022436
2024-06-11 10:00:00,33.91792179405813
2024-06-11 11:00:00,37.27648078526169
2024-06-11 12:00:00,45.64785861588315
2024-06-11 13:00:00,40.606716376447174
2024-06-11 14:00:00,33.6069258131026
2024-06-11 15:00:00,46.23489012773262
2024-06-11 16:00:00,31.92647206437237
2024-06-11 17:00:00,36.109027397260895
2024-06-11 18:00:00,48.94368058374762
2024-06-11 19:00:00,35.62225362881415
2024-06-11 20:00:00,35.58347237365955
2024-06-11 21:00:00,48.63095542178617
2024-06-11 22:00:00,43.49177469377555
2024-06-11 23:00:00,32.477721548379975
2024-06-12 00:00:00,31.890247928031194
2024-06-12 01:00:00,33.820163895350994
2024-06-12 02:00:00,38.237741146754374
2024-06-12 03:00:00,36.94581623118921
2024-06-12 04:00:00,37.65406612471325
2024-06-12 05:00:00,46.82232738719353
2024-06-12 06:00:00,45.212872444578835
2024-06-12 07:00:00,36.50185622380387
2024-06-12 08:00:00,32.2526270477765
2024-06-12 09:00:00,49.658733524336114
2024-06-12 10:00:00,45.35532668411664
2024-06-12 11:00:00,32.88401563401657
2024-06-12 12:00:00,35.17719832009338
2024-06-12 13:00:00,45.05316257553529
2024-06-12 14:00:00,31.782690836979597
2024-06-12 15:00:00,46.70042459100329
2024-06-12 16:00:00,42.30808420122531
2024-06-12 17:00:00,35.43642613383554
2024-06-12 18:00:00,41.67650817606844
2024-06-12 19:00:00,35.99861642928012
2024-06-12 20:00:00,33.30661334126081
2024-06-12 21:00:00,39.0099950910137
2024-06-12 22:00:00,42.35705774037852
2024-06-12 23:00:00,38.2177943466268
2024-06-13 00:00:00,46.5712945883704
2024-06-13 01:00:00,35.849179496900014
2024-06-13 02:00:00,49.03018686431936
2024-06-13 03:00:00,45.20680577550704
2024-06-13 04:00:00,39.7859575679351
2024-06-13 05:00:00,46.88065130575155
2024-06-13 06:00:00,46.113728975109424
2024-06-13 07:00:00,30.838661765672484
2024-06-13 08:00:00,35.445388623237505
2024-06-13 09:00:00,40.91941200057924
2024-06-13 10:00:00,47.121445997334376
2024-06-13 11:00:00,42.681970268942024
2024-06-13 12:00:00,31.890565899408088
2024-06-13 13:00:00,48.954053073481944
2024-06-13 14:00:00,31.174187367868004
2024-06-13 15:00:00,37.83270668040079
2024-06-13 16:00:00,46.42136256937704
2024-06-13 17:00:00,34.01089050215568
2024-06-13 18:00:00,42.32419189110948
2024-06-13 19:00:00,46.274983512458725
2024-06-13 20:00:00,39.863101897246906
2024-06-13 21:00:00,35.61123855294785
2024-06-13 22:00:00,35.63593636450504
2024-06-13 23:00:00,42.88419186044718
2024-06-14 00:00:00,31.024063578606047
2024-06-14 01:00:00,49.79778150007067
2024-06-14 02:00:00,37.20979889608761
2024-06-14 03:00:00,46.51878674829014
2024-06-14 04:00:00,40.21998369209459
2024-06-14 05:00:00,40.10722564276999
2024-06-14 06:00:00,45.933523439536216
2024-06-14 07:00:00,43.92457886951933
2024-06-14 08:00:00,33.09473288491178
2024-06-14 09:00:00,31.97088515934212
2024-06-14 10:00:00,30.438178118345622
2024-06-14 11:00:00,45.63708007797247
2024-06-14 12:00:00,31.98606564067223
2024-06-14 13:00:00,35.158453172826086
2024-06-14 14:00:00,38.62702910705947
2024-06-14 15:00:00,30.799770635450482
2024-06-14 16:00:00,49.31162309481688
2024-06-14 17:00:00,36.230812105639956
2024-06-14 18:00:00,44.167309212302335
2024-06-14 19:00:00,38.42646885189691
2024-06-14 20:00:00,30.61413617804928
2024-06-14 21:00:00,39.61519738794992
2024-06-14 22:00:00,32.30664275541204
2024-06-14 23:00:00,41.45254209411117
2024-06-15 00:00:00,38.347794828306476
2024-06-15 01:00:00,48.66818826452539
2024-06-15 02:00:00,34.294209024500475
2024-06-15 03:00:00,36.58707500967854
2024-06-15 04:00:00,34.729933618216265
2024-06-15 05:00:00,36.969959022672285
2024-06-15 06:00:00,31.913866936528485
2024-06-15 07:00:00,30.539559365450202
2024-06-15 08:00:00,45.89854780019347
2024-06-15 09:00:00,45.9834783999589
2024-06-15 10:00:00,45.2637785776535
2024-06-15 11:00:00,38.114942507520105
2024-06-15 12:00:00,34.067995724340655
2024-06-15 13:00:00,37.67007235171836
2024-06-15 14:00:00,41.08469661657171
2024-06-15 15:00:00,45.18003467298592
2024-06-15 16:00:00,41.35346104670195
2024-06-15 17:00:00,41.274136257224505
2024-06-15 18:00:00,44.95518120582166
2024-06-15 19:00:00,47.79060565235909
2024-06-15 20:00:00,30.384723371311395
2024-06-15 21:00:00,47.752267571968254
2024-06-15 22:00:00,43.00177874062953
2024-06-15 23:00:00,34.10414902055084
2024-06-16 00:00:00,46.19883172590967
2024-06-16 01:00:00,37.72254130209821
2024-06-16 02:00:00,46.81278059730401
2024-06-16 03:00:00,33.14443609847219
2024-06-16 04:00:00,42.2056675323233
2024-06-16 05:00:00,32.9808613680641
2024-06-16 06:00:00,48.25069663065041
2024-06-16 07:00:00,35.74501930048918
2024-06-16 08:00:00,49.83650481596994
2024-06-16 09:00:00,46.04266143246149
2024-06-16 10:00:00,34.850213574147965
2024-06-16 11:00:00,30.316577854677107
2024-06-16 12:00:00,33.57757436466114
2024-06-16 13:00:00,30.564868655775992
2024-06-16 14:00:00,31.217762968444084
2024-06-16 15:00:00,48.904184949313375
2024-06-16 16:00:00,45.41197783094333
2024-06-16 17:00:00,49.95523844250663
2024-06-16 18:00:00,39.67630586520532
2024-06-16 19:00:00,49.59269982962921
2024-06-16 20:00:00,35.22981761649325
2024-06-16 21:00:00,38.08607675828747
2024-06-16 22:00:00,30.322317963686206
2024-06-16 23:00:00,34.23743719241632
2024-06-17 00:00:00,32.24818509922606
2024-06-17 01:00:00,44.04540882006852
2024-06-17 02:00:00,33.43972239777657
2024-06-17 03:00:00,40.855380245766995
2024-06-17 04:00:00,49.2194283335131
2024-06-17 05:00:00,31.4006267309082
2024-06-17 06:00:00,34.57740264352228
2024-06-17 07:00:00,45.37374933417526
2024-06-17 08:00:00,42.49801695309089
2024-06-17 09:00:00,49.52599565094768
2024-06-17 10:00:00,48.83879695478558
2024-06-17 11:00:00,49.78302440322876
2024-06-17 12:00:00,46.67540058668148
2024-06-17 13:00:00,35.5125599287807
2024-06-17 14:00:00,34.15558691319341
2024-06-17 15:00:00,34.55603473047083
2024-06-17 16:00:00,31.935392541489556
2024-06-17 17:00:00,35.663676682218956
2024-06-17 18:00:00,38.1970772923329
2024-06-17 19:00:00,47.402372340731574
2024-06-17 20:00:00,48.69188599207111
2024-06-17 21:00:00,49.18887374334315
2024-06-17 22:00:00,41.36052260162048
2024-06-17 23:00:00,45.156620459075235
2024-06-18 00:00:00,45.205304399440195
2024-06-18 01:00:00,31.881510440514774
2024-06-18 02:00:00,33.11240175159706
2024-06-18 03:00:00,31.1447922402934
2024-06-18 04:00:00,41.85156578937207
2024-06-18 05:00:00,33.53497386162198
2024-06-18 06:00:00,48.817401211686594
2024-06-18 07:00:00,47.40271361815772
2024-06-18 08:00:00,35.69781303132652
2024-06-18 09:00:00,35.47238495741384
2024-06-18 10:00:00,34.65111399466451
2024-06-18 11:00:00,45.25373661095205
2024-06-18 12:00:00,42.89583554142611
2024-06-18 13:00:00,32.267727328950045
2024-06-18 14:00:00,32.858500694448075
2024-06-18 15:00:00,45.77658832876071
2024-06-18 16:00:00,40.89028973842382
2024-06-18 17:00:00,38.833813741524196
2024-06-18 18:00:00,36.64361447369174
2024-06-18 19:00:00,40.281614299139186
2024-06-18 20:00:00,33.08094875332805
2024-06-18 21:00:00,41.06448786479119
2024-06-18 22:00:00,45.023779188664484
2024-06-18 23:00:00,44.91173494406154
2024-06-19 00:00:00,38.370687682530736
2024-06-19 01:00:00,40.16384553208746
2024-06-19 02:00:00,34.65120422153498
2024-06-19 03:00:00,30.972634018756594
2024-06-19 04:00:00,32.93460608328559
2024-06-19 05:00:00,49.65479568238129
2024-06-19 06:00:00,49.5574575043725
2024-06-19 07:00:00,42.53814210414899
2024-06-19 08:00:00,43.626897817330075
2024-06-19 09:00:00,49.47702927426941
2024-06-19 10:00:00,32.65894259771979
2024-06-19 11:00:00,45.758648088363785
2024-06-19 12:00:00,36.341663606770844
2024-06-19 13:00:00,47.109173881787115
2024-06-19 14:00:00,41.48987840664474
2024-06-19 15:00:00,39.26673028505324
2024-06-19 16:00:00,35.85991628123
2024-06-19 17:00:00,42.855710519121104
2024-06-19 18:00:00,48.109671140782986
2024-06-19 19:00:00,31.564145388143917
2024-06-19 20:00:00,33.23866960870593
2024-06-19 21:00:00,42.49256108173989
2024-06-19 22:00:00,41.42872550770757
2024-06-19 23:00:00,43.10448263375544
2024-06-20 00:00:00,31.552577275212965
2024-06-20 01:00:00,32.16365476799375
2024-06-20 02:00:00,32.01630856574013
2024-06-20 03:00:00,43.875304561816854
2024-06-20 04:00:00,46.27910108550614
2024-06-20 05:00:00,32.08101477566814
2024-06-20 06:00:00,47.783929685330165
2024-06-20 07:00:00,40.66627874195975
2024-06-20 08:00:00,37.01036716187865
2024-06-20 09:00:00,33.59708443520874
2024-06-20 10:00:00,35.48481134831727
2024-06-20 11:00:00,47.74536230425339
2024-06-20 12:00:00,41.50577720078842
2024-06-20 13:00:00,37.444145600595974
2024-06-20 14:00:00,41.60428464503795
2024-06-20 15:00:00,42.553644792776154
2024-06-20 16:00:00,33.85657586428838
2024-06-20 17:00:00,38.23782855450509
2024-06-20 18:00:00,42.61421194013295
2024-06-20 19:00:00,31.002195964919302
2024-06-20 20:00:00,49.9315495769216
2024-06-20 21:00:00,48.29451454870341
2024-06-20 22:00:00,34.83939878415849
2024-06-20 23:00:00,42.927201086101284
2024-06-21 00:00:00,37.27717833625233
2024-06-21 01:00:00,34.72281279545637
2024-06-21 02:00:00,46.07333584755065
2024-06-21 03:00:00,39.57732273071417
2024-06-21 04:00:00,30.117211754078447
2024-06-21 05:00:00,35.58098453477605
2024-06-21 06:00:00,49.5178634878815
2024-06-21 07:00:00,43.60111760013543
2024-06-21 08:00:00,36.289303449776185
2024-06-21 09:00:00,37.12323913009046
2024-06-21 10:00:00,31.782118749158023
2024-06-21 11:00:00,33.79796476690585
2024-06-21 12:00:00,39.80552360511652
2024-06-21 13:00:00,46.66977604989262
2024-06-21 14:00:00,36.71502543989701
2024-06-21 15:00:00,39.349999291308144
2024-06-21 16:00:00,38.39620434141604
2024-06-21 17:00:00,47.972153175281214
2024-06-21 18:00:00,49.414980156769516
2024-06-21 19:00:00,45.02387677846066
2024-06-21 20:00:00,35.50291433211353
2024-06-21 21:00:00,42.553911327401224
2024-06-21 22:00:00,40.04746157609653
2024-06-21 23:00:00,44.5595953470267
2024-06-22 00:00:00,42.25871561638062
2024-06-22 01:00:00,31.794836032455855
2024-06-22 02:00:00,40.365461951027086
2024-06-22 03:00:00,37.025481804987336
2024-06-22 04:00:00,34.30174370928681
2024-06-22 05:00:00,34.90460543613473
2024-06-22 06:00:00,40.16212377017936
2024-06-22 07:00:00,49.62890363340077
2024-06-22 08:00:00,42.14280024532769
2024-06-22 09:00:00,36.45746796054621
2024-06-22 10:00:00,47.05350782551315
2024-06-22 11:00:00,36.158835589041665
2024-06-22 12:00:00,35.73903406333428
2024-06-22 13:00:00,35.07130609159621
2024-06-22 14:00:00,44.491378923339006
2024-06-22 15:00:00,35.26155469600559
2024-06-22 16:00:00,39.050314841617414
2024-06-22 17:00:00,31.5297005213967
2024-06-22 18:00:00,43.48091908687415
2024-06-22 19:00:00,43.3231124061268
2024-06-22 20:00:00,48.47576522721858
2024-06-22 21:00:00,40.08184911197578
2024-06-22 22:00:00,46.07538219482011
2024-06-22 23:00:00,44.24358180868024
2024-06-23 00:00:00,41.21481584804873
2024-06-23 01:00:00,32.30865098176778
2024-06-23 02:00:00,46.418641917530344
2024-06-23 03:00:00,38.72379885019207
2024-06-23 04:00:00,47.26755717289848
2024-06-23 05:00:00,45.8003336387083
2024-06-23 06:00:00,35.06025571775125
2024-06-23 07:00:00,44.2534993031722
2024-06-23 08:00:00,40.9534236367347
2024-06-23 09:00:00,43.6210844001841
2024-06-23 10:00:00,32.68813890234635
2024-06-23 11:00:00,37.17529226205497
2024-06-23 12:00:00,30.14438278631298
2024-06-23 13:00:00,31.194694141609578
2024-06-23 14:00:00,38.5515926090643
2024-06-23 15:00:00,46.32668139461044
2024-06-23 16:00:00,41.93519132388856
2024-06-23 17:00:00,45.92729556925228
2024-06-23 18:00:00,33.90241283959862
2024-06-23 19:00:00,41.93660493753877
2024-06-23 20:00:00,49.04451003367127
2024-06-23 21:00:00,41.626431239898295
2024-06-23 22:00:00,30.168726561526015
2024-06-23 23:00:00,40.59347472625186
2024-06-24 00:00:00,39.86249364787738
2024-06-24 01:00:00,31.466927182886877
2024-06-24 02:00:00,41.938311143054406
2024-06-24 03:00:00,49.77418565050856
2024-06-24 04:00:00,41.41867791268221
2024-06-24 05:00:00,39.304724161172864
2024-06-24 06:00:00,38.52869324759944
2024-06-24 07:00:00,43.60456950379533
2024-06-24 08:00:00,41.01123277785043
2024-06-24 09:00:00,45.52029157566093
2024-06-24 10:00:00,44.67627039549488
2024-06-24 11:00:00,37.479158091393856
2024-06-24 12:00:00,31.220630478676235
2024-06-24 13:00:00,43.310600322679335
2024-06-24 14:00:00,48.24993870290369
2024-06-24 15:00:00,32.56160847970521
2024-06-24 16:00:00,30.35252445000765
2024-06-24 17:00:00,44.33382853787971
2024-06-24 18:00:00,41.54466516061643
2024-06-24 19:00:00,49.02602302722671
2024-06-24 20:00:00,37.116384292246224
2024-06-24 21:00:00,37.74646330107789
2024-06-24 22:00:00,42.309060201525185
2024-06-24 23:00:00,36.63026225611161
2024-06-25 00:00:00,41.42943966564462
2024-06-25 01:00:00,39.393267181905884
2024-06-25 02:00:00,32.94215830389604
2024-06-25 03:00:00,49.57137371532836
2024-06-25 04:00:00,43.71394430490225
2024-06-25 05:00:00,40.62951882355759
2024-06-25 06:00:00,37.89046338009143
2024-06-25 07:00:00,48.5114713253973
2024-06-25 08:00:00,32.32643613769817
2024-06-25 09:00:00,44.37332985672089
2024-06-25 10:00:00,36.728763935897774
2024-06-25 11:00:00,44.10432987086311
2024-06-25 12:00:00,30.771722865114803
2024-06-25 13:00:00,42.59023487127991
2024-06-25 14:00:00,33.01378531724869
2024-06-25 15:00:00,44.454711356338734
2024-06-25 16:00:00,49.847659815654396
2024-06-25 17:00:00,39.84388682032945
2024-06-25 18:00:00,45.207521185662806
2024-06-25 19:00:00,38.86311815023939
2024-06-25 20:00:00,31.65725200407223
2024-06-25 21:00:00,44.9668606721574
2024-06-25 22:00:00,41.17180188876944
2024-06-25 23:00:00,30.01973804336361
2024-06-26 00:00:00,42.244086396225754
2024-06-26 01:00:00,40.164099996922566
2024-06-26 02:00:00,49.14610504039225
2024-06-26 03:00:00,47.74202965858636
2024-06-26 04:00:00,44.08592163669188
2024-06-26 05:00:00,37.619772983880594
2024-06-26 06:00:00,45.368764848181854
2024-06-26 07:00:00,39.04240979464249
2024-06-26 08:00:00,37.62020148603547
2024-06-26 09:00:00,34.714889268878515
2024-06-26 10:00:00,49.10409111838633
2024-06-26 11:00:00,33.48342667650986
2024-06-26 12:00:00,31.617560013129612
2024-06-26 13:00:00,46.53024226852888
2024-06-26 14:00:00,43.76756622846894
2024-06-26 15:00:00,40.589194313039144
2024-06-26 16:00:00,46.654036955888245
2024-06-26 17:00:00,34.245536024512106
2024-06-26 18:00:00,30.122494606354994
2024-06-26 19:00:00,44.90273929096103
2024-06-26 20:00:00,46.26354342052882
2024-06-26 21:00:00,41.00555319730883
2024-06-26 22:00:00,44.51247278777402
2024-06-26 23:00:00,43.290483868268865
2024-06-27 00:00:00,38.21254380542012
2024-06-27 01:00:00,49.3825301173864
2024-06-27 02:00:00,43.35060955474435
2024-06-27 03:00:00,47.22823668632374
2024-06-27 04:00:00,46.93538248496031
2024-06-27 05:00:00,37.59952482019402
2024-06-27 06:00:00,45.4774592732721
2024-06-27 07:00:00,37.196874890984084
2024-06-27 08:00:00,34.882580414158404
2024-06-27 09:00:00,46.57945493770369
2024-06-27 10:00:00,30.617209827597723
2024-06-27 11:00:00,31.37537896777599
2024-06-27 12:00:00,47.07025112959229
2024-06-27 13:00:00,49.14252798565115
2024-06-27 14:00:00,41.62555904917772
2024-06-27 15:00:00,34.070070183976476
2024-06-27 16:00:00,45.51345371424841
2024-06-27 17:00:00,45.21119296902732
2024-06-27 18:00:00,46.68111376458462
2024-06-27 19:00:00,33.96545532485096
2024-06-27 20:00:00,39.96691288430978
2024-06-27 21:00:00,42.790696893308414
2024-06-27 22:00:00,34.66587729200318
2024-06-27 23:00:00,32.492195031961785
2024-06-28 00:00:00,43.45793085067602
2024-06-28 01:00:00,44.046202394993934
2024-06-28 02:00:00,39.54539899244196
2024-06-28 03:00:00,36.34640059947198
2024-06-28 04:00:00,34.730980493186564
2024-06-28 05:00:00,44.368709744908756
2024-06-28 06:00:00,30.396841465253257
2024-06-28 07:00:00,41.858077849421925
2024-06-28 08:00:00,36.7700250808706
2024-06-28 09:00:00,37.89852531899513
2024-06-28 10:00:00,35.899698244903114
2024-06-28 11:00:00,47.74589576586362
2024-06-28 12:00:00,35.72345601349377
2024-06-28 13:00:00,46.611308910208706
2024-06-28 14:00:00,44.914860464392
2024-06-28 15:00:00,42.18536173174795
2024-06-28 16:00:00,37.51007152380315
2024-06-28 17:00:00,47.31470469164718
2024-06-28 18:00:00,42.4650027841789
2024-06-28 19:00:00,41.47789506917435
2024-06-28 20:00:00,49.1783409446417
2024-06-28 21:00:00,49.86477656651313
2024-06-28 22:00:00,31.720328008450878
2024-06-28 23:00:00,44.54442713048751
2024-06-29 00:00:00,48.282188736367914
2024-06-29 01:00:00,49.02296788771737
2024-06-29 02:00:00,44.91930529990426
2024-06-29 03:00:00,34.13844615624427
2024-06-29 04:00:00,40.75954801816635
2024-06-29 05:00:00,49.15599584523677
2024-06-29 06:00:00,44.85330295137712
2024-06-29 07:00:00,45.85655140203573
2024-06-29 08:00:00,48.424901007656615
2024-06-29 09:00:00,44.92333555726193
2024-06-29 10:00:00,49.81493617325157
2024-06-29 11:00:00,30.406843681577996
2024-06-29 12:00:00,43.08312541606557
2024-06-29 13:00:00,39.55640383718624
2024-06-29 14:00:00,41.496377630026714
2024-06-29 15:00:00,39.523840247411655
2024-06-29 16:00:00,36.31537381260437
2024-06-29 17:00:00,47.32395974086207
2024-06-29 18:00:00,40.48995825203722
2024-06-29 19:00:00,44.43718784105298
2024-06-29 20:00:00,45.96854301819407
2024-06-29 21:00:00,44.24662519153231
2024-06-29 22:00:00,37.92695354152961
2024-06-29 23:00:00,42.115978694570444
2024-06-30 00:00:00,44.428893757695846
2024-06-30 01:00:00,37.71597515295004
2024-06-30 02:00:00,30.078808383067354
2024-06-30 03:00:00,40.53212513563902
2024-06-30 04:00:00,34.21635578159096
2024-06-30 05:00:00,47.04825676936252
2024-06-30 06:00:00,48.49777458707028
2024-06-30 07:00:00,34.91584662034535
2024-06-30 08:00:00,35.97241185011184
2024-06-30 09:00:00,44.838255716472034
2024-06-30 10:00:00,47.07882118211696
2024-06-30 11:00:00,42.580404529163864
2024-06-30 12:00:00,40.350239123901986
2024-06-30 13:00:00,36.84939207266986
2024-06-30 14:00:00,36.10389308829906
2024-06-30 15:00:00,31.654491342302165
2024-06-30 16:00:00,30.015479064441596
2024-06-30 17:00:00,37.042568537872775
2024-06-30 18:00:00,30.269414768379264
2024-06-30 19:00:00,31.187691117794017
2024-06-30 20:00:00,40.270560506173965
2024-06-30 21:00:00,39.379417069883516
2024-06-30 22:00:00,49.99819774636771
2024-06-30 23:00:00,30.079990161946863
2024-07-01 00:00:00,32.816762287884785
2024-07-01 01:00:00,43.07664704397947
2024-07-01 02:00:00,36.55400172284453
2024-07-01 03:00:00,31.170719731353557
2024-07-01 04:00:00,44.168114637774494
2024-07-01 05:00:00,39.50929179118993
2024-07-01 06:00:00,31.951837240673253
2024-07-01 07:00:00,42.14359733407642
2024-07-01 08:00:00,30.58894979859582
2024-07-01 09:00:00,30.649603683585322
2024-07-01 10:00:00,41.50661614160295
2024-07-01 11:00:00,39.58549123023091
2024-07-01 12:00:00,48.88958270948765
2024-07-01 13:00:00,35.5026745781176
2024-07-01 14:00:00,39.73949239628776
2024-07-01 15:00:00,45.631667043660144
2024-07-01 16:00:00,40.42472880454217
2024-07-01 17:00:00,41.077670608801824
2024-07-01 18:00:00,48.25354490627091
2024-07-01 19:00:00,32.88437996871532
2024-07-01 20:00:00,36.01083153492381
2024-07-01 21:00:00,35.31548096899326
2024-07-01 22:00:00,41.85305255939248
2024-07-01 23:00:00,32.312843659512495
2024-07-02 00:00:00,31.950272488889272
2024-07-02 01:00:00,33.172553172159375
2024-07-02 02:00:00,32.88770456120886
2024-07-02 03:00:00,41.66375033278541
2024-07-02 04:00:00,34.13516088307407
2024-07-02 05:00:00,43.41163548998844
2024-07-02 06:00:00,39.54909955340054
2024-07-02 07:00:00,41.29401963840049
2024-07-02 08:00:00,47.5686046253287
2024-07-02 09:00:00,30.76399904654929
2024-07-02 10:00:00,47.85557754700288
2024-07-02 11:00:00,45.36508361806551
2024-07-02 12:00:00,31.63820784911215
2024-07-02 13:00:00,42.838648713723806
2024-07-02 14:00:00,34.13032524305386
2024-07-02 15:00:00,30.155765222337227
2024-07-02 16:00:00,43.62200413621005
2024-07-02 17:00:00,48.3026265953693
2024-07-02 18:00:00,42.684367246806794
2024-07-02 19:00:00,47.216032101893816
2024-07-02 20:00:00,45.89314715642651
2024-07-02 21:00:00,38.17249095124305
2024-07-02 22:00:00,39.55635920074486
2024-07-02 23:00:00,44.8946622983363
2024-07-03 00:00:00,31.08494183667038
2024-07-03 01:00:00,41.031119032514376
2024-07-03 02:00:00,37.31438582633163
2024-07-03 03:00:00,35.47279445854926
2024-07-03 04:00:00,36.3087008820541
2024-07-03 05:00:00,38.21364901495638
2024-07-03 06:00:00,42.76609702217145
2024-07-03 07:00:00,42.814406671095306
2024-07-03 08:00:00,41.48619510347644
2024-07-03 09:00:00,47.19255472437071
2024-07-03 10:00:00,32.733960391409994
2024-07-03 11:00:00,45.82734658499821
2024-07-03 12:00:00,34.82657174580697
2024-07-03 13:00:00,39.87957196483829
2024-07-03 14:00:00,43.152139953531226
2024-07-03 15:00:00,35.78089963029944
2024-07-03 16:00:00,40.94928349119005
2024-07-03 17:00:00,30.775338662193562
2024-07-03 18:00:00,36.49080891157077
2024-07-03 19:00:00,43.75596859996338
2024-07-03 20:00:00,43.48963034905817
2024-07-03 21:00:00,43.28212076018702
2024-07-03 22:00:00,37.45119163987458
2024-07-03 23:00:00,35.96345566314443
2024-07-04 00:00:00,44.32298797939487
2024-07-04 01:00:00,44.41027450595003
2024-07-04 02:00:00,37.049922275570744
2024-07-04 03:00:00,41.13249689078501
2024-07-04 04:00:00,45.11114558483787
2024-07-04 05:00:00,38.88768504952517
2024-07-04 06:00:00,49.0665764576089
2024-07-04 07:00:00,30.617532063054412
2024-07-04 08:00:00,36.74283782969358
2024-07-04 09:00:00,33.553885065855695
2024-07-04 10:00:00,36.57338992970167
2024-07-04 11:00:00,39.59451456377416
2024-07-04 12:00:00,45.99308262359594
2024-07-04 13:00:00,35.63091740919554
2024-07-04 14:00:00,44.409371358629464
2024-07-04 15:00:00,40.375295399206124
2024-07-04 16:00:00,33.82319916520592
2024-07-04 17:00:00,35.10387502004677
2024-07-04 18:00:00,44.74998514427584
2024-07-04 19:00:00,32.09756602610305
2024-07-04 20:00:00,38.39788760772586
2024-07-04 21:00:00,43.74978650052364
2024-07-04 22:00:00,45.934601862874594
2024-07-04 23:00:00,41.55408570068762
2024-07-05 00:00:00,42.59137365228868
2024-07-05 01:00:00,42.62425511440695
2024-07-05 02:00:00,46.718325409242595
2024-07-05 03:00:00,46.12503872262355
2024-07-05 04:00:00,30.933816328176864
2024-07-05 05:00:00,48.10154308226831
2024-07-05 06:00:00,32.92827071910681
2024-07-05 07:00:00,30.471165055925532
2024-07-05 08:00:00,49.08313583678982
2024-07-05 09:00:00,40.78319982478547
2024-07-05 10:00:00,48.436035328355445
2024-07-05 11:00:00,32.568854960619575
2024-07-05 12:00:00,42.3540599497154
2024-07-05 13:00:00,30.770929161522353
2024-07-05 14:00:00,33.11701620815009
2024-07-05 15:00:00,49.281818111505935
2024-07-05 16:00:00,31.506134173288217
2024-07-05 17:00:00,36.84771763981807
2024-07-05 18:00:00,41.964198379317835
2024-07-05 19:00:00,30.605538704985644
2024-07-05 20:00:00,47.52137839087267
2024-07-05 21:00:00,49.116455190565304
2024-07-05 22:00:00,34.59462592076254
2024-07-05 23:00:00,33.77981500857925
2024-07-06 00:00:00,47.28349674724396
2024-07-06 01:00:00,40.34779111453336
2024-07-06 02:00:00,32.651362522917054
2024-07-06 03:00:00,46.536840087926336
2024-07-06 04:00:00,48.6353436699128
2024-07-06 05:00:00,37.79325192949865
2024-07-06 06:00:00,49.683458982209316
2024-07-06 07:00:00,49.02735461413065
2024-07-06 08:00:00,45.92793468186777
2024-07-06 09:00:00,49.7193942183774
2024-07-06 10:00:00,38.714683043112196
2024-07-06 11:00:00,33.37191147714143
2024-07-06 12:00:00,36.18861537136816
2024-07-06 13:00:00,39.44637841035309
2024-07-06 14:00:00,46.08653616080839
2024-07-06 15:00:00,31.67532291340343
2024-07-06 16:00:00,32.579473576790264
2024-07-06 17:00:00,32.28613341296331
2024-07-06 18:00:00,30.73720662314542
2024-07-06 19:00:00,48.33786595541283
2024-07-06 20:00:00,49.058462154109094
2024-07-06 21:00:00,34.6364025302783
2024-07-06 22:00:00,35.00157872010808
2024-07-06 23:00:00,48.816412608440395
2024-07-07 00:00:00,35.055727001304106
2024-07-07 01:00:00,31.69462078205462
2024-07-07 02:00:00,31.74982102271875
2024-07-07 03:00:00,37.6394405182854
2024-07-07 04:00:00,31.2834702818509
2024-07-07 05:00:00,36.13362628184584
2024-07-07 06:00:00,46.47754378622667
2024-07-07 07:00:00,45.84192323342391
2024-07-07 08:00:00,30.675031567692415
2024-07-07 09:00:00,48.86604618188795
2024-07-07 10:00:00,37.53177259941175
2024-07-07 11:00:00,38.36919884711568
2024-07-07 12:00:00,37.427034486734506
2024-07-07 13:00:00,31.55102594472735
2024-07-07 14:00:00,45.70080852746844
2024-07-07 15:00:00,37.65501234665451
2024-07-07 16:00:00,49.420806350755626
2024-07-07 17:00:00,42.721792865044186
2024-07-07 18:00:00,43.7026066475243
2024-07-07 19:00:00,49.006401938287404
2024-07-07 20:00:00,40.23004219343533
2024-07-07 21:00:00,48.83661464379526
2024-07-07 22:00:00,48.245353981461534
2024-07-07 23:00:00,33.1395875092024
2024-07-08 00:00:00,46.99284903513036
2024-07-08 01:00:00,42.18688149614353
2024-07-08 02:00:00,38.343024709435056
2024-07-08 03:00:00,44.35833998505371
2024-07-08 04:00:00,32.14246807000869
2024-07-08 05:00:00,35.0260076041518
2024-07-08 06:00:00,48.5955206609555
2024-07-08 07:00:00,31.463525761896694
2024-07-08 08:00:00,45.142422309335146
2024-07-08 09:00:00,30.501861295490517
2024-07-08 10:00:00,40.47576311203341
2024-07-08 11:00:00,35.96368946221154
2024-07-08 12:00:00,40.30906329619432
2024-07-08 13:00:00,41.62036548813195
2024-07-08 14:00:00,48.662824944822276
2024-07-08 15:00:00,44.67879877068938
2024-07-08 16:00:00,44.36829553016753
2024-07-08 17:00:00,30.322537496208454
2024-07-08 18:00:00,46.675286831598314
2024-07-08 19:00:00,30.094508285330924
2024-07-08 20:00:00,36.72438424590693
2024-07-08 21:00:00,45.53511767672264
2024-07-08 22:00:00,42.534027859726116
2024-07-08 23:00:00,40.67517386290078
2024-07-09 00:00:00,43.33775946588739
2024-07-09 01:00:00,33.14733366482366
2024-07-09 02:00:00,49.213424854303945
2024-07-09 03:00:00,35.47686541456958
2024-07-09 04:00:00,45.852239443855865
2024-07-09 05:00:00,40.4661312311594
2024-07-09 06:00:00,38.43561488563513
2024-07-09 07:00:00,46.54262178884326
2024-07-09 08:00:00,47.857378889995395
2024-07-09 09:00:00,43.04312956485331
2024-07-09 10:00:00,40.3983824470352
2024-07-09 11:00:00,34.13115693659027
2024-07-09 12:00:00,34.230679194519794
2024-07-09 13:00:00,47.921996124145906
2024-07-09 14:00:00,42.003214046818094
2024-07-09 15:00:00,33.5656887741298
2024-07-09 16:00:00,32.56318537647854
2024-07-09 17:00:00,42.86197774958595
2024-07-09 18:00:00,36.89259506222345
2024-07-09 19:00:00,44.54241531316385
2024-07-09 20:00:00,44.37685607878816
2024-07-09 21:00:00,45.6084444588591
2024-07-09 22:00:00,34.347903632736354
2024-07-09 23:00:00,49.90617656714652
2024-07-10 00:00:00,41.25652231775625
2024-07-10 01:00:00,37.15177546562487
2024-07-10 02:00:00,33.69086377310644
2024-07-10 03:00:00,35.31716962262346
2024-07-10 04:00:00,44.179587411864745
2024-07-10 05:00:00,48.12535596026354
2024-07-10 06:00:00,40.26741595353828
2024-07-10 07:00:00,30.09421976218245
2024-07-10 08:00:00,41.940375461329786
2024-07-10 09:00:00,48.73941772105908
2024-07-10 10:00:00,37.182246301474436
2024-07-10 11:00:00,42.28210826212667
2024-07-10 12:00:00,30.490268657390963
2024-07-10 13:00:00,49.448787382085555
2024-07-10 14:00:00,41.35687877665435
2024-07-10 15:00:00,46.48857305526886
2024-07-10 16:00:00,30.040305156824495
2024-07-10 17:00:00,36.98231872470018
2024-07-10 18:00:00,34.2693248416319
2024-07-10 19:00:00,31.929667757535366
2024-07-10 20:00:00,49.408851823072716
2024-07-10 21:00:00,38.78312485881593
2024-07-10 22:00:00,48.376831201750726
2024-07-10 23:00:00,38.6160437576178
2024-07-11 00:00:00,49.910004073573006
2024-07-11 01:00:00,40.083081292457194
2024-07-11 02:00:00,47.92589588987263
2024-07-11 03:00:00,47.100599929723835
2024-07-11 04:00:00,35.68860548163806
2024-07-11 05:00:00,30.27288456749593
2024-07-11 06:00:00,36.2832441455577
2024-07-11 07:00:00,49.44103514215786
2024-07-11 08:00:00,39.08537113308984
2024-07-11 09:00:00,44.788036352750325
2024-07-11 10:00:00,31.948634243460972
2024-07-11 11:00:00,42.44793239175233
2024-07-11 12:00:00,38.90181445393037
2024-07-11 13:00:00,33.67026415789787
2024-07-11 14:00:00,43.117790775381366
2024-07-11 15:00:00,31.055203140780613
2024-07-11 16:00:00,33.07383862591932
2024-07-11 17:00:00,43.62532410951866
2024-07-11 18:00:00,34.67717320993226
2024-07-11 19:00:00,48.06286895991874
2024-07-11 20:00:00,32.43484834074159
2024-07-11 21:00:00,48.41098038947218
2024-07-11 22:00:00,34.397602512915235
2024-07-11 23:00:00,30.6028284086631
2024-07-12 00:00:00,34.219953717914244
2024-07-12 01:00:00,37.30821364112966
2024-07-12 02:00:00,49.25429894639147
2024-07-12 03:00:00,31.566995575582403
2024-07-12 04:00:00,32.4014704120445
2024-07-12 05:00:00,49.2567899191427
2024-07-12 06:00:00,40.56521130565297
2024-07-12 07:00:00,41.43751913843392
2024-07-12 08:00:00,43.921787334665375
2024-07-12 09:00:00,48.72141083117385
2024-07-12 10:00:00,31.81067134345505
2024-07-12 11:00:00,35.51445640654395
2024-07-12 12:00:00,38.249025760860405
2024-07-12 13:00:00,33.03550306229377
2024-07-12 14:00:00,49.306922296658094
2024-07-12 15:00:00,34.442401970908435
2024-07-12 16:00:00,42.4814787602594
2024-07-12 17:00:00,34.39125218272015
2024-07-12 18:00:00,34.23841712729737
2024-07-12 19:00:00,31.384634546930418
2024-07-12 20:00:00,46.47051797461842
2024-07-12 21:00:00,37.658232826752055
2024-07-12 22:00:00,39.34172284967682
2024-07-12 23:00:00,31.208062233045943
2024-07-13 00:00:00,39.66986510198329
2024-07-13 01:00:00,39.73180187179787
2024-07-13 02:00:00,37.94887510399205
2024-07-13 03:00:00,49.46037328210812
2024-07-13 04:00:00,49.96434202672662
2024-07-13 05:00:00,44.29797852942707
2024-07-13 06:00:00,31.93928625977055
2024-07-13 07:00:00,48.95802277528853
2024-07-13 08:00:00,48.788494232613544
2024-07-13 09:00:00,37.9056183820836
2024-07-13 10:00:00,33.830081489281724
2024-07-13 11:00:00,45.99111181455533
2024-07-13 12:00:00,42.50393138921275
2024-07-13 13:00:00,43.61346102979083
2024-07-13 14:00:00,40.7573542822783
2024-07-13 15:00:00,40.79180436209231
2024-07-13 16:00:00,47.31103664855169
2024-07-13 17:00:00,30.26546281765562
2024-07-13 18:00:00,46.995387742996755
2024-07-13 19:00:00,39.453921379216084
2024-07-13 20:00:00,34.47861912811004
2024-07-13 21:00:00,37.45569718147708
2024-07-13 22:00:00,45.943341463163165
2024-07-13 23:00:00,37.016294511596726
2024-07-14 00:00:00,46.616044537006005
2024-07-14 01:00:00,45.05707169640006
2024-07-14 02:00:00,36.577065658414384
2024-07-14 03:00:00,38.83860044872911
2024-07-14 04:00:00,48.016395607535344
2024-07-14 05:00:00,30.3260888055118
2024-07-14 06:00:00,48.48625706489836
2024-07-14 07:00:00,47.73237849146017
2024-07-14 08:00:00,48.069671357977384
2024-07-14 09:00:00,42.54048117191307
2024-07-14 10:00:00,46.44418836615367
2024-07-14 11:00:00,39.54826379644621
2024-07-14 12:00:00,34.312714167861174
2024-07-14 13:00:00,33.233277339899196
2024-07-14 14:00:00,46.496124701075935
2024-07-14 15:00:00,31.97771119840951
2024-07-14 16:00:00,44.04141109701965
2024-07-14 17:00:00,39.66774314257178
2024-07-14 18:00:00,33.55082470611009
2024-07-14 19:00:00,34.33993970803018
2024-07-14 20:00:00,45.52073068483652
2024-07-14 21:00:00,37.11151786283237
2024-07-14 22:00:00,40.998931538192465
2024-07-14 23:00:00,34.16919139289138
2024-07-15 00:00:00,30.67348838243322
2024-07-15 01:00:00,37.57161204330214
2024-07-15 02:00:00,41.088825242210376
2024-07-15 03:00:00,40.264044968360494
2024-07-15 04:00:00,43.98775601105004
2024-07-15 05:00:00,40.833336380401676
2024-07-15 06:00:00,30.134924246093423
2024-07-15 07:00:00,37.719727643132416
2024-07-15 08:00:00,37.54195657986734
2024-07-15 09:00:00,35.08221203996892
2024-07-15 10:00:00,35.85786414050187
2024-07-15 11:00:00,44.7679151663644
2024-07-15 12:00:00,49.833859099269574
2024-07-15 13:00:00,39.436770980129495
2024-07-15 14:00:00,48.02755895254843
2024-07-15 15:00:00,38.96844895814056
2024-07-15 16:00:00,48.696106966337766
2024-07-15 17:00:00,43.88998040387298
2024-07-15 18:00:00,34.70802096560887
2024-07-15 19:00:00,36.460401469316345
2024-07-15 20:00:00,34.587076757292564
2024-07-15 21:00:00,35.879146602315984
2024-07-15 22:00:00,30.91634057730187
2024-07-15 23:00:00,34.314184517944526
2024-07-16 00:00:00,39.40605644313089
2024-07-16 01:00:00,30.086561618034125
2024-07-16 02:00:00,38.068074271829815
2024-07-16 03:00:00,49.0871100803742
2024-07-16 04:00:00,44.273670667459335
2024-07-16 05:00:00,45.290257645589406
2024-07-16 06:00:00,37.73913671459614
2024-07-16 07:00:00,34.50462689393394
2024-07-16 08:00:00,37.1824385494314
2024-07-16 09:00:00,44.95678017542368
2024-07-16 10:00:00,32.719134316785365
2024-07-16 11:00:00,46.31537725310222
2024-07-16 12:00:00,31.5831186180408
2024-07-16 13:00:00,35.400910338577916
2024-07-16 14:00:00,30.961043556216836
2024-07-16 15:00:00,30.619048585356566
2024-07-16 16:00:00,42.69652633821978
2024-07-16 17:00:00,49.780629362166714
2024-07-16 18:00:00,40.13075032822108
2024-07-16 19:00:00,47.24884922155145
2024-07-16 20:00:00,30.347375454247207
2024-07-16 21:00:00,38.095867889021775
2024-07-16 22:00:00,33.12637938523969
2024-07-16 23:00:00,46.012936346407145
2024-07-17 00:00:00,36.447164484083686
2024-07-17 01:00:00,33.58534528152777
2024-07-17 02:00:00,48.651478862042055
2024-07-17 03:00:00,35.21599995703983
2024-07-17 04:00:00,45.629450764311656
2024-07-17 05:00:00,43.53966006029432
2024-07-17 06:00:00,32.98855803411004
2024-07-17 07:00:00,43.48753019394234
2024-07-17 08:00:00,33.13290566192491
2024-07-17 09:00:00,38.73879600216816
2024-07-17 10:00:00,30.46116359097703
2024-07-17 11:00:00,47.50132215909603
2024-07-17 12:00:00,35.52032745587145
2024-07-17 13:00:00,39.65289346600031
2024-07-17 14:00:00,48.20227697542551
2024-07-17 15:00:00,41.83077696653105
2024-07-17 16:00:00,46.57125036747382
2024-07-17 17:00:00,48.72844456448672
2024-07-17 18:00:00,38.9134129153096
2024-07-17 19:00:00,34.98698079240961
2024-07-17 20:00:00,40.80174291662583
2024-07-17 21:00:00,34.31058627996624
2024-07-17 22:00:00,37.66617730741551
2024-07-17 23:00:00,37.24417412334345
2024-07-18 00:00:00,30.953048639847882
2024-07-18 01:00:00,39.29276824343501
2024-07-18 02:00:00,45.8774649706911
2024-07-18 03:00:00,47.14511445426329
2024-07-18 04:00:00,48.298621940230944
2024-07-18 05:00:00,46.53375084909332
2024-07-18 06:00:00,44.92319368374747
2024-07-18 07:00:00,47.11802617660709
2024-07-18 08:00:00,42.97394347427253
2024-07-18 09:00:00,37.44763729252393
2024-07-18 10:00:00,40.75264152328316
2024-07-18 11:00:00,43.992551442470884
2024-07-18 12:00:00,33.741079609574456
2024-07-18 13:00:00,41.111799811474306
2024-07-18 14:00:00,40.62971443077009
2024-07-18 15:00:00,49.93911065263336
2024-07-18 16:00:00,38.78539096620935
2024-07-18 17:00:00,49.91726989534442
2024-07-18 18:00:00,31.84953151762665
2024-07-18 19:00:00,36.10314671393547
2024-07-18 20:00:00,39.75761511484002
2024-07-18 21:00:00,41.32290914392617
2024-07-18 22:00:00,33.89685128527812
2024-07-18 23:00:00,34.22654958914465
2024-07-19 00:00:00,43.75623940078821
2024-07-19 01:00:00,36.32582263957249
2024-07-19 02:00:00,38.49041130154422
2024-07-19 03:00:00,40.90657775038278
2024-07-19 04:00:00,39.41980999115421
2024-07-19 05:00:00,40.458970762355584
2024-07-19 06:00:00,33.59573578757876
2024-07-19 07:00:00,30.43327132675492
2024-07-19 08:00:00,33.04161422526664
2024-07-19 09:00:00,34.788205712110816
2024-07-19 10:00:00,48.43115598060494
2024-07-19 11:00:00,47.71728918146826
2024-07-19 12:00:00,39.25368419274391
2024-07-19 13:00:00,35.354883615158016
2024-07-19 14:00:00,43.772549583639524
2024-07-19 15:00:00,40.07599654848535
2024-07-19 16:00:00,39.061725204464864
2024-07-19 17:00:00,31.618704433340465
2024-07-19 18:00:00,46.580793195866484
2024-07-19 19:00:00,30.940781138393888
2024-07-19 20:00:00,35.569821525578675
2024-07-19 21:00:00,43.842430212211234
2024-07-19 22:00:00,40.77071683470789
2024-07-19 23:00:00,33.33153522626646
2024-07-20 00:00:00,38.63059843824731
2024-07-20 01:00:00,38.44663788300747
2024-07-20 02:00:00,35.41222930651026
2024-07-20 03:00:00,39.622486803103826
2024-07-20 04:00:00,34.93822044167204
2024-07-20 05:00:00,36.97484664950116
2024-07-20 06:00:00,41.440888458699966
2024-07-20 07:00:00,36.59977274331965
2024-07-20 08:00:00,35.835524126569915
2024-07-20 09:00:00,30.757407926006476
2024-07-20 10:00:00,35.85169051798481
2024-07-20 11:00:00,46.70298321265682
2024-07-20 12:00:00,30.749808451712592
2024-07-20 13:00:00,40.76184588146789
2024-07-20 14:00:00,43.45852007861624
2024-07-20 15:00:00,42.58773168349393
2024-07-20 16:00:00,32.297290551145935
2024-07-20 17:00:00,40.829326817228775
2024-07-20 18:00:00,37.21382520828511
2024-07-20 19:00:00,34.02409179090561
2024-07-20 20:00:00,48.45138884909035
2024-07-20 21:00:00,34.390172485462436
2024-07-20 22:00:00,33.18339402714882
2024-07-20 23:00:00,38.07636452201042
2024-07-21 00:00:00,47.169859889501225
2024-07-21 01:00:00,49.10421001889799
2024-07-21 02:00:00,40.60540176755535
2024-07-21 03:00:00,35.54453789596886
2024-07-21 04:00:00,36.848901016399054
2024-07-21 05:00:00,35.24440612902557
2024-07-21 06:00:00,33.448620664118565
2024-07-21 07:00:00,39.47322675883064
2024-07-21 08:00:00,44.30247572783139
2024-07-21 09:00:00,35.130350400891885
2024-07-21 10:00:00,37.172818670676975
2024-07-21 11:00:00,37.743471233438655
2024-07-21 12:00:00,45.491129838857354
2024-07-21 13:00:00,41.871053648690406
2024-07-21 14:00:00,49.83375621943533
2024-07-21 15:00:00,46.892157454382954
2024-07-21 16:00:00,32.74529719445354
2024-07-21 17:00:00,43.005663350021166
2024-07-21 18:00:00,31.031062479332437
2024-07-21 19:00:00,35.301234861870384
2024-07-21 20:00:00,44.53727101228377
2024-07-21 21:00:00,30.694257735600104
2024-07-21 22:00:00,40.19711144174639
2024-07-21 23:00:00,49.21507181614214
2024-07-22 00:00:00,46.54253117754604
2024-07-22 01:00:00,33.363671439633684
2024-07-22 02:00:00,30.978185532295168
2024-07-22 03:00:00,35.43671594580859
2024-07-22 04:00:00,45.084588302321485
2024-07-22 05:00:00,44.94224681917104
2024-07-22 06:00:00,49.71753304142491
2024-07-22 07:00:00,39.27884046851473
2024-07-22 08:00:00,48.09426601210667
2024-07-22 09:00:00,45.94679520782432
2024-07-22 10:00:00,47.90974672886966
2024-07-22 11:00:00,43.40125418438953
2024-07-22 12:00:00,33.93070236952611
2024-07-22 13:00:00,44.14542711022876
2024-07-22 14:00:00,30.61243584056858
2024-07-22 15:00:00,34.57136399667886
2024-07-22 16:00:00,33.30452261129024
2024-07-22 17:00:00,45.65424086664048
2024-07-22 18:00:00,36.28604264175291
2024-07-22 19:00:00,43.86310863320515
2024-07-22 20:00:00,42.53663164618163
2024-07-22 21:00:00,34.02922673506646
2024-07-22 22:00:00,33.03465123231827
2024-07-22 23:00:00,36.260527138533966
2024-07-23 00:00:00,32.115851434333074
2024-07-23 01:00:00,30.36679910693951
2024-07-23 02:00:00,47.19043785505147
2024-07-23 03:00:00,43.95039418534676
2024-07-23 04:00:00,34.84485989373405
2024-07-23 05:00:00,39.39364270364462
2024-07-23 06:00:00,31.45296613443695
2024-07-23 07:00:00,48.14694658159486
2024-07-23 08:00:00,40.20595082259804
2024-07-23 09:00:00,42.02490413194969
2024-07-23 10:00:00,37.13591051615851
2024-07-23 11:00:00,36.61890948550956
2024-07-23 12:00:00,41.14223002134283
2024-07-23 13:00:00,37.92501185288563
2024-07-23 14:00:00,40.82628378180184
2024-07-23 15:00:00,37.81484947165349
2024-07-23 16:00:00,39.84561181621409
2024-07-23 17:00:00,33.39791466099818
2024-07-23 18:00:00,45.48267336857246
2024-07-23 19:00:00,39.65045588611726
2024-07-23 20:00:00,34.370111268631945
2024-07-23 21:00:00,46.770190086061845
2024-07-23 22:00:00,49.19583953147277
2024-07-23 23:00:00,48.56240076880654
2024-07-24 00:00:00,46.579947926341895
2024-07-24 01:00:00,46.18604547601606
2024-07-24 02:00:00,33.05563592395931
2024-07-24 03:00:00,36.658760705662054
2024-07-24 04:00:00,46.856891034880874
2024-07-24 05:00:00,40.93032988191677
2024-07-24 06:00:00,38.333352389455214
2024-07-24 07:00:00,42.70301074356672
2024-07-24 08:00:00,37.36783149278082
2024-07-24 09:00:00,46.77305723101547
2024-07-24 10:00:00,40.78458680690249
2024-07-24 11:00:00,42.927712471741884
2024-07-24 12:00:00,39.917053820446355
2024-07-24 13:00:00,40.75819051223826
2024-07-24 14:00:00,47.48018468707858
2024-07-24 15:00:00,44.069448994698874
2024-07-24 16:00:00,41.74790366275798
2024-07-24 17:00:00,36.91053279566987
2024-07-24 18:00:00,36.49959443181532
2024-07-24 19:00:00,39.28164637692399
2024-07-24 20:00:00,49.260643738512655
2024-07-24 21:00:00,31.706042315728023
2024-07-24 22:00:00,42.38509387710637
2024-07-24 23:00:00,33.67262108173013
2024-07-25 00:00:00,49.252065021677055
2024-07-25 01:00:00,48.80794221074929
2024-07-25 02:00:00,44.867303743471865
2024-07-25 03:00:00,31.735366513746495
2024-07-25 04:00:00,48.374282201344535
2024-07-25 05:00:00,33.3463434612852
2024-07-25 06:00:00,35.58508703440407
2024-07-25 07:00:00,41.80574567403046
2024-07-25 08:00:00,39.89099684918118
2024-07-25 09:00:00,35.35170516450402
2024-07-25 10:00:00,37.00148717693821
2024-07-25 11:00:00,44.015168447140994
2024-07-25 12:00:00,42.57807557480756
2024-07-25 13:00:00,46.51963560712831
2024-07-25 14:00:00,35.273936768407594
2024-07-25 15:00:00,40.43162844303223
2024-07-25 16:00:00,40.74521363443792
2024-07-25 17:00:00,38.70103849065345
2024-07-25 18:00:00,42.50747845234063
2024-07-25 19:00:00,31.576525985808534
2024-07-25 20:00:00,43.533840158727756
2024-07-25 21:00:00,36.63779375371407
2024-07-25 22:00:00,48.62703257534935
2024-07-25 23:00:00,41.037884059715026
2024-07-26 00:00:00,39.53459273587348
2024-07-26 01:00:00,41.0984915872881
2024-07-26 02:00:00,43.10803249280076
2024-07-26 03:00:00,48.9312935414822
2024-07-26 04:00:00,49.827225263299844
2024-07-26 05:00:00,37.451752217817116
2024-07-26 06:00:00,45.129440603917125
2024-07-26 07:00:00,46.41572756236417
2024-07-26 08:00:00,47.64995023319959
2024-07-26 09:00:00,38.29141677431516
2024-07-26 10:00:00,49.171901683008926
2024-07-26 11:00:00,31.99220722306811
2024-07-26 12:00:00,39.032121820214414
2024-07-26 13:00:00,30.67914836303268
2024-07-26 14:00:00,47.17768188487805
2024-07-26 15:00:00,31.902653211392327
2024-07-26 16:00:00,48.42566175137823
2024-07-26 17:00:00,35.9871646535622
2024-07-26 18:00:00,35.71822064166916
2024-07-26 19:00:00,30.121951682718983
2024-07-26 20:00:00,30.272008603904474
2024-07-26 21:00:00,44.48023874111857
2024-07-26 22:00:00,48.741368037634366
2024-07-26 23:00:00,36.65184395885659
2024-07-27 00:00:00,39.23983597356472
2024-07-27 01:00:00,37.810736204988075
2024-07-27 02:00:00,30.618650732728558
2024-07-27 03:00:00,40.90768486214628
2024-07-27 04:00:00,42.56090142312101
2024-07-27 05:00:00,40.70962537925426
2024-07-27 06:00:00,33.737000788129784
2024-07-27 07:00:00,31.761368810654815
2024-07-27 08:00:00,47.339733185848004
2024-07-27 09:00:00,38.77520170306809
2024-07-27 10:00:00,34.97908435683218
2024-07-27 11:00:00,42.362879812158305
2024-07-27 12:00:00,41.23434476562922
2024-07-27 13:00:00,32.57678108540044
2024-07-27 14:00:00,39.695643273114264
2024-07-27 15:00:00,39.84917497320864
2024-07-27 16:00:00,46.08745242595875
2024-07-27 17:00:00,34.20068087843078
2024-07-27 18:00:00,34.743564102140056
2024-07-27 19:00:00,48.11013836761073
2024-07-27 20:00:00,41.515584470417174
2024-07-27 21:00:00,47.22211728701533
2024-07-27 22:00:00,39.670860302614315
2024-07-27 23:00:00,38.51126096362519
2024-07-28 00:00:00,46.49375079695926
2024-07-28 01:00:00,43.53154052992349
2024-07-28 02:00:00,37.66317633916322
2024-07-28 03:00:00,41.88602490517238
2024-07-28 04:00:00,38.028492123739916
2024-07-28 05:00:00,49.95337143402487
2024-07-28 06:00:00,34.26155472945118
2024-07-28 07:00:00,35.46034652161953
2024-07-28 08:00:00,49.336884461793325
2024-07-28 09:00:00,45.09063142454362
2024-07-28 10:00:00,30.95160739511467
2024-07-28 11:00:00,38.71290901710557
2024-07-28 12:00:00,49.677966315018764
2024-07-28 13:00:00,47.46374430429039
2024-07-28 14:00:00,44.14757066796961
2024-07-28 15:00:00,31.197979105576298
2024-07-28 16:00:00,40.1462535373939
2024-07-28 17:00:00,47.047546407342224
2024-07-28 18:00:00,49.673690344180045
2024-07-28 19:00:00,37.242237239837586
2024-07-28 20:00:00,31.9213788983525
2024-07-28 21:00:00,39.41818809724812
2024-07-28 22:00:00,34.54135351373759
2024-07-28 23:00:00,35.359274560123
2024-07-29 00:00:00,42.50466344958113
2024-07-29 01:00:00,32.42618598837786
2024-07-29 02:00:00,33.95710380696647
2024-07-29 03:00:00,36.97582694165195
2024-07-29 04:00:00,41.13213453023987
2024-07-29 05:00:00,32.20664596892286
2024-07-29 06:00:00,33.67959009039155
2024-07-29 07:00:00,33.59684424441746
2024-07-29 08:00:00,44.50959171716671
2024-07-29 09:00:00,48.30755908899106
2024-07-29 10:00:00,48.4364385426218
2024-07-29 11:00:00,41.01276635606847
2024-07-29 12:00:00,49.06127124994626
2024-07-29 13:00:00,48.16168847939086
2024-07-29 14:00:00,36.66320096733307
2024-07-29 15:00:00,32.14266822654949
2024-07-29 16:00:00,32.419121430414414
2024-07-29 17:00:00,37.44375524001449
2024-07-29 18:00:00,34.41330784583873
2024-07-29 19:00:00,33.486564179018224
2024-07-29 20:00:00,45.734226213593395
2024-07-29 21:00:00,30.425184116306454
2024-07-29 22:00:00,30.211973485623933
2024-07-29 23:00:00,47.630891092855975
2024-07-30 00:00:00,44.08604075671053
2024-07-30 01:00:00,43.06340987815111
2024-07-30 02:00:00,46.17337307660906
2024-07-30 03:00:00,46.46490017426703
2024-07-30 04:00:00,49.94526771662677
2024-07-30 05:00:00,34.114562861547796
2024-07-30 06:00:00,45.79073612584252
2024-07-30 07:00:00,41.22766697510244
2024-07-30 08:00:00,37.206655560473436
2024-07-30 09:00:00,48.80240887499503
2024-07-30 10:00:00,45.510316746215196
2024-07-30 11:00:00,32.42640711087351
2024-07-30 12:00:00,47.49650149515631
2024-07-30 13:00:00,37.873114603268036
2024-07-30 14:00:00,35.71987429903052
2024-07-30 15:00:00,37.10434686191404
2024-07-30 16:00:00,48.16131795842684
2024-07-30 17:00:00,41.02350679785823
2024-07-30 18:00:00,37.40610565894082
2024-07-30 19:00:00,37.66667084572222
2024-07-30 20:00:00,42.654001769376784
2024-07-30 21:00:00,30.620212654014328
2024-07-30 22:00:00,41.558154289152306
2024-07-30 23:00:00,36.923024027414584
2024-07-31 00:00:00,32.43216030782207
2024-07-31 01:00:00,31.086661173065025
2024-07-31 02:00:00,37.94659557669607
2024-07-31 03:00:00,46.645753374265354
2024-07-31 04:00:00,37.10202608937484
2024-07-31 05:00:00,38.14451592363724
2024-07-31 06:00:00,43.603937797979555
2024-07-31 07:00:00,33.51858652423296
2024-07-31 08:00:00,35.75985993569229
2024-07-31 09:00:00,47.957438177882985
2024-07-31 10:00:00,41.193537045908016
2024-07-31 11:00:00,37.70736886239909
2024-07-31 12:00:00,37.80816242750507
2024-07-31 13:00:00,30.974993268687047
2024-07-31 14:00:00,37.265301020925236
2024-07-31 15:00:00,37.37089454065216
2024-07-31 16:00:00,43.86447772517023
2024-07-31 17:00:00,31.280079337632284
2024-07-31 18:00:00,36.40152204823768
2024-07-31 19:00:00,33.958073731320354
2024-07-31 20:00:00,32.567996228056444
2024-07-31 21:00:00,33.75456733394238
2024-07-31 22:00:00,46.3178119842524
2024-07-31 23:00:00,45.63861671844699
2024-08-01 00:00:00,176.78235945350596
2024-08-01 01:00:00,178.9880328441903
2024-08-01 02:00:00,173.39774111899914
2024-08-01 03:00:00,162.1880223475809
2024-08-01 04:00:00,209.08901239316788
2024-08-01 05:00:00,192.0413636374718
2024-08-01 06:00:00,197.67620076257163
2024-08-01 07:00:00,169.6297237668386
2024-08-01 08:00:00,69.29759629025172
2024-08-01 09:00:00,68.75049010042355
2024-08-01 10:00:00,72.49851267575538
2024-08-01 11:00:00,62.39000372332913
2024-08-01 12:00:00,73.16909449307289
2024-08-01 13:00:00,73.0453674211834
2024-08-01 14:00:00,63.57873321709944
2024-08-01 15:00:00,82.07227148020031
2024-08-01 16:00:00,66.2465274430779
2024-08-01 17:00:00,77.79371839366733
2024-08-01 18:00:00,67.42225081630565
2024-08-01 19:00:00,194.28599524394755
2024-08-01 20:00:00,197.6861442106728
2024-08-01 21:00:00,184.76153192394304
2024-08-01 22:00:00,175.37930498074482
2024-08-01 23:00:00,181.06938704616718
2024-08-02 00:00:00,175.201369272533
2024-08-02 01:00:00,169.89637505463355
2024-08-02 02:00:00,193.71065318924508
2024-08-02 03:00:00,185.63549677970406
2024-08-02 04:00:00,206.26324965979245
2024-08-02 05:00:00,178.45598116615565
2024-08-02 06:00:00,144.74877945413192
2024-08-02 07:00:00,168.12292898351927
2024-08-02 08:00:00,63.197587776037366
2024-08-02 09:00:00,55.79930370891306
2024-08-02 10:00:00,78.93930786928581
2024-08-02 11:00:00,66.6003478264345
2024-08-02 12:00:00,63.97498897664278
2024-08-02 13:00:00,76.4589760002342
2024-08-02 14:00:00,80.45285479970437
2024-08-02 15:00:00,64.57274887709858
2024-08-02 16:00:00,76.14380845451626
2024-08-02 17:00:00,67.40680647867926
2024-08-02 18:00:00,88.18981543275038
2024-08-02 19:00:00,166.86480622703093
2024-08-02 20:00:00,183.02058370065302
2024-08-02 21:00:00,203.6776878058775
2024-08-02 22:00:00,162.321915125647
2024-08-02 23:00:00,192.8140370847927
2024-08-03 00:00:00,185.95184802828342
2024-08-03 01:00:00,167.24427619999767
2024-08-03 02:00:00,185.93540853881683
2024-08-03 03:00:00,213.67773476362908
2024-08-03 04:00:00,174.91468521805186
2024-08-03 05:00:00,157.03724598767147
2024-08-03 06:00:00,170.41128540095852
2024-08-03 07:00:00,152.98088707067743
2024-08-03 08:00:00,61.853259737999274
2024-08-03 09:00:00,84.63097252128864
2024-08-03 10:00:00,77.68056466884482
2024-08-03 11:00:00,56.88206947572031
2024-08-03 12:00:00,70.69790636627914
2024-08-03 13:00:00,77.53033995491163
2024-08-03 14:00:00,60.33200074902024
2024-08-03 15:00:00,55.93521820830705
2024-08-03 16:00:00,61.82388547149053
2024-08-03 17:00:00,70.01280510957538
2024-08-03 18:00:00,73.63936675590024
2024-08-03 19:00:00,153.68871396820387
2024-08-03 20:00:00,201.1027616710889
2024-08-03 21:00:00,158.29968301633625
2024-08-03 22:00:00,169.944679072194
2024-08-03 23:00:00,194.56116219262387
2024-08-04 00:00:00,198.46922033807627
2024-08-04 01:00:00,178.3543804597661
2024-08-04 02:00:00,158.94144551199832
2024-08-04 03:00:00,190.86704893481578
2024-08-04 04:00:00,196.94435176681807
2024-08-04 05:00:00,186.82147560742487
2024-08-04 06:00:00,171.6927893911962
2024-08-04 07:00:00,179.4638297934305
2024-08-04 08:00:00,63.85034636412777
2024-08-04 09:00:00,73.97705641529758
2024-08-04 10:00:00,65.24399403447137
2024-08-04 11:00:00,81.34276833613059
2024-08-04 12:00:00,52.41269174676714
2024-08-04 13:00:00,64.92649779049191
2024-08-04 14:00:00,71.53344141906891
2024-08-04 15:00:00,73.79128391172662
2024-08-04 16:00:00,88.43400280849758
2024-08-04 17:00:00,63.80867955432531
2024-08-04 18:00:00,64.02515907302922
2024-08-04 19:00:00,179.84889717647917
2024-08-04 20:00:00,155.89699965683423
2024-08-04 21:00:00,204.22714827856265
2024-08-04 22:00:00,158.58350602507736
2024-08-04 23:00:00,195.0570611217821
2024-08-05 00:00:00,159.91695956677023
2024-08-05 01:00:00,190.22859674675433
2024-08-05 02:00:00,173.81897833091566
2024-08-05 03:00:00,188.5642305420517
2024-08-05 04:00:00,179.50705127651923
2024-08-05 05:00:00,168.67344150182888
2024-08-05 06:00:00,170.33282435233505
2024-08-05 07:00:00,168.10510791588862
2024-08-05 08:00:00,75.8591708290522
2024-08-05 09:00:00,65.52044055888868
2024-08-05 10:00:00,69.63872315994502
2024-08-05 11:00:00,79.03947674789677
2024-08-05 12:00:00,75.33470538539943
2024-08-05 13:00:00,53.98459673453395
2024-08-05 14:00:00,64.02576518333319
2024-08-05 15:00:00,60.59892109136075
2024-08-05 16:00:00,57.29199759276658
2024-08-05 17:00:00,61.04847391329099
2024-08-05 18:00:00,61.626904564231296
2024-08-05 19:00:00,180.7313071402004
2024-08-05 20:00:00,166.17605550063956
2024-08-05 21:00:00,178.7329513257891
2024-08-05 22:00:00,207.97266857364136
2024-08-05 23:00:00,206.28627320811074
2024-08-06 00:00:00,169.1926362398529
2024-08-06 01:00:00,161.805610250014
2024-08-06 02:00:00,179.3659062495312
2024-08-06 03:00:00,207.46822958378087
2024-08-06 04:00:00,164.76480020625604
2024-08-06 05:00:00,179.563477114531
2024-08-06 06:00:00,184.55747635698236
2024-08-06 07:00:00,173.0169837514946
2024-08-06 08:00:00,58.0018814505807
2024-08-06 09:00:00,73.2309349233156
2024-08-06 10:00:00,73.81849462866911
2024-08-06 11:00:00,55.007402652382666
2024-08-06 12:00:00,57.4385072378833
2024-08-06 13:00:00,62.80522775769178
2024-08-06 14:00:00,76.84060482819241
2024-08-06 15:00:00,72.98784215600955
2024-08-06 16:00:00,61.38283671923618
2024-08-06 17:00:00,76.90865394452777
2024-08-06 18:00:00,56.78333302613189
2024-08-06 19:00:00,184.29108436673386
2024-08-06 20:00:00,155.55301630717972
2024-08-06 21:00:00,176.57951202996549
2024-08-06 22:00:00,174.7587054710765
2024-08-06 23:00:00,170.08336810003232
2024-08-07 00:00:00,194.27143577721762
2024-08-07 01:00:00,191.5031155555543
2024-08-07 02:00:00,186.53577239216256
2024-08-07 03:00:00,176.53786189259705
2024-08-07 04:00:00,165.69934094599972
2024-08-07 05:00:00,204.4325820115785
2024-08-07 06:00:00,199.44228943330558
2024-08-07 07:00:00,179.2329846296425
2024-08-07 08:00:00,52.07336835152328
2024-08-07 09:00:00,57.177337982377495
2024-08-07 10:00:00,61.16219152553008
2024-08-07 11:00:00,73.24172298947825
2024-08-07 12:00:00,72.77259899128182
2024-08-07 13:00:00,64.02247269579226
2024-08-07 14:00:00,63.350643730339776
2024-08-07 15:00:00,72.36766029622135
2024-08-07 16:00:00,67.18171119614561
2024-08-07 17:00:00,61.51767110043382
2024-08-07 18:00:00,66.90561236151541
2024-08-07 19:00:00,185.11936762860068
2024-08-07 20:00:00,178.57596477648022
2024-08-07 21:00:00,204.9826647217841
2024-08-07 22:00:00,155.7108530070031
2024-08-07 23:00:00,201.2328021943769
2024-08-08 00:00:00,187.19571556305453
2024-08-08 01:00:00,195.4993274445524
2024-08-08 02:00:00,160.21561080610638
2024-08-08 03:00:00,203.40706005106074
2024-08-08 04:00:00,182.4597844839976
2024-08-08 05:00:00,195.37637327019394
2024-08-08 06:00:00,178.09788904252702
2024-08-08 07:00:00,164.0072995256088
2024-08-08 08:00:00,66.83686613598394
2024-08-08 09:00:00,59.92326600144199
2024-08-08 10:00:00,68.4450888312911
2024-08-08 11:00:00,60.8017194389235
2024-08-08 12:00:00,75.8565052755785
2024-08-08 13:00:00,54.622949957621486
2024-08-08 14:00:00,68.64074434760096
2024-08-08 15:00:00,65.59226097964525
2024-08-08 16:00:00,64.50680306351863
2024-08-08 17:00:00,66.1235557433105
2024-08-08 18:00:00,58.217863212288066
2024-08-08 19:00:00,194.7216362099022
2024-08-08 20:00:00,171.10577149294403
2024-08-08 21:00:00,166.01756353458305
2024-08-08 22:00:00,190.89402642806743
2024-08-08 23:00:00,165.9095761207545
2024-08-09 00:00:00,193.6636522725821
2024-08-09 01:00:00,216.39312841897538
2024-08-09 02:00:00,216.20375054717152
2024-08-09 03:00:00,203.15262127321205
2024-08-09 04:00:00,205.51054936121318
2024-08-09 05:00:00,153.16653602945172
2024-08-09 06:00:00,203.8576955990377
2024-08-09 07:00:00,152.18337292554594
2024-08-09 08:00:00,73.3927146897312
2024-08-09 09:00:00,73.81881565286297
2024-08-09 10:00:00,79.8520464067261
2024-08-09 11:00:00,70.82492086980699
2024-08-09 12:00:00,76.30677864283739
2024-08-09 13:00:00,83.11995471471351
2024-08-09 14:00:00,66.36341978570505
2024-08-09 15:00:00,72.46809790362886
2024-08-09 16:00:00,69.17207921259912
2024-08-09 17:00:00,75.45793017533317
2024-08-09 18:00:00,76.86737200237317
2024-08-09 19:00:00,174.71813079534434
2024-08-09 20:00:00,162.6844743183317
2024-08-09 21:00:00,207.91496240220016
2024-08-09 22:00:00,146.0260328079731
2024-08-09 23:00:00,171.42130914981112
2024-08-10 00:00:00,183.34471224288487
2024-08-10 01:00:00,182.92309236681035
2024-08-10 02:00:00,167.05541712824584
2024-08-10 03:00:00,179.74285820882696
2024-08-10 04:00:00,185.1399069145586
2024-08-10 05:00:00,181.59405579000645
2024-08-10 06:00:00,193.74273487405975
2024-08-10 07:00:00,163.15538213703488
2024-08-10 08:00:00,67.56551371899914
2024-08-10 09:00:00,77.45784686086023
2024-08-10 10:00:00,59.98697517728673
2024-08-10 11:00:00,64.8383367056231
2024-08-10 12:00:00,75.84925450689836
2024-08-10 13:00:00,55.347429300846315
2024-08-10 14:00:00,61.933438270037115
2024-08-10 15:00:00,77.2254446346328
2024-08-10 16:00:00,61.5228170163411
2024-08-10 17:00:00,72.4868331056501
2024-08-10 18:00:00,63.119381280328895
2024-08-10 19:00:00,184.55419617943213
2024-08-10 20:00:00,177.8105081556766
2024-08-10 21:00:00,199.06542780091723
2024-08-10 22:00:00,185.04855173173786
2024-08-10 23:00:00,178.2603761830635
2024-08-11 00:00:00,162.7556727888368
2024-08-11 01:00:00,176.93533459650376
2024-08-11 02:00:00,175.31176856300078
2024-08-11 03:00:00,181.65261783971718
2024-08-11 04:00:00,162.22687707388863
2024-08-11 05:00:00,146.55156777254334
2024-08-11 06:00:00,190.4885891540435
2024-08-11 07:00:00,172.57075735147095
2024-08-11 08:00:00,81.47389721997297
2024-08-11 09:00:00,73.9159397208511
2024-08-11 10:00:00,56.77856648001407
2024-08-11 11:00:00,82.96960467211598
2024-08-11 12:00:00,66.29876212852675
2024-08-11 13:00:00,70.01215913720777
2024-08-11 14:00:00,76.70201821402377
2024-08-11 15:00:00,60.65569749222103
2024-08-11 16:00:00,65.23591366616189
2024-08-11 17:00:00,61.06980812925917
2024-08-11 18:00:00,59.78970845072966
2024-08-11 19:00:00,184.15429686613777
2024-08-11 20:00:00,167.83394888150218
2024-08-11 21:00:00,192.99400040712985
2024-08-11 22:00:00,186.08907726607342
2024-08-11 23:00:00,182.96150235482693
2024-08-12 00:00:00,177.4039721748833
2024-08-12 01:00:00,169.33884710828812
2024-08-12 02:00:00,181.06203624453462
2024-08-12 03:00:00,200.89337296808722
2024-08-12 04:00:00,153.2577840280558
2024-08-12 05:00:00,178.78438947950858
2024-08-12 06:00:00,193.3951584149312
2024-08-12 07:00:00,192.88632342579996
2024-08-12 08:00:00,75.61936360156002
2024-08-12 09:00:00,69.22428445653873
2024-08-12 10:00:00,81.06788124292538
2024-08-12 11:00:00,71.36838059200795
2024-08-12 12:00:00,82.37238607637931
2024-08-12 13:00:00,58.177680088817844
2024-08-12 14:00:00,83.92960143938085
2024-08-12 15:00:00,65.50970385465925
2024-08-12 16:00:00,70.0773672594458
2024-08-12 17:00:00,76.06633462530591
2024-08-12 18:00:00,64.8303836633342
2024-08-12 19:00:00,183.3017880905889
2024-08-12 20:00:00,190.49075943543747
2024-08-12 21:00:00,178.3520599194482
2024-08-12 22:00:00,165.89774216466273
2024-08-12 23:00:00,203.1928117716171
2024-08-13 00:00:00,200.6253421388421
2024-08-13 01:00:00,192.52773186249757
2024-08-13 02:00:00,165.6639359015868
2024-08-13 03:00:00,177.2032578963567
2024-08-13 04:00:00,166.40396938620339
2024-08-13 05:00:00,182.6036155181866
2024-08-13 06:00:00,190.3501313939115
2024-08-13 07:00:00,169.09738723257496
2024-08-13 08:00:00,72.39947255264458
2024-08-13 09:00:00,69.30142436577951
2024-08-13 10:00:00,66.13588229778432
2024-08-13 11:00:00,50.39260142161564
2024-08-13 12:00:00,70.86827995926042
2024-08-13 13:00:00,65.4220536826735
2024-08-13 14:00:00,66.65227978541597
2024-08-13 15:00:00,68.93546459240684
2024-08-13 16:00:00,55.47879697331277
2024-08-13 17:00:00,54.8763483379217
2024-08-13 18:00:00,75.28780332608933
2024-08-13 19:00:00,174.80007817896794
2024-08-13 20:00:00,187.9811320039484
2024-08-13 21:00:00,177.8122695061968
2024-08-13 22:00:00,184.64368373192184
2024-08-13 23:00:00,182.88319027038494
2024-08-14 00:00:00,174.10300998945272
2024-08-14 01:00:00,172.76099895563513
2024-08-14 02:00:00,162.42658021811317
2024-08-14 03:00:00,177.74288876046552
2024-08-14 04:00:00,192.94530554128482
2024-08-14 05:00:00,168.14953513708554
2024-08-14 06:00:00,192.31416991187825
2024-08-14 07:00:00,167.77057056283215
2024-08-14 08:00:00,51.20977506597853
2024-08-14 09:00:00,71.30845892255468
2024-08-14 10:00:00,81.17796702240312
2024-08-14 11:00:00,64.06455825376196
2024-08-14 12:00:00,82.61827939922478
2024-08-14 13:00:00,77.29980449187984
2024-08-14 14:00:00,67.24930133773483
2024-08-14 15:00:00,69.08256430504034
2024-08-14 16:00:00,66.6150790298253
2024-08-14 17:00:00,63.412335554410575
2024-08-14 18:00:00,65.02500585969388
2024-08-14 19:00:00,190.9987422722522
2024-08-14 20:00:00,164.71796428686932
2024-08-14 21:00:00,188.0239942777917
2024-08-14 22:00:00,175.4568780510006
2024-08-14 23:00:00,167.80788864904883
2024-08-15 00:00:00,191.33240140179134
2024-08-15 01:00:00,184.35915254877796
2024-08-15 02:00:00,197.00926059659452
2024-08-15 03:00:00,189.61293843690416
2024-08-15 04:00:00,184.5774834747129
2024-08-15 05:00:00,186.7066707425415
2024-08-15 06:00:00,173.0816727755925
2024-08-15 07:00:00,171.59483192012055
2024-08-15 08:00:00,73.46745507336678
2024-08-15 09:00:00,62.24019401085142
2024-08-15 10:00:00,69.29637913080903
2024-08-15 11:00:00,66.58913542241467
2024-08-15 12:00:00,48.32628040861012
2024-08-15 13:00:00,65.56001825273879
2024-08-15 14:00:00,53.44591151789058
2024-08-15 15:00:00,76.5022667623532
2024-08-15 16:00:00,64.12656833607787
2024-08-15 17:00:00,70.82366081208625
2024-08-15 18:00:00,82.64954824115378
2024-08-15 19:00:00,186.2860174407441
2024-08-15 20:00:00,192.00251925629823
2024-08-15 21:00:00,188.36506875008047
2024-08-15 22:00:00,190.17865356530797
2024-08-15 23:00:00,153.4277616763195
2024-08-16 00:00:00,195.8308280070917
2024-08-16 01:00:00,181.34473943587977
2024-08-16 02:00:00,205.81932699744453
2024-08-16 03:00:00,202.8098585057855
2024-08-16 04:00:00,167.99029281311186
2024-08-16 05:00:00,203.8677055804602
2024-08-16 06:00:00,194.564621341882
2024-08-16 07:00:00,192.8237378437645
2024-08-16 08:00:00,49.13495454293654
2024-08-16 09:00:00,71.80606592190846
2024-08-16 10:00:00,62.959073496379716
2024-08-16 11:00:00,65.52676527031834
2024-08-16 12:00:00,80.83377660689254
2024-08-16 13:00:00,72.8628384373869
2024-08-16 14:00:00,60.01878082992904
2024-08-16 15:00:00,75.06195484495572
2024-08-16 16:00:00,58.849483835113475
2024-08-16 17:00:00,50.06816074296919
2024-08-16 18:00:00,69.97185336609994
2024-08-16 19:00:00,198.97038886445995
2024-08-16 20:00:00,182.8521590635476
2024-08-16 21:00:00,184.82591663480162
2024-08-16 22:00:00,185.82211147910806
2024-08-16 23:00:00,171.55756945241075
2024-08-17 00:00:00,169.24441599852923
2024-08-17 01:00:00,189.74650104738265
2024-08-17 02:00:00,191.17468888490083
2024-08-17 03:00:00,166.39170961518175
2024-08-17 04:00:00,184.31630950744406
2024-08-17 05:00:00,186.12038074031392
2024-08-17 06:00:00,186.92404902634684
2024-08-17 07:00:00,178.52082154919307
2024-08-17 08:00:00,82.24143765093747
2024-08-17 09:00:00,77.31528670012993
2024-08-17 10:00:00,62.451444197819896
2024-08-17 11:00:00,64.43870095822173
2024-08-17 12:00:00,73.58800306628336
2024-08-17 13:00:00,63.506544641384984
2024-08-17 14:00:00,74.36792266065207
2024-08-17 15:00:00,74.54128058461558
2024-08-17 16:00:00,65.15354410854314
2024-08-17 17:00:00,84.5215816322885
2024-08-17 18:00:00,79.44655243925658
2024-08-17 19:00:00,181.71528372320978
2024-08-17 20:00:00,202.45962922279446
2024-08-17 21:00:00,178.98855081314704
2024-08-17 22:00:00,172.94043123028933
2024-08-17 23:00:00,168.6607202362662
2024-08-18 00:00:00,177.8149949308812
2024-08-18 01:00:00,167.640298726979
2024-08-18 02:00:00,197.57228966687785
2024-08-18 03:00:00,151.98091000334463
2024-08-18 04:00:00,216.29614759620284
2024-08-18 05:00:00,178.9171167994715
2024-08-18 06:00:00,201.8867641849584
2024-08-18 07:00:00,178.71713160539542
2024-08-18 08:00:00,70.41948309552016
2024-08-18 09:00:00,83.67848595826277
2024-08-18 10:00:00,72.73675396404606
2024-08-18 11:00:00,64.47775424865809
2024-08-18 12:00:00,61.9408434805002
2024-08-18 13:00:00,69.27408291284664
2024-08-18 14:00:00,58.75296925788998
2024-08-18 15:00:00,66.0181367466782
2024-08-18 16:00:00,54.9330404406417
2024-08-18 17:00:00,69.16038873206068
2024-08-18 18:00:00,62.928035303434484
2024-08-18 19:00:00,186.5004644638937
2024-08-18 20:00:00,176.24856223253073
2024-08-18 21:00:00,172.54554500884387
2024-08-18 22:00:00,189.11276048814892
2024-08-18 23:00:00,172.6824375378796
2024-08-19 00:00:00,190.9596521723844
2024-08-19 01:00:00,207.38727325160363
2024-08-19 02:00:00,193.90411942845566
2024-08-19 03:00:00,199.50060278573102
2024-08-19 04:00:00,164.31331993098854
2024-08-19 05:00:00,183.09856574299198
2024-08-19 06:00:00,182.7380399776379
2024-08-19 07:00:00,181.20163033150516
2024-08-19 08:00:00,71.42537066822607
2024-08-19 09:00:00,63.35684219602897
2024-08-19 10:00:00,69.20803728839513
2024-08-19 11:00:00,56.776335054118405
2024-08-19 12:00:00,76.03149011802748
2024-08-19 13:00:00,53.64426925136256
2024-08-19 14:00:00,57.206366087512066
2024-08-19 15:00:00,82.92378557899701
2024-08-19 16:00:00,65.09771141920504
2024-08-19 17:00:00,59.614379402397425
2024-08-19 18:00:00,83.26898828124098
2024-08-19 19:00:00,178.28386821429456
2024-08-19 20:00:00,198.57068574558133
2024-08-19 21:00:00,166.53691444516872
2024-08-19 22:00:00,180.72341398126596
2024-08-19 23:00:00,174.25016779673385
2024-08-20 00:00:00,209.82551201422066
2024-08-20 01:00:00,200.23450438148387
2024-08-20 02:00:00,153.78972429619057
2024-08-20 03:00:00,182.74216438451455
2024-08-20 04:00:00,180.24102816503176
2024-08-20 05:00:00,172.7867030056854
2024-08-20 06:00:00,169.01575986029772
2024-08-20 07:00:00,168.8057791253404
2024-08-20 08:00:00,83.97245425958047
2024-08-20 09:00:00,66.34172904546921
2024-08-20 10:00:00,68.10026507885296
2024-08-20 11:00:00,68.52311366058855
2024-08-20 12:00:00,83.03066089442132
2024-08-20 13:00:00,71.80678547825575
2024-08-20 14:00:00,63.69868162923201
2024-08-20 15:00:00,75.52074977783518
2024-08-20 16:00:00,78.84752604590099
2024-08-20 17:00:00,76.68056683533865
2024-08-20 18:00:00,77.09242347331129
2024-08-20 19:00:00,182.89567801398158
2024-08-20 20:00:00,184.0784627201956
2024-08-20 21:00:00,184.92089211185197
2024-08-20 22:00:00,176.9790876300799
2024-08-20 23:00:00,202.97263031168674
2024-08-21 00:00:00,184.81867076749657
2024-08-21 01:00:00,192.04662230702638
2024-08-21 02:00:00,180.62078732737592
2024-08-21 03:00:00,172.57993459052835
2024-08-21 04:00:00,194.09792977653268
2024-08-21 05:00:00,170.2457267225298
2024-08-21 06:00:00,197.03292732243995
2024-08-21 07:00:00,182.1056512491184
2024-08-21 08:00:00,80.05623134424243
2024-08-21 09:00:00,70.29599138544431
2024-08-21 10:00:00,75.37548763603462
2024-08-21 11:00:00,77.05886267605435
2024-08-21 12:00:00,61.56778545308058
2024-08-21 13:00:00,66.33687948948716
2024-08-21 14:00:00,73.73019705131128
2024-08-21 15:00:00,75.48681623277719
2024-08-21 16:00:00,68.85771685323235
2024-08-21 17:00:00,68.28643266432624
2024-08-21 18:00:00,77.87204459838017
2024-08-21 19:00:00,193.0415616534117
2024-08-21 20:00:00,195.56120907264696
2024-08-21 21:00:00,174.45062314361405
2024-08-21 22:00:00,180.4026945084923
2024-08-21 23:00:00,202.88664597132777
2024-08-22 00:00:00,167.67860464494083
2024-08-22 01:00:00,205.1391595244026
2024-08-22 02:00:00,204.29780401375714
2024-08-22 03:00:00,193.82023160151337
2024-08-22 04:00:00,172.39101623718972
2024-08-22 05:00:00,180.68341841046993
2024-08-22 06:00:00,167.68350688511111
2024-08-22 07:00:00,212.8607664511934
2024-08-22 08:00:00,73.83821528725036
2024-08-22 09:00:00,80.24478566945379
2024-08-22 10:00:00,78.20354662731356
2024-08-22 11:00:00,85.3180206847417
2024-08-22 12:00:00,57.15794463220628
2024-08-22 13:00:00,58.486739724680604
2024-08-22 14:00:00,55.27730292847672
2024-08-22 15:00:00,50.91403080772748
2024-08-22 16:00:00,59.464648490801665
2024-08-22 17:00:00,55.32361304389241
2024-08-22 18:00:00,82.24906408023165
2024-08-22 19:00:00,175.60106448193818
2024-08-22 20:00:00,191.5456813988828
2024-08-22 21:00:00,211.01442086669806
2024-08-22 22:00:00,183.78675674597315
2024-08-22 23:00:00,187.1050839879341
2024-08-23 00:00:00,189.64181367703998
2024-08-23 01:00:00,204.21266004076193
2024-08-23 02:00:00,189.11270863286109
2024-08-23 03:00:00,158.24726934952588
2024-08-23 04:00:00,170.78519398369247
2024-08-23 05:00:00,192.73136688809376
2024-08-23 06:00:00,172.84759257455954
2024-08-23 07:00:00,190.44313869780245
2024-08-23 08:00:00,60.759335406800275
2024-08-23 09:00:00,68.90923591295764
2024-08-23 10:00:00,75.34560469716389
2024-08-23 11:00:00,76.68788488870275
2024-08-23 12:00:00,61.320678755335166
2024-08-23 13:00:00,79.97300289465072
2024-08-23 14:00:00,67.37044958236991
2024-08-23 15:00:00,61.73306129946109
2024-08-23 16:00:00,67.75644238471038
2024-08-23 17:00:00,62.02768410818273
2024-08-23 18:00:00,67.88886230771234
2024-08-23 19:00:00,181.9127841754646
2024-08-23 20:00:00,188.47573975537176
2024-08-23 21:00:00,167.84611807527705
2024-08-23 22:00:00,193.68062152052735
2024-08-23 23:00:00,173.0447153845883
2024-08-24 00:00:00,208.0438911281966
2024-08-24 01:00:00,214.84603729688587
2024-08-24 02:00:00,156.12468801304684
2024-08-24 03:00:00,179.64383191553117
2024-08-24 04:00:00,173.23253724080118
2024-08-24 05:00:00,189.98900665697641
2024-08-24 06:00:00,197.9105708703931
2024-08-24 07:00:00,159.94805745833662
2024-08-24 08:00:00,73.24974178953674
2024-08-24 09:00:00,69.58568644100069
2024-08-24 10:00:00,83.17040802890068
2024-08-24 11:00:00,69.4342504717066
2024-08-24 12:00:00,58.3007314005817
2024-08-24 13:00:00,79.87845823052814
2024-08-24 14:00:00,65.10644817348502
2024-08-24 15:00:00,72.76860074323417
2024-08-24 16:00:00,70.51406697889136
2024-08-24 17:00:00,57.09800526844947
2024-08-24 18:00:00,65.46652233423673
2024-08-24 19:00:00,194.94512099249815
2024-08-24 20:00:00,192.8042863365303
2024-08-24 21:00:00,209.48989278948017
2024-08-24 22:00:00,171.74742352309514
2024-08-24 23:00:00,173.41671901504498
2024-08-25 00:00:00,184.59228308619748
2024-08-25 01:00:00,173.68214801374398
2024-08-25 02:00:00,181.66828274518198
2024-08-25 03:00:00,186.17447253136845
2024-08-25 04:00:00,172.16100268213927
2024-08-25 05:00:00,186.95398379758763
2024-08-25 06:00:00,182.14681887352467
2024-08-25 07:00:00,176.5790657490553
2024-08-25 08:00:00,76.372292448526
2024-08-25 09:00:00,72.47108671229485
2024-08-25 10:00:00,58.377206665855645
2024-08-25 11:00:00,68.31213923949946
2024-08-25 12:00:00,78.38789668866633
2024-08-25 13:00:00,64.26269177877006
2024-08-25 14:00:00,69.39902984100952
2024-08-25 15:00:00,62.07993387031608
2024-08-25 16:00:00,76.45058652944098
2024-08-25 17:00:00,80.26320172684191
2024-08-25 18:00:00,71.41414488310456
2024-08-25 19:00:00,185.4719952111735
2024-08-25 20:00:00,198.18283198800086
2024-08-25 21:00:00,189.4577297586925
2024-08-25 22:00:00,177.18425047321813
2024-08-25 23:00:00,184.20808607356625
2024-08-26 00:00:00,155.128672295318
2024-08-26 01:00:00,162.84697134454967
2024-08-26 02:00:00,207.83754068299658
2024-08-26 03:00:00,195.85044898062185
2024-08-26 04:00:00,181.32599039135806
2024-08-26 05:00:00,204.9809080445165
2024-08-26 06:00:00,202.08215464911044
2024-08-26 07:00:00,169.85807532780908
2024-08-26 08:00:00,60.729834311052194
2024-08-26 09:00:00,70.95780580864832
2024-08-26 10:00:00,76.1020806827566
2024-08-26 11:00:00,82.59811923084914
2024-08-26 12:00:00,63.63475170667468
2024-08-26 13:00:00,63.5872854051856
2024-08-26 14:00:00,72.94108773878509
2024-08-26 15:00:00,65.46675782633146
2024-08-26 16:00:00,82.23315060537534
2024-08-26 17:00:00,59.39383333946356
2024-08-26 18:00:00,83.387446412194
2024-08-26 19:00:00,186.45795485401658
2024-08-26 20:00:00,188.2146979393688
2024-08-26 21:00:00,193.75448441526726
2024-08-26 22:00:00,155.0951354329602
2024-08-26 23:00:00,181.7197146074315
2024-08-27 00:00:00,151.11450721352372
2024-08-27 01:00:00,197.28382956080364
2024-08-27 02:00:00,204.88889162350804
2024-08-27 03:00:00,182.31718991500054
2024-08-27 04:00:00,189.0839612343649
2024-08-27 05:00:00,201.84008571707142
2024-08-27 06:00:00,200.64094232490237
2024-08-27 07:00:00,193.75104283519937
2024-08-27 08:00:00,85.07323675729131
2024-08-27 09:00:00,63.034569455131894
2024-08-27 10:00:00,80.00758291288997
2024-08-27 11:00:00,83.01062471088034
2024-08-27 12:00:00,71.46319543741295
2024-08-27 13:00:00,87.67321705704087
2024-08-27 14:00:00,63.45941504278285
2024-08-27 15:00:00,64.11715838907594
2024-08-27 16:00:00,52.206920899769855
2024-08-27 17:00:00,63.220414331315546
2024-08-27 18:00:00,65.01048064988
2024-08-27 19:00:00,159.8631572356129
2024-08-27 20:00:00,178.33806629683326
2024-08-27 21:00:00,175.55995370729033
2024-08-27 22:00:00,182.88429418309977
2024-08-27 23:00:00,163.10161983223435
2024-08-28 00:00:00,177.14601247078437
2024-08-28 01:00:00,192.9303383656038
2024-08-28 02:00:00,193.1346896775215
2024-08-28 03:00:00,194.97466434327248
2024-08-28 04:00:00,155.90765971626217
2024-08-28 05:00:00,160.37157543212274
2024-08-28 06:00:00,187.30536986078792
2024-08-28 07:00:00,195.10161350843248
2024-08-28 08:00:00,75.96148115251134
2024-08-28 09:00:00,67.87937254193035
2024-08-28 10:00:00,67.00772339121741
2024-08-28 11:00:00,82.43383802585295
2024-08-28 12:00:00,61.796638433782825
2024-08-28 13:00:00,69.73475063292608
2024-08-28 14:00:00,65.24348137450515
2024-08-28 15:00:00,85.60642830720887
2024-08-28 16:00:00,73.16621027450016
2024-08-28 17:00:00,66.13938502518339
2024-08-28 18:00:00,73.55117308249642
2024-08-28 19:00:00,188.38065057611624
2024-08-28 20:00:00,185.65224427242134
2024-08-28 21:00:00,213.3125637504692
2024-08-28 22:00:00,201.14765534053032
2024-08-28 23:00:00,191.37497199637392
2024-08-29 00:00:00,163.40044561035114
2024-08-29 01:00:00,198.75957997244046
2024-08-29 02:00:00,172.83399659427005
2024-08-29 03:00:00,159.5828697690938
2024-08-29 04:00:00,181.44212464901995
2024-08-29 05:00:00,149.75282031116257
2024-08-29 06:00:00,160.72908828616593
2024-08-29 07:00:00,202.09475719322427
2024-08-29 08:00:00,63.96237177154577
2024-08-29 09:00:00,80.01248483992477
2024-08-29 10:00:00,76.07003782970935
2024-08-29 11:00:00,76.18400756570361
2024-08-29 12:00:00,68.93833956778357
2024-08-29 13:00:00,79.33325293504686
2024-08-29 14:00:00,53.34481846827693
2024-08-29 15:00:00,67.55263302549062
2024-08-29 16:00:00,73.28180313077027
2024-08-29 17:00:00,59.08111077647828
2024-08-29 18:00:00,71.38680685193127
2024-08-29 19:00:00,199.52696640249212
2024-08-29 20:00:00,182.66429231717126
2024-08-29 21:00:00,202.8609870850778
2024-08-29 22:00:00,178.56553560737893
2024-08-29 23:00:00,202.25898618314724
2024-08-30 00:00:00,193.46257363511245
2024-08-30 01:00:00,196.15515757791883
2024-08-30 02:00:00,159.11130705471135
2024-08-30 03:00:00,163.43012921659582
2024-08-30 04:00:00,166.39305432662684
2024-08-30 05:00:00,179.32030184184237
2024-08-30 06:00:00,170.5011275725925
2024-08-30 07:00:00,168.1135030478914
2024-08-30 08:00:00,75.83425636400423
2024-08-30 09:00:00,72.94021227600842
2024-08-30 10:00:00,79.12785629251704
2024-08-30 11:00:00,71.13042188604236
2024-08-30 12:00:00,58.9854075150101
2024-08-30 13:00:00,69.60856094172011
2024-08-30 14:00:00,65.14284752946472
2024-08-30 15:00:00,59.57710012551811
2024-08-30 16:00:00,74.9708553881444
2024-08-30 17:00:00,68.0229232919104
2024-08-30 18:00:00,73.95493591871772
2024-08-30 19:00:00,197.23528588709348
2024-08-30 20:00:00,198.4346583475808
2024-08-30 21:00:00,173.74889454853462
2024-08-30 22:00:00,200.6941831581293
2024-08-30 23:00:00,161.6155739387935
2024-08-31 00:00:00,201.6016214090438
2024-08-31 01:00:00,190.4530464292225
2024-08-31 02:00:00,184.2670492495663
2024-08-31 03:00:00,216.38380155445327
2024-08-31 04:00:00,176.77575119083
2024-08-31 05:00:00,168.77388528116973
2024-08-31 06:00:00,190.69793512212945
2024-08-31 07:00:00,179.82756363527926
2024-08-31 08:00:00,81.68976767867676
2024-08-31 09:00:00,83.04252603412564
2024-08-31 10:00:00,58.39472476646819
2024-08-31 11:00:00,72.69659636556494
2024-08-31 12:00:00,66.70790646751563
2024-08-31 13:00:00,77.533445401487
2024-08-31 14:00:00,80.22895270899726
2024-08-31 15:00:00,71.10470449438698
2024-08-31 16:00:00,88.17691222482699
2024-08-31 17:00:00,59.83427308792935
2024-08-31 18:00:00,77.98839874794226
2024-08-31 19:00:00,190.73744112061007
2024-08-31 20:00:00,197.1605063888181
2024-08-31 21:00:00,203.62559096165893
2024-08-31 22:00:00,150.72556348031566
2024-08-31 23:00:00,167.05087575672175
2024-09-01 00:00:00,182.9917692811868
2024-09-01 01:00:00,212.53085755390634
2024-09-01 02:00:00,185.37973076478374
2024-09-01 03:00:00,169.56219107052237
2024-09-01 04:00:00,202.0200749251012
2024-09-01 05:00:00,165.982970047032
2024-09-01 06:00:00,209.9780968850543
2024-09-01 07:00:00,201.85826558773675
2024-09-01 08:00:00,67.93892233899744
2024-09-01 09:00:00,65.17454647718728
2024-09-01 10:00:00,80.7603753876501
2024-09-01 11:00:00,71.21513171545928
2024-09-01 12:00:00,80.53901098296168
2024-09-01 13:00:00,84.38636157603912
2024-09-01 14:00:00,69.7846463615547
2024-09-01 15:00:00,54.263074645214004
2024-09-01 16:00:00,70.81584829995622
2024-09-01 17:00:00,61.05838440164923
2024-09-01 18:00:00,76.48983948219211
2024-09-01 19:00:00,180.7840647503266
2024-09-01 20:00:00,185.01729948363314
2024-09-01 21:00:00,182.26659362178378
2024-09-01 22:00:00,175.71618967968206
2024-09-01 23:00:00,180.89607184838803
2024-09-02 00:00:00,162.9092757097981
2024-09-02 01:00:00,168.2787252060881
2024-09-02 02:00:00,197.06821912335096
2024-09-02 03:00:00,176.59321347617214
2024-09-02 04:00:00,186.33810608157145
2024-09-02 05:00:00,177.81790978496906
2024-09-02 06:00:00,187.10558503908752
2024-09-02 07:00:00,189.52273251859447
2024-09-02 08:00:00,84.86196466422766
2024-09-02 09:00:00,69.17136720626634
2024-09-02 10:00:00,72.76236782462959
2024-09-02 11:00:00,64.7240526916569
2024-09-02 12:00:00,71.56144957561241
2024-09-02 13:00:00,65.41540907141265
2024-09-02 14:00:00,69.71949258825398
2024-09-02 15:00:00,66.70013289570217
2024-09-02 16:00:00,68.00098488931187
2024-09-02 17:00:00,75.889577789382
2024-09-02 18:00:00,65.65019499935666
2024-09-02 19:00:00,196.2002052645778
2024-09-02 20:00:00,180.71135708653776
2024-09-02 21:00:00,197.84857585492546
2024-09-02 22:00:00,154.08543061120906
2024-09-02 23:00:00,161.85135968309137
2024-09-03 00:00:00,153.91851691130202
2024-09-03 01:00:00,187.99361734908075
2024-09-03 02:00:00,173.02228179950006
2024-09-03 03:00:00,162.4921345510516
2024-09-03 04:00:00,165.66450300071423
2024-09-03 05:00:00,197.91885310606995
2024-09-03 06:00:00,171.98564145562875
2024-09-03 07:00:00,209.88855636391463
2024-09-03 08:00:00,73.83448887991838
2024-09-03 09:00:00,53.52748252230518
2024-09-03 10:00:00,69.24738461364947
2024-09-03 11:00:00,78.04234983237681
2024-09-03 12:00:00,79.65341197385037
2024-09-03 13:00:00,66.42090023593023
2024-09-03 14:00:00,68.33685888682811
2024-09-03 15:00:00,83.90804258761887
2024-09-03 16:00:00,65.19919494055895
2024-09-03 17:00:00,82.45847042483355
2024-09-03 18:00:00,64.97991639131595
2024-09-03 19:00:00,177.86172370814046
2024-09-03 20:00:00,179.09883860672028
2024-09-03 21:00:00,186.64865900338802
2024-09-03 22:00:00,178.93017027261524
2024-09-03 23:00:00,193.78211663056896
2024-09-04 00:00:00,176.3691136991747
2024-09-04 01:00:00,208.6177370157661
2024-09-04 02:00:00,185.85716675128918
2024-09-04 03:00:00,178.25369458065802
2024-09-04 04:00:00,173.72698351748016
2024-09-04 05:00:00,169.34792415386028
2024-09-04 06:00:00,178.98351567869472
2024-09-04 07:00:00,159.59703467124132
2024-09-04 08:00:00,83.12273708982471
2024-09-04 09:00:00,69.18141734255059
2024-09-04 10:00:00,75.82202957749294
2024-09-04 11:00:00,80.66628807200928
2024-09-04 12:00:00,62.16330569046521
2024-09-04 13:00:00,76.10225826553565
2024-09-04 14:00:00,76.16573582938787
2024-09-04 15:00:00,54.1418791484098
2024-09-04 16:00:00,84.76391446203647
2024-09-04 17:00:00,47.963042178927786
2024-09-04 18:00:00,62.559557872709135
2024-09-04 19:00:00,171.10781471796
2024-09-04 20:00:00,192.86409430328047
2024-09-04 21:00:00,189.31297281131802
2024-09-04 22:00:00,185.53740905501982
2024-09-04 23:00:00,157.49771583403685
2024-09-05 00:00:00,187.26283473336804
2024-09-05 01:00:00,201.989297754784
2024-09-05 02:00:00,157.0494772780932
2024-09-05 03:00:00,203.9084461090474
2024-09-05 04:00:00,172.8366435177092
2024-09-05 05:00:00,202.19914094437476
2024-09-05 06:00:00,195.36716863144932
2024-09-05 07:00:00,164.0712567246967
2024-09-05 08:00:00,58.772745962772376
2024-09-05 09:00:00,52.58428440382543
2024-09-05 10:00:00,71.66006767540793
2024-09-05 11:00:00,56.43442335758969
2024-09-05 12:00:00,56.226751556490655
2024-09-05 13:00:00,60.51769003183889
2024-09-05 14:00:00,73.88436268451258
2024-09-05 15:00:00,66.15727688409272
2024-09-05 16:00:00,64.3881493546286
2024-09-05 17:00:00,64.7533098828003
2024-09-05 18:00:00,60.01941020006033
2024-09-05 19:00:00,160.45187943753024
2024-09-05 20:00:00,180.70412481856766
2024-09-05 21:00:00,214.58884240035223
2024-09-05 22:00:00,179.3938535309435
2024-09-05 23:00:00,196.11552447845708
2024-09-06 00:00:00,164.5293294689398
2024-09-06 01:00:00,192.0277131262838
2024-09-06 02:00:00,181.66493097050102
2024-09-06 03:00:00,171.147909865736
2024-09-06 04:00:00,173.4317915341543
2024-09-06 05:00:00,162.24506927401322
2024-09-06 06:00:00,158.74254091469865
2024-09-06 07:00:00,184.48541830984695
2024-09-06 08:00:00,72.6595900481235
2024-09-06 09:00:00,58.405916146994954
2024-09-06 10:00:00,64.08372453319845
2024-09-06 11:00:00,63.322579385389446
2024-09-06 12:00:00,77.72132881847875
2024-09-06 13:00:00,55.94753601356562
2024-09-06 14:00:00,71.75349406027087
2024-09-06 15:00:00,88.04769303274301
2024-09-06 16:00:00,68.96826302004024
2024-09-06 17:00:00,79.81266864696418
2024-09-06 18:00:00,78.83113833203856
2024-09-06 19:00:00,194.88057447665682
2024-09-06 20:00:00,180.99095369510678
2024-09-06 21:00:00,150.49881649834418
2024-09-06 22:00:00,175.4513370476496
2024-09-06 23:00:00,180.04168401889646
2024-09-07 00:00:00,149.70278425703026
2024-09-07 01:00:00,191.77033347134858
2024-09-07 02:00:00,196.93334970631918
2024-09-07 03:00:00,181.41191698231893
2024-09-07 04:00:00,168.91130534910934
2024-09-07 05:00:00,153.52331529046248
2024-09-07 06:00:00,166.2773885628686
2024-09-07 07:00:00,214.14641744325166
2024-09-07 08:00:00,55.79185266363189
2024-09-07 09:00:00,52.42066263996014
2024-09-07 10:00:00,70.00722792209288
2024-09-07 11:00:00,50.55192311366014
2024-09-07 12:00:00,78.86304429622952
2024-09-07 13:00:00,57.03313945792
2024-09-07 14:00:00,68.60279442124944
2024-09-07 15:00:00,73.73073964860114
2024-09-07 16:00:00,71.55553913483583
2024-09-07 17:00:00,67.77533462142362
2024-09-07 18:00:00,69.70892207509792
2024-09-07 19:00:00,196.30957703735868
2024-09-07 20:00:00,183.96519690686694
2024-09-07 21:00:00,162.7431407757031
2024-09-07 22:00:00,186.60546389761055
2024-09-07 23:00:00,162.4623946074667
2024-09-08 00:00:00,189.20839684713079
2024-09-08 01:00:00,169.8180079777139
2024-09-08 02:00:00,190.44664092989458
2024-09-08 03:00:00,187.9133610387169
2024-09-08 04:00:00,199.5554824961862
2024-09-08 05:00:00,163.33018794973896
2024-09-08 06:00:00,185.71781627269854
2024-09-08 07:00:00,207.8909062032428
2024-09-08 08:00:00,66.63852839610956
2024-09-08 09:00:00,74.50996955624927
2024-09-08 10:00:00,79.31069233992142
2024-09-08 11:00:00,83.25695458921702
2024-09-08 12:00:00,70.5586196087437
2024-09-08 13:00:00,66.25920181106834
2024-09-08 14:00:00,59.71026588940336
2024-09-08 15:00:00,58.00074476646715
2024-09-08 16:00:00,80.02659358113624
2024-09-08 17:00:00,55.284343108101496
2024-09-08 18:00:00,75.48264426284001
2024-09-08 19:00:00,175.61902298427844
2024-09-08 20:00:00,165.87114591312235
2024-09-08 21:00:00,206.00389006180853
2024-09-08 22:00:00,183.315004446506
2024-09-08 23:00:00,163.99949445459524
2024-09-09 00:00:00,195.71649201129856
2024-09-09 01:00:00,168.24075084294756
2024-09-09 02:00:00,162.32566758953243
2024-09-09 03:00:00,163.50005695628184
2024-09-09 04:00:00,205.08945827164683
2024-09-09 05:00:00,172.86434982436882
2024-09-09 06:00:00,180.80885176992624
2024-09-09 07:00:00,203.3863924701781
2024-09-09 08:00:00,72.54689786085831
2024-09-09 09:00:00,63.88902106356637
2024-09-09 10:00:00,77.56315156496245
2024-09-09 11:00:00,58.98990657047507
2024-09-09 12:00:00,78.32183736923251
2024-09-09 13:00:00,56.24025852390329
2024-09-09 14:00:00,75.10545429400686
2024-09-09 15:00:00,58.27262401370632
2024-09-09 16:00:00,79.74383199430419
2024-09-09 17:00:00,58.116799332777084
2024-09-09 18:00:00,61.972699990734476
2024-09-09 19:00:00,198.5046522702716
2024-09-09 20:00:00,179.2583790922552
2024-09-09 21:00:00,151.65825989167843
2024-09-09 22:00:00,182.10173266012868
2024-09-09 23:00:00,188.75281968530754
2024-09-10 00:00:00,155.2267553805862
2024-09-10 01:00:00,164.1769723833358
2024-09-10 02:00:00,162.44475987902763
2024-09-10 03:00:00,178.05861806831976
2024-09-10 04:00:00,193.35285070597314
2024-09-10 05:00:00,179.62451385440926
2024-09-10 06:00:00,189.18303636614263
2024-09-10 07:00:00,207.51972790065403
2024-09-10 08:00:00,80.3475250633062
2024-09-10 09:00:00,83.86149029717848
2024-09-10 10:00:00,54.477805155588044
2024-09-10 11:00:00,64.2281862175004
2024-09-10 12:00:00,55.52942183504383
2024-09-10 13:00:00,77.9315006267392
2024-09-10 14:00:00,73.72986271824888
2024-09-10 15:00:00,67.84439790736096
2024-09-10 16:00:00,84.96766906234407
2024-09-10 17:00:00,65.56040948364686
2024-09-10 18:00:00,72.015176791643
2024-09-10 19:00:00,179.83015991624532
2024-09-10 20:00:00,172.77045880511292
2024-09-10 21:00:00,180.19752974972852
2024-09-10 22:00:00,198.80064655449547
2024-09-10 23:00:00,160.2026451657489
2024-09-11 00:00:00,201.36507170240188
2024-09-11 01:00:00,171.96892598563528
2024-09-11 02:00:00,193.693701455851
2024-09-11 03:00:00,182.26745846693757
2024-09-11 04:00:00,182.98378917052875
2024-09-11 05:00:00,149.91312102786526
2024-09-11 06:00:00,168.801408881877
2024-09-11 07:00:00,205.31196142438657
2024-09-11 08:00:00,74.15542722803227
2024-09-11 09:00:00,64.32618891848219
2024-09-11 10:00:00,59.79919423537496
2024-09-11 11:00:00,77.42340069208757
2024-09-11 12:00:00,61.22422759226362
2024-09-11 13:00:00,74.43791160908341
2024-09-11 14:00:00,66.25192578188049
2024-09-11 15:00:00,69.77636731826439
2024-09-11 16:00:00,66.9576135641675
2024-09-11 17:00:00,57.7731691713229
2024-09-11 18:00:00,70.77227076808936
2024-09-11 19:00:00,179.05931152763264
2024-09-11 20:00:00,190.10197369461963
2024-09-11 21:00:00,183.12345306117658
2024-09-11 22:00:00,147.1230470707194
2024-09-11 23:00:00,199.66340299901773
2024-09-12 00:00:00,167.24136142783422
2024-09-12 01:00:00,183.82054869282126
2024-09-12 02:00:00,202.82663943632946
2024-09-12 03:00:00,169.97790985888614
2024-09-12 04:00:00,195.66061793060805
2024-09-12 05:00:00,175.33520729205998
2024-09-12 06:00:00,190.0991402792942
2024-09-12 07:00:00,209.65699757384607
2024-09-12 08:00:00,62.07367961073615
2024-09-12 09:00:00,70.99894616600425
2024-09-12 10:00:00,65.25976576495407
2024-09-12 11:00:00,66.19625274856632
2024-09-12 12:00:00,57.881059809944865
2024-09-12 13:00:00,64.34682336735054
2024-09-12 14:00:00,82.24320326408969
2024-09-12 15:00:00,68.46978460215277
2024-09-12 16:00:00,56.20263738374431
2024-09-12 17:00:00,74.28344539205116
2024-09-12 18:00:00,49.05637785664635
2024-09-12 19:00:00,161.09853586416966
2024-09-12 20:00:00,156.96246717321077
2024-09-12 21:00:00,180.85841419337962
2024-09-12 22:00:00,163.34156782729275
2024-09-12 23:00:00,195.71504526862572
2024-09-13 00:00:00,204.98230485823774
2024-09-13 01:00:00,191.7006307180251
2024-09-13 02:00:00,188.68178673352244
2024-09-13 03:00:00,192.425770815751
2024-09-13 04:00:00,177.39676830430307
2024-09-13 05:00:00,159.71682559457923
2024-09-13 06:00:00,183.62031997028913
2024-09-13 07:00:00,155.0143456408006
2024-09-13 08:00:00,60.6843409591088
2024-09-13 09:00:00,52.9402451451904
2024-09-13 10:00:00,70.82640384059607
2024-09-13 11:00:00,82.85717130055086
2024-09-13 12:00:00,61.72554959940963
2024-09-13 13:00:00,88.07137491047574
2024-09-13 14:00:00,79.0096535371041
2024-09-13 15:00:00,68.26515205976754
2024-09-13 16:00:00,76.48835668975106
2024-09-13 17:00:00,65.13399919596836
2024-09-13 18:00:00,64.72635831471439
2024-09-13 19:00:00,179.72155927367015
2024-09-13 20:00:00,182.4326462396653
2024-09-13 21:00:00,188.36690142827462
2024-09-13 22:00:00,195.10767513264847
2024-09-13 23:00:00,166.2541634641327
2024-09-14 00:00:00,216.97335177858437
2024-09-14 01:00:00,153.38705389195573
2024-09-14 02:00:00,164.58216660305203
2024-09-14 03:00:00,202.25584695748265
2024-09-14 04:00:00,173.76544328327537
2024-09-14 05:00:00,200.5858184800964
2024-09-14 06:00:00,200.22808180789693
2024-09-14 07:00:00,202.31103640820217
2024-09-14 08:00:00,67.0420759124822
2024-09-14 09:00:00,66.36417130488613
2024-09-14 10:00:00,55.93184611317919
2024-09-14 11:00:00,68.8275382321012
2024-09-14 12:00:00,64.15818289669704
2024-09-14 13:00:00,76.24062650297816
2024-09-14 14:00:00,55.5946278182512
2024-09-14 15:00:00,61.48558663206961
2024-09-14 16:00:00,64.9375871482079
2024-09-14 17:00:00,70.37329606808179
2024-09-14 18:00:00,67.49914292560922
2024-09-14 19:00:00,147.044187572186
2024-09-14 20:00:00,185.26581800788992
2024-09-14 21:00:00,200.1160578804667
2024-09-14 22:00:00,163.25144936895651
2024-09-14 23:00:00,175.74447368657448
2024-09-15 00:00:00,188.45037774357993
2024-09-15 01:00:00,213.44692373133887
2024-09-15 02:00:00,159.9454924368566
2024-09-15 03:00:00,186.2190602182878
2024-09-15 04:00:00,194.6478266468086
2024-09-15 05:00:00,185.8922437006153
2024-09-15 06:00:00,175.44153831816755
2024-09-15 07:00:00,205.8627993959504
2024-09-15 08:00:00,59.12347265642617
2024-09-15 09:00:00,77.418161121628
2024-09-15 10:00:00,79.87682057619122
2024-09-15 11:00:00,81.58705634401603
2024-09-15 12:00:00,64.7857556811222
2024-09-15 13:00:00,78.02742057238214
2024-09-15 14:00:00,61.916421840530994
2024-09-15 15:00:00,72.2613626688219
2024-09-15 16:00:00,60.252384874719255
2024-09-15 17:00:00,57.9915273337655
2024-09-15 18:00:00,56.10177175973969
2024-09-15 19:00:00,186.39163838510163
2024-09-15 20:00:00,158.17275821449692
2024-09-15 21:00:00,155.03192334557775
2024-09-15 22:00:00,174.86767402258326
2024-09-15 23:00:00,164.01393643620062
2024-09-16 00:00:00,176.8570287823507
2024-09-16 01:00:00,195.59245798322218
2024-09-16 02:00:00,174.07265060882858
2024-09-16 03:00:00,176.94934837314702
2024-09-16 04:00:00,173.24861928365686
2024-09-16 05:00:00,176.83091074665288
2024-09-16 06:00:00,161.37029536899502
2024-09-16 07:00:00,185.7215941970387
2024-09-16 08:00:00,50.66177955023113
2024-09-16 09:00:00,69.67671414807245
2024-09-16 10:00:00,82.66264734551842
2024-09-16 11:00:00,77.83623357233382
2024-09-16 12:00:00,63.502435155645074
2024-09-16 13:00:00,68.93232889134987
2024-09-16 14:00:00,55.93257771391681
2024-09-16 15:00:00,66.50706253098642
2024-09-16 16:00:00,64.5687266531263
2024-09-16 17:00:00,81.44447956358525
2024-09-16 18:00:00,55.91078633905367
2024-09-16 19:00:00,185.7031736106802
2024-09-16 20:00:00,193.9937985614367
2024-09-16 21:00:00,150.4764603719598
2024-09-16 22:00:00,172.84595335709136
2024-09-16 23:00:00,189.8189413551362
2024-09-17 00:00:00,178.76356581153556
2024-09-17 01:00:00,193.46669787072994
2024-09-17 02:00:00,181.61346919993406
2024-09-17 03:00:00,196.8414138945231
2024-09-17 04:00:00,192.95525922583138
2024-09-17 05:00:00,186.38714460053458
2024-09-17 06:00:00,168.9294296269258
2024-09-17 07:00:00,195.4280292272643
2024-09-17 08:00:00,61.500718905969144
2024-09-17 09:00:00,60.05698364600593
2024-09-17 10:00:00,79.12207087510555
2024-09-17 11:00:00,73.36855980969159
2024-09-17 12:00:00,67.49419383357571
2024-09-17 13:00:00,73.77300612915198
2024-09-17 14:00:00,71.05762762423461
2024-09-17 15:00:00,75.56286749224668
2024-09-17 16:00:00,51.44329624367889
2024-09-17 17:00:00,54.415353844581205
2024-09-17 18:00:00,73.18094815025877
2024-09-17 19:00:00,183.18564619320387
2024-09-17 20:00:00,184.274313346157
2024-09-17 21:00:00,183.57336842568571
2024-09-17 22:00:00,156.6342006951904
2024-09-17 23:00:00,176.52557438221024
2024-09-18 00:00:00,188.45173614194215
2024-09-18 01:00:00,191.4506242558582
2024-09-18 02:00:00,167.62937034282777
2024-09-18 03:00:00,187.69453570031004
2024-09-18 04:00:00,168.19050419756095
2024-09-18 05:00:00,181.17304821064386
2024-09-18 06:00:00,193.84267619415937
2024-09-18 07:00:00,203.92262042369273
2024-09-18 08:00:00,65.1166414502685
2024-09-18 09:00:00,54.34563745958489
2024-09-18 10:00:00,71.73805735469134
2024-09-18 11:00:00,86.0807385504136
2024-09-18 12:00:00,72.49591070352443
2024-09-18 13:00:00,71.15170646621233
2024-09-18 14:00:00,67.27899158436449
2024-09-18 15:00:00,74.31096943579115
2024-09-18 16:00:00,56.19735925321656
2024-09-18 17:00:00,60.04898226065962
2024-09-18 18:00:00,77.45161901282192
2024-09-18 19:00:00,184.9045133680259
2024-09-18 20:00:00,169.9225676470806
2024-09-18 21:00:00,153.85558340348
2024-09-18 22:00:00,170.11994124291306
2024-09-18 23:00:00,152.31921333139718
2024-09-19 00:00:00,185.20254039932254
2024-09-19 01:00:00,209.75845461495072
2024-09-19 02:00:00,158.64924292759653
2024-09-19 03:00:00,173.1204775612918
2024-09-19 04:00:00,164.69574248075713
2024-09-19 05:00:00,214.50247863457918
2024-09-19 06:00:00,174.10731778507784
2024-09-19 07:00:00,164.93937980012112
2024-09-19 08:00:00,71.53165633194618
2024-09-19 09:00:00,58.02293404576642
2024-09-19 10:00:00,74.68862276568107
2024-09-19 11:00:00,58.65135482405759
2024-09-19 12:00:00,57.965530339752476
2024-09-19 13:00:00,75.54773511497004
2024-09-19 14:00:00,71.53137983686581
2024-09-19 15:00:00,66.00481102518933
2024-09-19 16:00:00,75.67340051173089
2024-09-19 17:00:00,84.37084995119575
2024-09-19 18:00:00,69.770669600987
2024-09-19 19:00:00,160.84866159935237
2024-09-19 20:00:00,174.7920145503831
2024-09-19 21:00:00,195.06848242224143
2024-09-19 22:00:00,182.95103119793532
2024-09-19 23:00:00,161.58056430761263
2024-09-20 00:00:00,146.9024443080138
2024-09-20 01:00:00,170.52485188850596
2024-09-20 02:00:00,173.93693028321363
2024-09-20 03:00:00,172.8366616221704
2024-09-20 04:00:00,192.4267080597308
2024-09-20 05:00:00,174.10544943749218
2024-09-20 06:00:00,210.44824937796508
2024-09-20 07:00:00,173.54996259798915
2024-09-20 08:00:00,59.4832583958876
2024-09-20 09:00:00,76.65947016601501
2024-09-20 10:00:00,66.3048215429229
2024-09-20 11:00:00,71.20615233526101
2024-09-20 12:00:00,65.51636869432781
2024-09-20 13:00:00,68.81419267498683
2024-09-20 14:00:00,66.22188045988628
2024-09-20 15:00:00,81.74290030603838
2024-09-20 16:00:00,63.5574275085229
2024-09-20 17:00:00,53.369582129380206
2024-09-20 18:00:00,72.31678150561231
2024-09-20 19:00:00,150.62882761974492
2024-09-20 20:00:00,171.9519138487537
2024-09-20 21:00:00,167.09791368747193
2024-09-20 22:00:00,178.7526186007492
2024-09-20 23:00:00,171.7507999745897
2024-09-21 00:00:00,168.9611393864279
2024-09-21 01:00:00,174.018007450967
2024-09-21 02:00:00,172.13089084724783
2024-09-21 03:00:00,176.48301732951137
2024-09-21 04:00:00,185.92036979499161
2024-09-21 05:00:00,180.94042472929232
2024-09-21 06:00:00,180.96082870378046
2024-09-21 07:00:00,192.12308661268395
2024-09-21 08:00:00,63.87960113360365
2024-09-21 09:00:00,50.593238051142364
2024-09-21 10:00:00,64.90215843860545
2024-09-21 11:00:00,54.76019031793128
2024-09-21 12:00:00,63.31130019695776
2024-09-21 13:00:00,64.7614453489436
2024-09-21 14:00:00,70.9323925943664
2024-09-21 15:00:00,70.03997395891805
2024-09-21 16:00:00,58.58335046559846
2024-09-21 17:00:00,63.02073460434937
2024-09-21 18:00:00,61.896740516741716
2024-09-21 19:00:00,186.08895620659916
2024-09-21 20:00:00,162.11138832751598
2024-09-21 21:00:00,185.77824619705274
2024-09-21 22:00:00,202.44297946319165
2024-09-21 23:00:00,173.06150712372022
2024-09-22 00:00:00,186.74710152396926
2024-09-22 01:00:00,194.10250124944596
2024-09-22 02:00:00,180.17833205741945
2024-09-22 03:00:00,184.95189503108207
2024-09-22 04:00:00,185.53387747403076
2024-09-22 05:00:00,155.2495265163962
2024-09-22 06:00:00,185.6764753707504
2024-09-22 07:00:00,199.8750978734053
2024-09-22 08:00:00,59.10028634507964
2024-09-22 09:00:00,66.06279781233373
2024-09-22 10:00:00,54.5174482055709
2024-09-22 11:00:00,70.3996548558838
2024-09-22 12:00:00,66.46955910184784
2024-09-22 13:00:00,60.34527226914581
2024-09-22 14:00:00,71.39577492528714
2024-09-22 15:00:00,65.75109244218372
2024-09-22 16:00:00,72.02357152635733
2024-09-22 17:00:00,61.1993980937285
2024-09-22 18:00:00,75.40661389275186
2024-09-22 19:00:00,180.81962631481252
2024-09-22 20:00:00,184.998953284014
2024-09-22 21:00:00,159.08884685399318
2024-09-22 22:00:00,179.97676157310457
2024-09-22 23:00:00,199.31485704304765
2024-09-23 00:00:00,158.9398891750272
2024-09-23 01:00:00,206.80117806561088
2024-09-23 02:00:00,202.64541523707044
2024-09-23 03:00:00,202.50735285921473
2024-09-23 04:00:00,158.59105118628293
2024-09-23 05:00:00,176.88463197078175
2024-09-23 06:00:00,166.033484991496
2024-09-23 07:00:00,196.74838991443272
2024-09-23 08:00:00,71.30327326571563
2024-09-23 09:00:00,64.72978490383505
2024-09-23 10:00:00,75.57965056360541
2024-09-23 11:00:00,56.078867552958535
2024-09-23 12:00:00,54.518013529907336
2024-09-23 13:00:00,49.460249646829986
2024-09-23 14:00:00,71.18165135786155
2024-09-23 15:00:00,73.6985665696918
2024-09-23 16:00:00,87.46535091186318
2024-09-23 17:00:00,69.55229454931485
2024-09-23 18:00:00,77.65925205690468
2024-09-23 19:00:00,167.8399110338783
2024-09-23 20:00:00,185.863570503667
2024-09-23 21:00:00,167.34505548270116
2024-09-23 22:00:00,171.72405790339326
2024-09-23 23:00:00,167.58087931009945
2024-09-24 00:00:00,200.98287859483835
2024-09-24 01:00:00,157.42588589654468
2024-09-24 02:00:00,181.18168920003563
2024-09-24 03:00:00,173.98077469614697
2024-09-24 04:00:00,169.03207857120577
2024-09-24 05:00:00,193.57133820540713
2024-09-24 06:00:00,192.56453948955937
2024-09-24 07:00:00,170.92897469838252
2024-09-24 08:00:00,68.04925591892464
2024-09-24 09:00:00,77.34461777325271
2024-09-24 10:00:00,66.43263805257423
2024-09-24 11:00:00,63.50483743300051
2024-09-24 12:00:00,77.24428099358742
2024-09-24 13:00:00,73.05030758822213
2024-09-24 14:00:00,83.96145047493795
2024-09-24 15:00:00,56.007085474206136
2024-09-24 16:00:00,64.62112663702142
2024-09-24 17:00:00,65.80400182077182
2024-09-24 18:00:00,70.04494170752513
2024-09-24 19:00:00,150.53618340949384
2024-09-24 20:00:00,185.37875335865283
2024-09-24 21:00:00,213.45756265351704
2024-09-24 22:00:00,179.46241746339473
2024-09-24 23:00:00,157.53398712283953
2024-09-25 00:00:00,159.08308768317497
2024-09-25 01:00:00,208.3134622519929
2024-09-25 02:00:00,160.53774482371995
2024-09-25 03:00:00,167.6749412984865
2024-09-25 04:00:00,187.2062119500123
2024-09-25 05:00:00,165.31126014277407
2024-09-25 06:00:00,202.73815803590054
2024-09-25 07:00:00,187.3870823175394
2024-09-25 08:00:00,63.66467247294247
2024-09-25 09:00:00,79.1770393421429
2024-09-25 10:00:00,60.425670699094496
2024-09-25 11:00:00,59.80915818506874
2024-09-25 12:00:00,63.313165174231784
2024-09-25 13:00:00,60.87745808307486
2024-09-25 14:00:00,70.21321714533897
2024-09-25 15:00:00,79.93574523792702
2024-09-25 16:00:00,87.58890416691187
2024-09-25 17:00:00,80.717598207484
2024-09-25 18:00:00,54.002860283592
2024-09-25 19:00:00,184.7070994575713
2024-09-25 20:00:00,176.69693559057865
2024-09-25 21:00:00,151.47555393767735
2024-09-25 22:00:00,195.79104133521452
2024-09-25 23:00:00,172.31811346925912
2024-09-26 00:00:00,151.76216763969208
2024-09-26 01:00:00,178.95811036804596
2024-09-26 02:00:00,197.55920412240323
2024-09-26 03:00:00,176.64334725579334
2024-09-26 04:00:00,181.2956149761941
2024-09-26 05:00:00,180.20285589802617
2024-09-26 06:00:00,176.11174380670744
2024-09-26 07:00:00,179.6745957351023
2024-09-26 08:00:00,73.3409288092321
2024-09-26 09:00:00,58.32101003974337
2024-09-26 10:00:00,80.35844680002953
2024-09-26 11:00:00,89.20795688748572
2024-09-26 12:00:00,60.78995596278759
2024-09-26 13:00:00,82.25860787876881
2024-09-26 14:00:00,54.08703126254475
2024-09-26 15:00:00,82.96764376853866
2024-09-26 16:00:00,71.89173379569709
2024-09-26 17:00:00,69.65393908983314
2024-09-26 18:00:00,82.4865766155047
2024-09-26 19:00:00,172.21367292471007
2024-09-26 20:00:00,164.98028447285174
2024-09-26 21:00:00,189.47411206414057
2024-09-26 22:00:00,200.46727393111678
2024-09-26 23:00:00,180.36827583443198
2024-09-27 00:00:00,196.61242082648863
2024-09-27 01:00:00,204.824844636636
2024-09-27 02:00:00,175.88805077307148
2024-09-27 03:00:00,157.77230177037015
2024-09-27 04:00:00,164.09926338686853
2024-09-27 05:00:00,188.27979268410587
2024-09-27 06:00:00,195.0677687370121
2024-09-27 07:00:00,172.261723210014
2024-09-27 08:00:00,75.07036442365407
2024-09-27 09:00:00,67.96648999465901
2024-09-27 10:00:00,59.495934868257464
2024-09-27 11:00:00,82.82976303332602
2024-09-27 12:00:00,72.75266299300391
2024-09-27 13:00:00,79.6353594184005
2024-09-27 14:00:00,68.50735074710394
2024-09-27 15:00:00,78.77841722696742
2024-09-27 16:00:00,69.77473292125326
2024-09-27 17:00:00,78.8631451577127
2024-09-27 18:00:00,71.53676980385853
2024-09-27 19:00:00,172.0771508188203
2024-09-27 20:00:00,206.6967641792262
2024-09-27 21:00:00,173.62284308748775
2024-09-27 22:00:00,161.62581718252483
2024-09-27 23:00:00,209.62683814206687
2024-09-28 00:00:00,177.6192506496855
2024-09-28 01:00:00,165.0225835586031
2024-09-28 02:00:00,182.74153771427797
2024-09-28 03:00:00,183.2459002803008
2024-09-28 04:00:00,176.80057515138222
2024-09-28 05:00:00,197.97480457944988
2024-09-28 06:00:00,161.03292727238312
2024-09-28 07:00:00,185.96267164031974
2024-09-28 08:00:00,76.26304039997015
2024-09-28 09:00:00,83.79921646238023
2024-09-28 10:00:00,51.80143903474556
2024-09-28 11:00:00,58.814267654694746
2024-09-28 12:00:00,66.73460595250094
2024-09-28 13:00:00,66.12239138849765
2024-09-28 14:00:00,57.59694417698286
2024-09-28 15:00:00,79.66304406616169
2024-09-28 16:00:00,72.1121640460682
2024-09-28 17:00:00,66.73185557376577
2024-09-28 18:00:00,66.51128040929083
2024-09-28 19:00:00,148.9319896505068
2024-09-28 20:00:00,156.4840327220362
2024-09-28 21:00:00,178.59316529321833
2024-09-28 22:00:00,154.56429131737485
2024-09-28 23:00:00,179.82179007199636
2024-09-29 00:00:00,169.6575908319213
2024-09-29 01:00:00,173.37763628843976
2024-09-29 02:00:00,203.73740072468507
2024-09-29 03:00:00,168.22651032623946
2024-09-29 04:00:00,169.55281246971813
2024-09-29 05:00:00,166.02912563507476
2024-09-29 06:00:00,181.34627387132332
2024-09-29 07:00:00,153.42087319598755
2024-09-29 08:00:00,74.44179119730083
2024-09-29 09:00:00,60.610610270957935
2024-09-29 10:00:00,73.04105886585579
2024-09-29 11:00:00,61.39995943836264
2024-09-29 12:00:00,52.37169231095468
2024-09-29 13:00:00,59.40944703399406
2024-09-29 14:00:00,69.19399579833348
2024-09-29 15:00:00,79.65140384434176
2024-09-29 16:00:00,51.57730056351939
2024-09-29 17:00:00,59.2125707994617
2024-09-29 18:00:00,71.68343055922445
2024-09-29 19:00:00,192.86380749873658
2024-09-29 20:00:00,166.40109280731735
2024-09-29 21:00:00,171.6941538176076
2024-09-29 22:00:00,151.18242792945557
2024-09-29 23:00:00,186.3092626229521
2024-09-30 00:00:00,196.54017481399802
2024-09-30 01:00:00,187.84907463138495
2024-09-30 02:00:00,185.82488344173316
2024-09-30 03:00:00,206.658434940735
2024-09-30 04:00:00,177.6822110905486
2024-09-30 05:00:00,199.7055740305904
2024-09-30 06:00:00,202.99425720697434
2024-09-30 07:00:00,161.55979192615098
2024-09-30 08:00:00,70.01283286376524
2024-09-30 09:00:00,54.694122067748694
2024-09-30 10:00:00,61.410937458048295
2024-09-30 11:00:00,64.2359205445377
2024-09-30 12:00:00,78.06457646840633
2024-09-30 13:00:00,74.2122647296294
2024-09-30 14:00:00,69.1669184922493
2024-09-30 15:00:00,68.99225420477893
2024-09-30 16:00:00,63.64923021799652
2024-09-30 17:00:00,66.04233788492606
2024-09-30 18:00:00,65.52293568467871
2024-09-30 19:00:00,197.50338834858627
2024-09-30 20:00:00,160.03187061965843
2024-09-30 21:00:00,187.65180139652225
2024-09-30 22:00:00,205.9398239601313
2024-09-30 23:00:00,192.81381976402943
2024-10-01 00:00:00,209.4408225842067
2024-10-01 01:00:00,200.56679301512827
2024-10-01 02:00:00,182.7404358543189
2024-10-01 03:00:00,187.24075563166457
2024-10-01 04:00:00,196.09583152828225
2024-10-01 05:00:00,159.07342726951723
2024-10-01 06:00:00,164.75038307653148
2024-10-01 07:00:00,188.37065471002168
2024-10-01 08:00:00,65.83206204935426
2024-10-01 09:00:00,71.90662524117666
2024-10-01 10:00:00,76.75500710455097
2024-10-01 11:00:00,77.22173001207314
2024-10-01 12:00:00,74.5117925513751
2024-10-01 13:00:00,72.72712528829675
2024-10-01 14:00:00,54.34679898906283
2024-10-01 15:00:00,61.68004607803143
2024-10-01 16:00:00,60.80990236438164
2024-10-01 17:00:00,64.95137295757729
2024-10-01 18:00:00,83.43825561190482
2024-10-01 19:00:00,190.24479386037393
2024-10-01 20:00:00,189.37742727333642
2024-10-01 21:00:00,182.2481767313869
2024-10-01 22:00:00,205.16282013175368
2024-10-01 23:00:00,190.65389956170915
2024-10-02 00:00:00,190.73388042236107
2024-10-02 01:00:00,179.9914464533257
2024-10-02 02:00:00,186.70191774910614
2024-10-02 03:00:00,183.00171178052062
2024-10-02 04:00:00,145.95435503478586
2024-10-02 05:00:00,182.09859659776302
2024-10-02 06:00:00,197.9887709879959
2024-10-02 07:00:00,173.04577991128403
2024-10-02 08:00:00,72.27482453234047
2024-10-02 09:00:00,68.70477270466273
2024-10-02 10:00:00,60.20968434388426
2024-10-02 11:00:00,68.53662455715681
2024-10-02 12:00:00,73.10196685181276
2024-10-02 13:00:00,77.29571177461133
2024-10-02 14:00:00,72.18197947735713
2024-10-02 15:00:00,65.43669774714374
2024-10-02 16:00:00,65.82918810069577
2024-10-02 17:00:00,65.8668242956146
2024-10-02 18:00:00,65.47290319980193
2024-10-02 19:00:00,177.1539732969829
2024-10-02 20:00:00,184.2238616361883
2024-10-02 21:00:00,195.6603988745005
2024-10-02 22:00:00,169.54210835213712
2024-10-02 23:00:00,206.69498963778528
2024-10-03 00:00:00,212.3109220326263
2024-10-03 01:00:00,187.06558186046445
2024-10-03 02:00:00,199.27842223193568
2024-10-03 03:00:00,193.67820082992955
2024-10-03 04:00:00,172.30283148350418
2024-10-03 05:00:00,169.42159211170718
2024-10-03 06:00:00,203.6996702384479
2024-10-03 07:00:00,178.65904439676734
2024-10-03 08:00:00,57.56511813278427
2024-10-03 09:00:00,58.49865965118621
2024-10-03 10:00:00,56.5719713380567
2024-10-03 11:00:00,62.72380164436157
2024-10-03 12:00:00,63.88888817450166
2024-10-03 13:00:00,63.81663857004163
2024-10-03 14:00:00,68.17332490400818
2024-10-03 15:00:00,70.37613798078289
2024-10-03 16:00:00,69.73546205188671
2024-10-03 17:00:00,82.2110895572807
2024-10-03 18:00:00,76.15656856390476
2024-10-03 19:00:00,206.92468809495824
2024-10-03 20:00:00,183.79965973614728
2024-10-03 21:00:00,212.7696473986079
2024-10-03 22:00:00,200.28108751464765
2024-10-03 23:00:00,178.12321476555462
2024-10-04 00:00:00,166.89649138478103
2024-10-04 01:00:00,204.70564548466675
2024-10-04 02:00:00,202.08469901839703
2024-10-04 03:00:00,179.96643230552525
2024-10-04 04:00:00,199.82135546424584
2024-10-04 05:00:00,206.6325303139268
2024-10-04 06:00:00,185.44200070829987
2024-10-04 07:00:00,177.93102690114165
2024-10-04 08:00:00,61.93571000492562
2024-10-04 09:00:00,61.52288293139138
2024-10-04 10:00:00,70.19660481304032
2024-10-04 11:00:00,79.22728714197336
2024-10-04 12:00:00,69.91941603132128
2024-10-04 13:00:00,69.61205585945694
2024-10-04 14:00:00,54.80178725654581
2024-10-04 15:00:00,61.963870338182225
2024-10-04 16:00:00,66.2050243700018
2024-10-04 17:00:00,64.44031851818411
2024-10-04 18:00:00,74.55817551397234
2024-10-04 19:00:00,201.02623476848447
2024-10-04 20:00:00,168.7076744550305
2024-10-04 21:00:00,180.26099605195077
2024-10-04 22:00:00,173.41706809462374
2024-10-04 23:00:00,147.08334629108447
2024-10-05 00:00:00,153.7588907180147
2024-10-05 01:00:00,205.26260943287707
2024-10-05 02:00:00,184.9749568877789
2024-10-05 03:00:00,169.62531342455281
2024-10-05 04:00:00,208.10487611841955
2024-10-05 05:00:00,152.5807858508967
2024-10-05 06:00:00,180.86391815597895
2024-10-05 07:00:00,178.326661448296
2024-10-05 08:00:00,77.26879765257783
2024-10-05 09:00:00,73.76269541773233
2024-10-05 10:00:00,69.72710975352527
2024-10-05 11:00:00,62.87026703863754
2024-10-05 12:00:00,75.88424187666769
2024-10-05 13:00:00,67.79654226866805
2024-10-05 14:00:00,80.87403815715362
2024-10-05 15:00:00,66.6135388183223
2024-10-05 16:00:00,67.95138311075135
2024-10-05 17:00:00,65.42727487642495
2024-10-05 18:00:00,69.43367414558048
2024-10-05 19:00:00,162.0387451452631
2024-10-05 20:00:00,183.7077775406917
2024-10-05 21:00:00,203.5975411627146
2024-10-05 22:00:00,181.07305370900602
2024-10-05 23:00:00,175.20101605032636
2024-10-06 00:00:00,162.40523399489825
2024-10-06 01:00:00,173.5708728782534
2024-10-06 02:00:00,180.87353216772215
2024-10-06 03:00:00,188.215467115053
2024-10-06 04:00:00,195.1376180266237
2024-10-06 05:00:00,194.0304037079938
2024-10-06 06:00:00,170.85545048753136
2024-10-06 07:00:00,183.17096907842458
2024-10-06 08:00:00,81.33764887772861
2024-10-06 09:00:00,79.06401495459093
2024-10-06 10:00:00,79.19363284586494
2024-10-06 11:00:00,65.16991821188267
2024-10-06 12:00:00,75.11205724395379
2024-10-06 13:00:00,73.5726244806737
2024-10-06 14:00:00,82.01068585281014
2024-10-06 15:00:00,80.13781019027935
2024-10-06 16:00:00,67.866609873031
2024-10-06 17:00:00,70.25286370136408
2024-10-06 18:00:00,62.47744536770188
2024-10-06 19:00:00,179.98139684499088
2024-10-06 20:00:00,178.07579391306183
2024-10-06 21:00:00,171.91230232393974
2024-10-06 22:00:00,176.70708400618582
2024-10-06 23:00:00,176.14161271886908
2024-10-07 00:00:00,199.1204218510288
2024-10-07 01:00:00,211.175652435777
2024-10-07 02:00:00,167.76774417453908
2024-10-07 03:00:00,213.2594706509325
2024-10-07 04:00:00,163.26994382701247
2024-10-07 05:00:00,196.38769453444553
2024-10-07 06:00:00,202.6752888639543
2024-10-07 07:00:00,182.5383763516332
2024-10-07 08:00:00,71.29548725584627
2024-10-07 09:00:00,73.69582615639712
2024-10-07 10:00:00,73.16330278340247
2024-10-07 11:00:00,73.04361025668045
2024-10-07 12:00:00,80.44057776366225
2024-10-07 13:00:00,81.37498979063034
2024-10-07 14:00:00,71.60968637492977
2024-10-07 15:00:00,86.50210464332154
2024-10-07 16:00:00,67.69002009581298
2024-10-07 17:00:00,74.90650022974798
2024-10-07 18:00:00,74.76430131866444
2024-10-07 19:00:00,192.8838496311689
2024-10-07 20:00:00,204.10082022448583
2024-10-07 21:00:00,183.56178657509446
2024-10-07 22:00:00,186.24827461831373
2024-10-07 23:00:00,192.3307629867797
2024-10-08 00:00:00,189.35457826770664
2024-10-08 01:00:00,164.8204113083304
2024-10-08 02:00:00,197.5241506500815
2024-10-08 03:00:00,215.40321899694297
2024-10-08 04:00:00,170.21494554922543
2024-10-08 05:00:00,189.2110752915649
2024-10-08 06:00:00,159.58981987396177
2024-10-08 07:00:00,157.68749307511123
2024-10-08 08:00:00,77.91580321588256
2024-10-08 09:00:00,68.89182168044643
2024-10-08 10:00:00,67.55453933107462
2024-10-08 11:00:00,65.301221748184
2024-10-08 12:00:00,65.463426689985
2024-10-08 13:00:00,73.44905330667152
2024-10-08 14:00:00,83.96442969746737
2024-10-08 15:00:00,57.008960155376
2024-10-08 16:00:00,59.32550100306334
2024-10-08 17:00:00,79.17188193089771
2024-10-08 18:00:00,61.083816270513964
2024-10-08 19:00:00,204.8978207778378
2024-10-08 20:00:00,191.59807091434797
2024-10-08 21:00:00,178.68586522872937
2024-10-08 22:00:00,173.64477366003013
2024-10-08 23:00:00,185.18674774553892
2024-10-09 00:00:00,148.51755023655898
2024-10-09 01:00:00,178.89984624434769
2024-10-09 02:00:00,172.1495001155265
2024-10-09 03:00:00,157.53534737432503
2024-10-09 04:00:00,194.1429835563967
2024-10-09 05:00:00,181.98240356447135
2024-10-09 06:00:00,197.3975473724369
2024-10-09 07:00:00,198.40109813209068
2024-10-09 08:00:00,66.69594315961652
2024-10-09 09:00:00,79.11301929809365
2024-10-09 10:00:00,54.4688441150464
2024-10-09 11:00:00,69.47759317477342
2024-10-09 12:00:00,53.278794569077675
2024-10-09 13:00:00,78.20636699045826
2024-10-09 14:00:00,74.0327811323007
2024-10-09 15:00:00,75.57854878767688
2024-10-09 16:00:00,66.95808090201437
2024-10-09 17:00:00,75.91625855604696
2024-10-09 18:00:00,67.62259473024395
2024-10-09 19:00:00,184.37494643630174
2024-10-09 20:00:00,188.24932598457605
2024-10-09 21:00:00,173.60777269473252
2024-10-09 22:00:00,161.43972175118384
2024-10-09 23:00:00,176.23637507095862
2024-10-10 00:00:00,185.53129733614225
2024-10-10 01:00:00,184.8525319067169
2024-10-10 02:00:00,193.30933620063556
2024-10-10 03:00:00,180.55208404339922
2024-10-10 04:00:00,179.87602285717878
2024-10-10 05:00:00,191.1134884879194
2024-10-10 06:00:00,186.07062964781773
2024-10-10 07:00:00,190.31429102594086
2024-10-10 08:00:00,68.69550228916563
2024-10-10 09:00:00,74.70040106521644
2024-10-10 10:00:00,74.3316324783945
2024-10-10 11:00:00,64.22357724066241
2024-10-10 12:00:00,82.84869745168861
2024-10-10 13:00:00,66.29131313831475
2024-10-10 14:00:00,53.39680822225959
2024-10-10 15:00:00,62.878364538327595
2024-10-10 16:00:00,62.563047400459425
2024-10-10 17:00:00,64.3899807634466
2024-10-10 18:00:00,66.2386726168608
2024-10-10 19:00:00,180.6520366082333
2024-10-10 20:00:00,209.44991912297337
2024-10-10 21:00:00,196.5944069322997
2024-10-10 22:00:00,192.9535452131962
2024-10-10 23:00:00,154.40541855536557
2024-10-11 00:00:00,200.98284183185842
2024-10-11 01:00:00,176.60342560987556
2024-10-11 02:00:00,159.25418401862697
2024-10-11 03:00:00,201.89231431127988
2024-10-11 04:00:00,183.61396182786646
2024-10-11 05:00:00,190.8037427197786
2024-10-11 06:00:00,197.9406415636552
2024-10-11 07:00:00,157.78042289131372
2024-10-11 08:00:00,76.0894780136303
2024-10-11 09:00:00,72.62308807730939
2024-10-11 10:00:00,69.37776012666345
2024-10-11 11:00:00,59.08016254721016
2024-10-11 12:00:00,76.29237811190967
2024-10-11 13:00:00,61.6669188089163
2024-10-11 14:00:00,73.50442447586036
2024-10-11 15:00:00,61.852101414145224
2024-10-11 16:00:00,78.38370878172805
2024-10-11 17:00:00,61.27005673636451
2024-10-11 18:00:00,64.20892483637125
2024-10-11 19:00:00,156.3512966288364
2024-10-11 20:00:00,185.09356510187945
2024-10-11 21:00:00,164.15135269170344
2024-10-11 22:00:00,162.72729330383282
2024-10-11 23:00:00,166.898481960644
2024-10-12 00:00:00,186.71618760523518
2024-10-12 01:00:00,200.48414205457573
2024-10-12 02:00:00,190.68535685980112
2024-10-12 03:00:00,168.01283715762062
2024-10-12 04:00:00,182.68033233896125
2024-10-12 05:00:00,198.86036298757483
2024-10-12 06:00:00,162.86391055763494
2024-10-12 07:00:00,181.4811615975321
2024-10-12 08:00:00,58.94428293087242
2024-10-12 09:00:00,82.95715962893578
2024-10-12 10:00:00,74.26527604335539
2024-10-12 11:00:00,64.66313876943613
2024-10-12 12:00:00,63.915052510868236
2024-10-12 13:00:00,56.42409767893939
2024-10-12 14:00:00,80.43736799159117
2024-10-12 15:00:00,66.97211446176853
2024-10-12 16:00:00,66.10416273229525
2024-10-12 17:00:00,57.308886068550265
2024-10-12 18:00:00,55.74070933681055
2024-10-12 19:00:00,156.68522129988045
2024-10-12 20:00:00,184.18778135931294
2024-10-12 21:00:00,211.4658177043451
2024-10-12 22:00:00,192.17278025354756
2024-10-12 23:00:00,182.9507056123618
2024-10-13 00:00:00,175.10496649997637
2024-10-13 01:00:00,187.4417657228652
2024-10-13 02:00:00,207.6363990706961
2024-10-13 03:00:00,212.14063711568687
2024-10-13 04:00:00,193.36702638713373
2024-10-13 05:00:00,186.3466177129907
2024-10-13 06:00:00,177.55393641000305
2024-10-13 07:00:00,175.67059165366533
2024-10-13 08:00:00,52.976578127526665
2024-10-13 09:00:00,80.37776804828707
2024-10-13 10:00:00,66.70273648246172
2024-10-13 11:00:00,55.10296560823016
2024-10-13 12:00:00,59.43365541365371
2024-10-13 13:00:00,63.78626896155794
2024-10-13 14:00:00,52.085711068418036
2024-10-13 15:00:00,55.085691554377206
2024-10-13 16:00:00,82.11362937152977
2024-10-13 17:00:00,73.78181093426814
2024-10-13 18:00:00,69.06445258745168
2024-10-13 19:00:00,195.03183448338382
2024-10-13 20:00:00,181.78175635252956
2024-10-13 21:00:00,176.204374456704
2024-10-13 22:00:00,184.000385067793
2024-10-13 23:00:00,192.40268061402278
2024-10-14 00:00:00,213.06470496113778
2024-10-14 01:00:00,165.6404416644317
2024-10-14 02:00:00,202.86072301813707
2024-10-14 03:00:00,188.7949443563429
2024-10-14 04:00:00,202.83379808256666
2024-10-14 05:00:00,162.07988892156757
2024-10-14 06:00:00,193.31207751216928
2024-10-14 07:00:00,191.17403616876965
2024-10-14 08:00:00,67.61573319217817
2024-10-14 09:00:00,69.88297206394486
2024-10-14 10:00:00,65.17281065987453
2024-10-14 11:00:00,73.22127221086106
2024-10-14 12:00:00,61.55159955604802
2024-10-14 13:00:00,62.866248187666486
2024-10-14 14:00:00,75.86481090414114
2024-10-14 15:00:00,68.41792747093999
2024-10-14 16:00:00,71.62958103220731
2024-10-14 17:00:00,76.42886165144692
2024-10-14 18:00:00,75.65542681944333
2024-10-14 19:00:00,171.86973228121838
2024-10-14 20:00:00,168.9761214426054
2024-10-14 21:00:00,192.9593593117693
2024-10-14 22:00:00,212.9245344700685
2024-10-14 23:00:00,197.6734781564164
2024-10-15 00:00:00,156.23920370149608
2024-10-15 01:00:00,193.97472213655277
2024-10-15 02:00:00,175.65560518564047
2024-10-15 03:00:00,198.82273979979914
2024-10-15 04:00:00,199.2263532636651
2024-10-15 05:00:00,159.35351949642163
2024-10-15 06:00:00,208.1056197564006
2024-10-15 07:00:00,197.99941057461893
2024-10-15 08:00:00,73.02889341452654
2024-10-15 09:00:00,55.54257139962466
2024-10-15 10:00:00,60.29457612892919
2024-10-15 11:00:00,77.248507312823
2024-10-15 12:00:00,63.54445523191925
2024-10-15 13:00:00,68.04999537729657
2024-10-15 14:00:00,73.1237087868649
2024-10-15 15:00:00,54.79803408401723
2024-10-15 16:00:00,68.77864101356863
2024-10-15 17:00:00,76.226613739046
2024-10-15 18:00:00,50.55813780946209
2024-10-15 19:00:00,167.58106697762696
2024-10-15 20:00:00,188.02523850546072
2024-10-15 21:00:00,167.70867518699495
2024-10-15 22:00:00,161.16533211115234
2024-10-15 23:00:00,189.649914552214
2024-10-16 00:00:00,184.382183615955
2024-10-16 01:00:00,186.3505914859467
2024-10-16 02:00:00,167.9837865139744
2024-10-16 03:00:00,166.13439074117832
2024-10-16 04:00:00,180.13724064615104
2024-10-16 05:00:00,207.6018319590525
2024-10-16 06:00:00,208.64818263248668
2024-10-16 07:00:00,209.74891727781875
2024-10-16 08:00:00,57.31337632020659
2024-10-16 09:00:00,71.13159104069393
2024-10-16 10:00:00,71.45619760005523
2024-10-16 11:00:00,63.9030566013498
2024-10-16 12:00:00,78.64463222267199
2024-10-16 13:00:00,63.48039506685319
2024-10-16 14:00:00,61.397574656204355
2024-10-16 15:00:00,71.87347778241084
2024-10-16 16:00:00,62.911475649335635
2024-10-16 17:00:00,78.79559236800463
2024-10-16 18:00:00,67.01397390581462
2024-10-16 19:00:00,219.18001089248023
2024-10-16 20:00:00,152.14925115892555
2024-10-16 21:00:00,205.2181901292778
2024-10-16 22:00:00,176.31726669151516
2024-10-16 23:00:00,168.78568118764423
2024-10-17 00:00:00,170.22435654287102
2024-10-17 01:00:00,175.31789416866397
2024-10-17 02:00:00,194.64191548114536
2024-10-17 03:00:00,178.36925129490027
2024-10-17 04:00:00,176.69196955049216
2024-10-17 05:00:00,149.61559027380764
2024-10-17 06:00:00,183.72069415200042
2024-10-17 07:00:00,192.81905950589177
2024-10-17 08:00:00,69.89850799902788
2024-10-17 09:00:00,52.58205274441738
2024-10-17 10:00:00,75.4469910416341
2024-10-17 11:00:00,87.80863119745771
2024-10-17 12:00:00,67.63383828925535
2024-10-17 13:00:00,84.89089324532135
2024-10-17 14:00:00,67.91180440380695
2024-10-17 15:00:00,70.06903379031971
2024-10-17 16:00:00,61.40282974596265
2024-10-17 17:00:00,79.43485573820213
2024-10-17 18:00:00,65.89412462686519
2024-10-17 19:00:00,208.40211605540077
2024-10-17 20:00:00,183.7176785600394
2024-10-17 21:00:00,194.98991295569
2024-10-17 22:00:00,203.45231677245778
2024-10-17 23:00:00,176.58203532919413
2024-10-18 00:00:00,167.75813714151695
2024-10-18 01:00:00,168.12680754946123
2024-10-18 02:00:00,217.0630885660647
2024-10-18 03:00:00,209.0995766439141
2024-10-18 04:00:00,178.4174125641257
2024-10-18 05:00:00,181.63262174310876
2024-10-18 06:00:00,188.88257957183282
2024-10-18 07:00:00,171.03910937126247
2024-10-18 08:00:00,82.7048557249157
2024-10-18 09:00:00,63.11549508758503
2024-10-18 10:00:00,63.38695883854834
2024-10-18 11:00:00,71.60147584896256
2024-10-18 12:00:00,55.29272580275658
2024-10-18 13:00:00,63.88788777800659
2024-10-18 14:00:00,57.7464780767528
2024-10-18 15:00:00,70.22059994969806
2024-10-18 16:00:00,66.11329804688798
2024-10-18 17:00:00,62.27253769026635
2024-10-18 18:00:00,65.10334084141988
2024-10-18 19:00:00,178.26438342375167
2024-10-18 20:00:00,197.58766463636132
2024-10-18 21:00:00,195.81593230008767
2024-10-18 22:00:00,187.5104407444014
2024-10-18 23:00:00,176.49163527324453
2024-10-19 00:00:00,195.58360206354286
2024-10-19 01:00:00,191.9743913963241
2024-10-19 02:00:00,161.99118693328143
2024-10-19 03:00:00,154.0371358252362
2024-10-19 04:00:00,208.2555329416931
2024-10-19 05:00:00,196.06778569277878
2024-10-19 06:00:00,177.38037525816017
2024-10-19 07:00:00,178.9432189623845
2024-10-19 08:00:00,67.267474193357
2024-10-19 09:00:00,59.50206077854037
2024-10-19 10:00:00,51.96259304179879
2024-10-19 11:00:00,71.12926515039004
2024-10-19 12:00:00,68.49733952677644
2024-10-19 13:00:00,66.63613512956165
2024-10-19 14:00:00,69.78283123449613
2024-10-19 15:00:00,61.16775818357583
2024-10-19 16:00:00,82.41240083715944
2024-10-19 17:00:00,57.137052356785595
2024-10-19 18:00:00,67.9546320707532
2024-10-19 19:00:00,203.7801672373202
2024-10-19 20:00:00,171.37058963715356
2024-10-19 21:00:00,180.87625949855953
2024-10-19 22:00:00,171.3428707457807
2024-10-19 23:00:00,214.3911877709001
2024-10-20 00:00:00,169.48208829954228
2024-10-20 01:00:00,150.52848685358464
2024-10-20 02:00:00,170.47910419976066
2024-10-20 03:00:00,179.91221626709802
2024-10-20 04:00:00,202.0301116287559
2024-10-20 05:00:00,209.5354038102581
2024-10-20 06:00:00,202.2408207598147
2024-10-20 07:00:00,188.2746029183233
2024-10-20 08:00:00,67.08462041952598
2024-10-20 09:00:00,66.12052415919932
2024-10-20 10:00:00,52.914933889606885
2024-10-20 11:00:00,59.03207569496382
2024-10-20 12:00:00,59.39409077469743
2024-10-20 13:00:00,67.86253532107195
2024-10-20 14:00:00,76.66612036438838
2024-10-20 15:00:00,83.26057851903687
2024-10-20 16:00:00,77.14142396218239
2024-10-20 17:00:00,72.59048576631835
2024-10-20 18:00:00,64.5914906214561
2024-10-20 19:00:00,171.90482166888944
2024-10-20 20:00:00,169.1214281031123
2024-10-20 21:00:00,175.983399941158
2024-10-20 22:00:00,160.82894121366007
2024-10-20 23:00:00,162.73862647686605
2024-10-21 00:00:00,191.15816146482595
2024-10-21 01:00:00,148.45162100230272
2024-10-21 02:00:00,171.66763197388948
2024-10-21 03:00:00,195.53201354460282
2024-10-21 04:00:00,172.99835024634385
2024-10-21 05:00:00,202.21039781644893
2024-10-21 06:00:00,196.4508885419201
2024-10-21 07:00:00,163.4284604888976
2024-10-21 08:00:00,70.90079695070924
2024-10-21 09:00:00,58.83592148393267
2024-10-21 10:00:00,81.36438203370264
2024-10-21 11:00:00,51.64281299041326
2024-10-21 12:00:00,72.86436102408646
2024-10-21 13:00:00,69.47973941902332
2024-10-21 14:00:00,74.53551399695114
2024-10-21 15:00:00,60.904151136458175
2024-10-21 16:00:00,77.26071506009785
2024-10-21 17:00:00,72.06802981254988
2024-10-21 18:00:00,75.11182702695028
2024-10-21 19:00:00,147.64777164999236
2024-10-21 20:00:00,172.83362883115262
2024-10-21 21:00:00,159.21122979957505
2024-10-21 22:00:00,198.91430821592581
2024-10-21 23:00:00,160.53568310319298
2024-10-22 00:00:00,181.87795654222924
2024-10-22 01:00:00,199.23270271727375
2024-10-22 02:00:00,211.161244162794
2024-10-22 03:00:00,184.21942261186703
2024-10-22 04:00:00,197.25183516905037
2024-10-22 05:00:00,182.13123119347011
2024-10-22 06:00:00,187.05875386949492
2024-10-22 07:00:00,148.59296856203872
2024-10-22 08:00:00,76.97487596056943
2024-10-22 09:00:00,74.68512457089635
2024-10-22 10:00:00,77.36812524484158
2024-10-22 11:00:00,53.242067294016934
2024-10-22 12:00:00,57.81128651795223
2024-10-22 13:00:00,68.94900188095512
2024-10-22 14:00:00,52.32916217031961
2024-10-22 15:00:00,70.70801107299071
2024-10-22 16:00:00,67.34907622151663
2024-10-22 17:00:00,62.56823659895073
2024-10-22 18:00:00,61.64947431594054
2024-10-22 19:00:00,154.17328881782092
2024-10-22 20:00:00,193.31992081311344
2024-10-22 21:00:00,188.70657358913974
2024-10-22 22:00:00,185.20442566367717
2024-10-22 23:00:00,170.24480609110577
2024-10-23 00:00:00,170.25248380041756
2024-10-23 01:00:00,199.23063750277794
2024-10-23 02:00:00,152.05676199253188
2024-10-23 03:00:00,178.7021267798087
2024-10-23 04:00:00,177.9009588944188
2024-10-23 05:00:00,191.0221201351722
2024-10-23 06:00:00,169.61207668536184
2024-10-23 07:00:00,162.74036171161026
2024-10-23 08:00:00,67.0676882767759
2024-10-23 09:00:00,58.66776524101809
2024-10-23 10:00:00,74.92265975658295
2024-10-23 11:00:00,62.586636925788675
2024-10-23 12:00:00,80.30749883394778
2024-10-23 13:00:00,76.07175694394955
2024-10-23 14:00:00,79.26160096380039
2024-10-23 15:00:00,61.83630920185469
2024-10-23 16:00:00,76.76422714056254
2024-10-23 17:00:00,77.69736059464884
2024-10-23 18:00:00,77.8773774773227
2024-10-23 19:00:00,180.37804157103284
2024-10-23 20:00:00,171.24510853426605
2024-10-23 21:00:00,149.55260912220285
2024-10-23 22:00:00,175.30085068090665
2024-10-23 23:00:00,185.22449909134355
2024-10-24 00:00:00,161.42839552302928
2024-10-24 01:00:00,195.12203543303696
2024-10-24 02:00:00,186.27683918352344
2024-10-24 03:00:00,170.46684266481537
2024-10-24 04:00:00,200.2973993293848
2024-10-24 05:00:00,158.2765921719979
2024-10-24 06:00:00,178.15251897298373
2024-10-24 07:00:00,174.81614193846806
2024-10-24 08:00:00,81.227946730736
2024-10-24 09:00:00,62.87009912781397
2024-10-24 10:00:00,74.88180514779545
2024-10-24 11:00:00,54.13044099000969
2024-10-24 12:00:00,76.2755105805734
2024-10-24 13:00:00,57.995544930400506
2024-10-24 14:00:00,61.694969002191186
2024-10-24 15:00:00,75.76754553195109
2024-10-24 16:00:00,61.84658417771167
2024-10-24 17:00:00,62.07436673353581
2024-10-24 18:00:00,74.69935649871636
2024-10-24 19:00:00,205.2801551405228
2024-10-24 20:00:00,177.87353876358128
2024-10-24 21:00:00,164.29986685720846
2024-10-24 22:00:00,200.0219139490757
2024-10-24 23:00:00,170.14136834184183
2024-10-25 00:00:00,185.25126797410107
2024-10-25 01:00:00,184.10544180651357
2024-10-25 02:00:00,182.89066535254207
2024-10-25 03:00:00,182.18103534358747
2024-10-25 04:00:00,145.07286709729152
2024-10-25 05:00:00,198.3216480047139
2024-10-25 06:00:00,157.54506517652044
2024-10-25 07:00:00,186.84333332484994
2024-10-25 08:00:00,60.64192580172121
2024-10-25 09:00:00,71.2665862719428
2024-10-25 10:00:00,66.83936527899164
2024-10-25 11:00:00,77.47704567105279
2024-10-25 12:00:00,53.23852189413434
2024-10-25 13:00:00,63.74367419064375
2024-10-25 14:00:00,78.12849978535485
2024-10-25 15:00:00,75.55419984739095
2024-10-25 16:00:00,70.59599771782374
2024-10-25 17:00:00,68.46067689297392
2024-10-25 18:00:00,57.90589033338409
2024-10-25 19:00:00,188.5518248883772
2024-10-25 20:00:00,186.41438056174763
2024-10-25 21:00:00,161.6741217328669
2024-10-25 22:00:00,183.08394207912355
2024-10-25 23:00:00,203.81007016821164
2024-10-26 00:00:00,211.2415298725751
2024-10-26 01:00:00,187.2297915970699
2024-10-26 02:00:00,201.56487642890642
2024-10-26 03:00:00,199.84522945267875
2024-10-26 04:00:00,176.7165168099404
2024-10-26 05:00:00,185.91481960860241
2024-10-26 06:00:00,182.53238490967766
2024-10-26 07:00:00,203.77386936463157
2024-10-26 08:00:00,58.553197612976
2024-10-26 09:00:00,71.82968968031975
2024-10-26 10:00:00,77.40310135698665
2024-10-26 11:00:00,67.60898432961379
2024-10-26 12:00:00,70.91795146763218
2024-10-26 13:00:00,71.79562094140977
2024-10-26 14:00:00,72.70314211727101
2024-10-26 15:00:00,80.20157059767665
2024-10-26 16:00:00,70.43013007121995
2024-10-26 17:00:00,75.06827839767863
2024-10-26 18:00:00,68.77061384293484
2024-10-26 19:00:00,171.62183300108728
2024-10-26 20:00:00,199.56592699077743
2024-10-26 21:00:00,159.06610609639358
2024-10-26 22:00:00,207.3593004838903
2024-10-26 23:00:00,201.17961891240157
2024-10-27 00:00:00,186.41779677540518
2024-10-27 01:00:00,189.67628739190624
2024-10-27 02:00:00,187.33039414807163
2024-10-27 03:00:00,177.3188746325672
2024-10-27 04:00:00,189.83726780361044
2024-10-27 05:00:00,160.32087654456595
2024-10-27 06:00:00,185.6899103389555
2024-10-27 07:00:00,190.72576365427494
2024-10-27 08:00:00,67.2178001782791
2024-10-27 09:00:00,77.78318929040462
2024-10-27 10:00:00,58.39941369145494
2024-10-27 11:00:00,69.15701234009515
2024-10-27 12:00:00,67.15529612540148
2024-10-27 13:00:00,83.15368641514554
2024-10-27 14:00:00,85.36994107836593
2024-10-27 15:00:00,58.15580213518111
2024-10-27 16:00:00,60.50826506292981
2024-10-27 17:00:00,82.61646126741215
2024-10-27 18:00:00,77.10939272285503
2024-10-27 19:00:00,203.45519193675474
2024-10-27 20:00:00,201.9820236919955
2024-10-27 21:00:00,176.01394486833874
2024-10-27 22:00:00,169.84472130912474
2024-10-27 23:00:00,214.37952297279452
2024-10-28 00:00:00,161.87274083618573
2024-10-28 01:00:00,189.10682745755685
2024-10-28 02:00:00,185.4150902130203
2024-10-28 03:00:00,210.19309647210008
2024-10-28 04:00:00,173.42732763664307
2024-10-28 05:00:00,153.08853781867876
2024-10-28 06:00:00,186.00934404440935
2024-10-28 07:00:00,172.8983195942034
2024-10-28 08:00:00,80.97382066511761
2024-10-28 09:00:00,80.94803372550672
2024-10-28 10:00:00,56.60804481547691
2024-10-28 11:00:00,75.15030591835453
2024-10-28 12:00:00,65.34978203711943
2024-10-28 13:00:00,56.842656205016986
2024-10-28 14:00:00,73.38745440216972
2024-10-28 15:00:00,62.709083051689746
2024-10-28 16:00:00,80.94818402229681
2024-10-28 17:00:00,83.36330654035605
2024-10-28 18:00:00,74.25878294560712
2024-10-28 19:00:00,169.7619349107777
2024-10-28 20:00:00,175.99252306314088
2024-10-28 21:00:00,170.2729339010868
2024-10-28 22:00:00,167.0771472971863
2024-10-28 23:00:00,164.5005726858176
2024-10-29 00:00:00,162.4201892313366
2024-10-29 01:00:00,194.52827254150702
2024-10-29 02:00:00,192.5180703155304
2024-10-29 03:00:00,148.94703363510297
2024-10-29 04:00:00,171.800441291735
2024-10-29 05:00:00,199.11702599005804
2024-10-29 06:00:00,194.5809335841692
2024-10-29 07:00:00,184.17155532659967
2024-10-29 08:00:00,48.15472683301036
2024-10-29 09:00:00,67.75782830187174
2024-10-29 10:00:00,75.319314853366
2024-10-29 11:00:00,65.26962581885806
2024-10-29 12:00:00,56.65877562186489
2024-10-29 13:00:00,69.78484716064558
2024-10-29 14:00:00,61.53348278827916
2024-10-29 15:00:00,69.78701556973338
2024-10-29 16:00:00,82.35140289478674
2024-10-29 17:00:00,62.31744075870459
2024-10-29 18:00:00,55.699236167040425
2024-10-29 19:00:00,206.84232082318692
2024-10-29 20:00:00,179.2236928026015
2024-10-29 21:00:00,186.29660635593035
2024-10-29 22:00:00,194.6165135386612
2024-10-29 23:00:00,162.28508496054
2024-10-30 00:00:00,181.25477838263032
2024-10-30 01:00:00,207.70353527334646
2024-10-30 02:00:00,161.34383785480418
2024-10-30 03:00:00,178.02610485186483
2024-10-30 04:00:00,181.25018408724262
2024-10-30 05:00:00,157.5639862314444
2024-10-30 06:00:00,189.14799103420074
2024-10-30 07:00:00,157.27479482051953
2024-10-30 08:00:00,58.2925009210945
2024-10-30 09:00:00,78.1267987063887
2024-10-30 10:00:00,69.18574946613035
2024-10-30 11:00:00,67.67208485322719
2024-10-30 12:00:00,64.85839489694746
2024-10-30 13:00:00,50.805873736741496
2024-10-30 14:00:00,67.13141547005993
2024-10-30 15:00:00,59.8466708706851
2024-10-30 16:00:00,78.03344018120256
2024-10-30 17:00:00,56.943761997840866
2024-10-30 18:00:00,62.754779805045814
2024-10-30 19:00:00,200.03183134401547
2024-10-30 20:00:00,152.15291102151977
2024-10-30 21:00:00,189.23053187573214
2024-10-30 22:00:00,181.6782934357396
2024-10-30 23:00:00,178.778670254951
2024-10-31 00:00:00,176.72407688849313
2024-10-31 01:00:00,177.77363059945253
2024-10-31 02:00:00,181.8479557890355
2024-10-31 03:00:00,163.64353839340401
2024-10-31 04:00:00,152.286718890562
2024-10-31 05:00:00,162.79137773066742
2024-10-31 06:00:00,155.02989008654012
2024-10-31 07:00:00,169.99955860656797
2024-10-31 08:00:00,87.13185990542144
2024-10-31 09:00:00,54.0287599172602
2024-10-31 10:00:00,72.22987527174337
2024-10-31 11:00:00,76.63655499459841
2024-10-31 12:00:00,65.9802266890546
2024-10-31 13:00:00,69.45272456072631
2024-10-31 14:00:00,63.63301077540633
2024-10-31 15:00:00,78.9086742224126
2024-10-31 16:00:00,71.09411770413982
2024-10-31 17:00:00,71.09641781754974
2024-10-31 18:00:00,55.91929597122416
2024-10-31 19:00:00,176.85357556257483
2024-10-31 20:00:00,183.54738673495896
2024-10-31 21:00:00,161.1625966967947
2024-10-31 22:00:00,189.13372821377024
2024-10-31 23:00:00,207.74882704249848
2024-11-01 00:00:00,182.12978666014794
2024-11-01 01:00:00,166.62622975138612
2024-11-01 02:00:00,162.60088714043948
2024-11-01 03:00:00,174.39567086665414
2024-11-01 04:00:00,214.9602984833464
2024-11-01 05:00:00,166.33048651561586
2024-11-01 06:00:00,175.17650328092924
2024-11-01 07:00:00,179.68514518459398
2024-11-01 08:00:00,65.44570826957846
2024-11-01 09:00:00,64.4796001381496
2024-11-01 10:00:00,78.41384246482502
2024-11-01 11:00:00,69.73513921101365
2024-11-01 12:00:00,77.08500315542614
2024-11-01 13:00:00,77.49231359207226
2024-11-01 14:00:00,61.90291349320081
2024-11-01 15:00:00,70.0754465655956
2024-11-01 16:00:00,67.59654060930491
2024-11-01 17:00:00,70.75773546308059
2024-11-01 18:00:00,55.295409323783375
2024-11-01 19:00:00,216.1932681665555
2024-11-01 20:00:00,210.88063945036885
2024-11-01 21:00:00,170.71720399010883
2024-11-01 22:00:00,213.1235358844676
2024-11-01 23:00:00,195.15272030616848
2024-11-02 00:00:00,194.50653659922565
2024-11-02 01:00:00,152.76278948494033
2024-11-02 02:00:00,156.47949683540654
2024-11-02 03:00:00,197.24438144309244
2024-11-02 04:00:00,166.82562734836094
2024-11-02 05:00:00,151.23143043489134
2024-11-02 06:00:00,187.35501311802744
2024-11-02 07:00:00,210.60705146281808
2024-11-02 08:00:00,70.21891349749798
2024-11-02 09:00:00,59.97225484326015
2024-11-02 10:00:00,77.38936282079109
2024-11-02 11:00:00,71.67444591230466
2024-11-02 12:00:00,72.85176621561283
2024-11-02 13:00:00,65.0826016506195
2024-11-02 14:00:00,73.39474594157616
2024-11-02 15:00:00,79.419223295482
2024-11-02 16:00:00,51.23410338183233
2024-11-02 17:00:00,57.66686497095233
2024-11-02 18:00:00,64.406675469433
2024-11-02 19:00:00,174.82839494006936
2024-11-02 20:00:00,162.516901933282
2024-11-02 21:00:00,168.6223958224183
2024-11-02 22:00:00,182.8141395228296
2024-11-02 23:00:00,177.37793973944022
2024-11-03 00:00:00,176.9307530014288
2024-11-03 01:00:00,184.9846733156553
2024-11-03 02:00:00,179.06253137640033
2024-11-03 03:00:00,168.23838321800977
2024-11-03 04:00:00,158.1855623170643
2024-11-03 05:00:00,169.5970935733288
2024-11-03 06:00:00,192.89557399268128
2024-11-03 07:00:00,175.9725801471243
2024-11-03 08:00:00,70.84932337318779
2024-11-03 09:00:00,82.08046904384426
2024-11-03 10:00:00,76.85491269239091
2024-11-03 11:00:00,62.405978152802454
2024-11-03 12:00:00,63.06411228333796
2024-11-03 13:00:00,50.789094349587224
2024-11-03 14:00:00,86.19928234191943
2024-11-03 15:00:00,71.60826408568957
2024-11-03 16:00:00,66.06032547900467
2024-11-03 17:00:00,60.87898354470036
2024-11-03 18:00:00,56.074700923626075
2024-11-03 19:00:00,178.38896259376432
2024-11-03 20:00:00,182.3313659587173
2024-11-03 21:00:00,185.1553611068627
2024-11-03 22:00:00,182.03319427618095
2024-11-03 23:00:00,170.54162954942916
2024-11-04 00:00:00,179.40326290253424
2024-11-04 01:00:00,191.53978640892524
2024-11-04 02:00:00,162.79611527421488
2024-11-04 03:00:00,185.55882397041694
2024-11-04 04:00:00,151.52253700724214
2024-11-04 05:00:00,191.72345894759246
2024-11-04 06:00:00,196.95913350751357
2024-11-04 07:00:00,169.89767594917112
2024-11-04 08:00:00,69.39491581046333
2024-11-04 09:00:00,57.058644311134
2024-11-04 10:00:00,67.06645727002646
2024-11-04 11:00:00,76.1646168047964
2024-11-04 12:00:00,60.70008033823276
2024-11-04 13:00:00,57.2370096681376
2024-11-04 14:00:00,74.83195513258335
2024-11-04 15:00:00,61.765093774790486
2024-11-04 16:00:00,64.90884250136122
2024-11-04 17:00:00,66.45169426566581
2024-11-04 18:00:00,64.06201641939614
2024-11-04 19:00:00,167.1697551638455
2024-11-04 20:00:00,158.12476266692812
2024-11-04 21:00:00,160.47960293856255
2024-11-04 22:00:00,200.00133989164203
2024-11-04 23:00:00,189.17312989205334
2024-11-05 00:00:00,175.1112620952254
2024-11-05 01:00:00,168.68553303820576
2024-11-05 02:00:00,203.3666249775805
2024-11-05 03:00:00,175.732955564389
2024-11-05 04:00:00,171.49222580726237
2024-11-05 05:00:00,192.80951640578422
2024-11-05 06:00:00,153.29464220247965
2024-11-05 07:00:00,172.58821818623773
2024-11-05 08:00:00,67.71566466751702
2024-11-05 09:00:00,58.22105748575156
2024-11-05 10:00:00,79.76288674245609
2024-11-05 11:00:00,79.53219621336461
2024-11-05 12:00:00,73.23701718596323
2024-11-05 13:00:00,74.87891285448418
2024-11-05 14:00:00,81.19977445148521
2024-11-05 15:00:00,76.55755217848468
2024-11-05 16:00:00,73.4704130330953
2024-11-05 17:00:00,63.0166641741074
2024-11-05 18:00:00,72.3950731606745
2024-11-05 19:00:00,182.55920156520355
2024-11-05 20:00:00,209.88339242311343
2024-11-05 21:00:00,199.57340148736097
2024-11-05 22:00:00,184.21631504007127
2024-11-05 23:00:00,172.09310165986045
2024-11-06 00:00:00,192.66562369147937
2024-11-06 01:00:00,192.00410970454823
2024-11-06 02:00:00,193.63634968235078
2024-11-06 03:00:00,205.54555758734986
2024-11-06 04:00:00,187.52423168908183
2024-11-06 05:00:00,165.76584999262337
2024-11-06 06:00:00,178.15910737249555
2024-11-06 07:00:00,162.67146580530917
2024-11-06 08:00:00,53.17499573472639
2024-11-06 09:00:00,73.71982005885891
2024-11-06 10:00:00,85.54948815433886
2024-11-06 11:00:00,52.31527369342474
2024-11-06 12:00:00,63.50356863532247
2024-11-06 13:00:00,68.51937524266631
2024-11-06 14:00:00,57.175105238548625
2024-11-06 15:00:00,59.79169223331007
2024-11-06 16:00:00,56.09185832035641
2024-11-06 17:00:00,71.99844015177861
2024-11-06 18:00:00,62.640446680347225
2024-11-06 19:00:00,162.04003688380533
2024-11-06 20:00:00,172.77516554454954
2024-11-06 21:00:00,189.81350571569243
2024-11-06 22:00:00,172.05198214720326
2024-11-06 23:00:00,189.4707593989683
2024-11-07 00:00:00,166.11157217512113
2024-11-07 01:00:00,186.9499653974795
2024-11-07 02:00:00,215.0242845172878
2024-11-07 03:00:00,188.48694870133204
2024-11-07 04:00:00,198.1929024909542
2024-11-07 05:00:00,184.0683077291108
2024-11-07 06:00:00,161.31960333785938
2024-11-07 07:00:00,197.16926551084754
2024-11-07 08:00:00,78.39980558923448
2024-11-07 09:00:00,69.3496697199383
2024-11-07 10:00:00,56.621934893488266
2024-11-07 11:00:00,65.3956104643716
2024-11-07 12:00:00,75.79968705898081
2024-11-07 13:00:00,83.14658982187458
2024-11-07 14:00:00,81.86162930687576
2024-11-07 15:00:00,74.83080695454144
2024-11-07 16:00:00,69.95558973340083
2024-11-07 17:00:00,87.79072980822858
2024-11-07 18:00:00,65.69463795806163
2024-11-07 19:00:00,155.59650820207162
2024-11-07 20:00:00,200.36422343861813
2024-11-07 21:00:00,163.22230311448357
2024-11-07 22:00:00,160.92521005977284
2024-11-07 23:00:00,167.5164059798156
2024-11-08 00:00:00,201.1099018379197
2024-11-08 01:00:00,195.3908199617621
2024-11-08 02:00:00,195.50857983888113
2024-11-08 03:00:00,202.40749875272843
2024-11-08 04:00:00,185.81997542459183
2024-11-08 05:00:00,164.6580113514717
2024-11-08 06:00:00,217.73474008242556
2024-11-08 07:00:00,196.11176756800998
2024-11-08 08:00:00,66.02125127465447
2024-11-08 09:00:00,66.63847158716048
2024-11-08 10:00:00,67.01519825480364
2024-11-08 11:00:00,69.26116944453776
2024-11-08 12:00:00,82.70233301110773
2024-11-08 13:00:00,70.82543409438976
2024-11-08 14:00:00,63.82234600747708
2024-11-08 15:00:00,56.634747410485126
2024-11-08 16:00:00,70.54823464226051
2024-11-08 17:00:00,70.86950035265485
2024-11-08 18:00:00,66.96145189743645
2024-11-08 19:00:00,197.5929626191723
2024-11-08 20:00:00,177.05903823386708
2024-11-08 21:00:00,207.99583107178873
2024-11-08 22:00:00,177.95954595588483
2024-11-08 23:00:00,197.76759198278833
2024-11-09 00:00:00,202.6053855729874
2024-11-09 01:00:00,192.71365910605505
2024-11-09 02:00:00,177.90585479631898
2024-11-09 03:00:00,209.30561457554836
2024-11-09 04:00:00,186.96191027130575
2024-11-09 05:00:00,187.9649696464043
2024-11-09 06:00:00,185.26846434373897
2024-11-09 07:00:00,212.04189247618362
2024-11-09 08:00:00,69.66851600701595
2024-11-09 09:00:00,63.11000475927575
2024-11-09 10:00:00,61.41150873748668
2024-11-09 11:00:00,80.08685785368112
2024-11-09 12:00:00,80.36533340645016
2024-11-09 13:00:00,60.74782944202536
2024-11-09 14:00:00,57.536720692159676
2024-11-09 15:00:00,84.32627210544294
2024-11-09 16:00:00,61.52991828929384
2024-11-09 17:00:00,58.70653708937902
2024-11-09 18:00:00,55.18099814318401
2024-11-09 19:00:00,203.55980802197138
2024-11-09 20:00:00,156.93414491532772
2024-11-09 21:00:00,193.26034050486484
2024-11-09 22:00:00,187.7061796861663
2024-11-09 23:00:00,176.2718684991133
2024-11-10 00:00:00,182.15125604532568
2024-11-10 01:00:00,204.3190626596995
2024-11-10 02:00:00,155.02736682409449
2024-11-10 03:00:00,193.69830174752468
2024-11-10 04:00:00,160.6916286337759
2024-11-10 05:00:00,189.48716114571613
2024-11-10 06:00:00,171.75971429997156
2024-11-10 07:00:00,198.41286674590515
2024-11-10 08:00:00,54.48551098351519
2024-11-10 09:00:00,61.269472019329044
2024-11-10 10:00:00,71.65164559449929
2024-11-10 11:00:00,65.36359452386557
2024-11-10 12:00:00,59.30820197782712
2024-11-10 13:00:00,64.65785077881785
2024-11-10 14:00:00,76.23005237125571
2024-11-10 15:00:00,51.646058626084624
2024-11-10 16:00:00,67.41768742243474
2024-11-10 17:00:00,59.36776926393845
2024-11-10 18:00:00,61.46899619186044
2024-11-10 19:00:00,184.40040388366066
2024-11-10 20:00:00,176.24641684022666
2024-11-10 21:00:00,184.1836968443266
2024-11-10 22:00:00,173.93521995454003
2024-11-10 23:00:00,149.71010846422078
2024-11-11 00:00:00,189.51771299410277
2024-11-11 01:00:00,197.1745773117839
2024-11-11 02:00:00,179.5188169433314
2024-11-11 03:00:00,169.99654821567822
2024-11-11 04:00:00,182.14634081948026
2024-11-11 05:00:00,202.62275795604725
2024-11-11 06:00:00,165.85458601116977
2024-11-11 07:00:00,196.88065462574963
2024-11-11 08:00:00,70.17870957208476
2024-11-11 09:00:00,61.35204407897131
2024-11-11 10:00:00,69.13897941289048
2024-11-11 11:00:00,84.82935234803989
2024-11-11 12:00:00,83.83934734416582
2024-11-11 13:00:00,52.3747494518352
2024-11-11 14:00:00,57.63818131815616
2024-11-11 15:00:00,65.17955520886628
2024-11-11 16:00:00,55.69285745689683
2024-11-11 17:00:00,61.21527305304027
2024-11-11 18:00:00,58.35581944631808
2024-11-11 19:00:00,182.57050281841
2024-11-11 20:00:00,179.3422858265397
2024-11-11 21:00:00,196.10016418563796
2024-11-11 22:00:00,200.76122352501312
2024-11-11 23:00:00,191.35523779067216
2024-11-12 00:00:00,191.92070931167513
2024-11-12 01:00:00,157.67367999118406
2024-11-12 02:00:00,189.14866968285617
2024-11-12 03:00:00,207.46154658710532
2024-11-12 04:00:00,185.91008958110842
2024-11-12 05:00:00,179.67283358456115
2024-11-12 06:00:00,186.17589289149203
2024-11-12 07:00:00,202.08174973525644
2024-11-12 08:00:00,54.31698370101356
2024-11-12 09:00:00,57.51899375806854
2024-11-12 10:00:00,75.33115524816094
2024-11-12 11:00:00,78.731383884863
2024-11-12 12:00:00,70.1552585258336
2024-11-12 13:00:00,52.57722999745777
2024-11-12 14:00:00,75.73708718377254
2024-11-12 15:00:00,74.33331384362359
2024-11-12 16:00:00,70.31014865331274
2024-11-12 17:00:00,68.18574101142791
2024-11-12 18:00:00,61.200372899172336
2024-11-12 19:00:00,191.4761169817007
2024-11-12 20:00:00,171.90815283638557
2024-11-12 21:00:00,173.6503200559459
2024-11-12 22:00:00,161.34861046375931
2024-11-12 23:00:00,162.27743925197606
2024-11-13 00:00:00,207.27054043412994
2024-11-13 01:00:00,175.13136577017036
2024-11-13 02:00:00,178.05995877293577
2024-11-13 03:00:00,191.68191980562972
2024-11-13 04:00:00,205.1435596111192
2024-11-13 05:00:00,174.24837282626288
2024-11-13 06:00:00,162.83663549493588
2024-11-13 07:00:00,166.18531212331055
2024-11-13 08:00:00,78.73806961639356
2024-11-13 09:00:00,58.409989634578466
2024-11-13 10:00:00,48.01472094478081
2024-11-13 11:00:00,58.50538966132639
2024-11-13 12:00:00,80.55344987028126
2024-11-13 13:00:00,68.40895252031459
2024-11-13 14:00:00,72.7394161687799
2024-11-13 15:00:00,67.90723466623257
2024-11-13 16:00:00,62.48315768039738
2024-11-13 17:00:00,79.55003250668108
2024-11-13 18:00:00,67.65071690331571
2024-11-13 19:00:00,200.25979317262664
2024-11-13 20:00:00,198.24039719626626
2024-11-13 21:00:00,175.86540134204523
2024-11-13 22:00:00,197.8543838184084
2024-11-13 23:00:00,211.27690619869637
2024-11-14 00:00:00,167.72850535674564
2024-11-14 01:00:00,191.28790234348776
2024-11-14 02:00:00,207.4801973829287
2024-11-14 03:00:00,193.43209124209986
2024-11-14 04:00:00,187.403033068469
2024-11-14 05:00:00,186.40955946899345
2024-11-14 06:00:00,194.9014474109737
2024-11-14 07:00:00,190.00734958302903
2024-11-14 08:00:00,76.71775652936763
2024-11-14 09:00:00,66.12489360733903
2024-11-14 10:00:00,69.71255301367103
2024-11-14 11:00:00,58.706176640763665
2024-11-14 12:00:00,65.72305112587046
2024-11-14 13:00:00,82.58190336998946
2024-11-14 14:00:00,64.86728295273798
2024-11-14 15:00:00,63.66119011062868
2024-11-14 16:00:00,68.07009325450359
2024-11-14 17:00:00,74.94735097331244
2024-11-14 18:00:00,62.22357253646724
2024-11-14 19:00:00,208.45126481213683
2024-11-14 20:00:00,206.93914380204905
2024-11-14 21:00:00,152.03235687483078
2024-11-14 22:00:00,182.5670070100129
2024-11-14 23:00:00,190.62624067071863
2024-11-15 00:00:00,190.20685984949046
2024-11-15 01:00:00,187.14634761110688
2024-11-15 02:00:00,175.77916647490682
2024-11-15 03:00:00,169.39881507320047
2024-11-15 04:00:00,163.3965675217028
2024-11-15 05:00:00,192.30342424183294
2024-11-15 06:00:00,164.23817701668435
2024-11-15 07:00:00,164.98512337669615
2024-11-15 08:00:00,65.61858122819315
2024-11-15 09:00:00,64.3784860418634
2024-11-15 10:00:00,57.46439112087994
2024-11-15 11:00:00,79.32530318932035
2024-11-15 12:00:00,53.916553301795446
2024-11-15 13:00:00,68.29657505492902
2024-11-15 14:00:00,53.09891405033103
2024-11-15 15:00:00,73.12251356528697
2024-11-15 16:00:00,59.93464234811395
2024-11-15 17:00:00,66.1038478068657
2024-11-15 18:00:00,60.04488334829314
2024-11-15 19:00:00,197.4306441709869
2024-11-15 20:00:00,205.58186963091853
2024-11-15 21:00:00,164.01105841911416
2024-11-15 22:00:00,187.3075627184752
2024-11-15 23:00:00,167.1983613193987
2024-11-16 00:00:00,194.38161840614626
2024-11-16 01:00:00,176.24706275136973
2024-11-16 02:00:00,204.2677080603481
2024-11-16 03:00:00,174.5249082603138
2024-11-16 04:00:00,162.91816006709666
2024-11-16 05:00:00,180.67848316031885
2024-11-16 06:00:00,192.58818054047123
2024-11-16 07:00:00,200.63525043106637
2024-11-16 08:00:00,77.42130946827524
2024-11-16 09:00:00,54.25623455271121
2024-11-16 10:00:00,53.8950357830664
2024-11-16 11:00:00,67.81990545110405
2024-11-16 12:00:00,80.25568551969937
2024-11-16 13:00:00,74.41778769977212
2024-11-16 14:00:00,61.648834683141374
2024-11-16 15:00:00,55.586816449880644
2024-11-16 16:00:00,74.21973521862415
2024-11-16 17:00:00,58.30250848628387
2024-11-16 18:00:00,70.04902429971713
2024-11-16 19:00:00,183.47358624381235
2024-11-16 20:00:00,162.5208147242737
2024-11-16 21:00:00,178.10600477899067
2024-11-16 22:00:00,197.1178859118757
2024-11-16 23:00:00,190.6302147681181
2024-11-17 00:00:00,195.39669314803058
2024-11-17 01:00:00,193.0884603812146
2024-11-17 02:00:00,179.6245918841388
2024-11-17 03:00:00,159.75858690329275
2024-11-17 04:00:00,183.68297496606064
2024-11-17 05:00:00,201.69806255801797
2024-11-17 06:00:00,173.0427294570663
2024-11-17 07:00:00,188.97260942675624
2024-11-17 08:00:00,71.95510462319619
2024-11-17 09:00:00,63.7971233633355
2024-11-17 10:00:00,79.5090947908676
2024-11-17 11:00:00,80.01658860945813
2024-11-17 12:00:00,77.7363237467246
2024-11-17 13:00:00,72.31305335713351
2024-11-17 14:00:00,60.09639492880095
2024-11-17 15:00:00,69.66431353278885
2024-11-17 16:00:00,68.8021285452769
2024-11-17 17:00:00,63.017116215348004
2024-11-17 18:00:00,70.62759227143837
2024-11-17 19:00:00,187.88239304597298
2024-11-17 20:00:00,183.2096451153938
2024-11-17 21:00:00,183.73354781582088
2024-11-17 22:00:00,177.74939395287907
2024-11-17 23:00:00,212.09516443587708
2024-11-18 00:00:00,182.15347872954248
2024-11-18 01:00:00,196.26496499903652
2024-11-18 02:00:00,160.85062503930376
2024-11-18 03:00:00,155.0386470115186
2024-11-18 04:00:00,197.42561540912277
2024-11-18 05:00:00,159.62114592052285
2024-11-18 06:00:00,195.0653936338819
2024-11-18 07:00:00,198.18103381352
2024-11-18 08:00:00,60.69439456621394
2024-11-18 09:00:00,66.5947049919618
2024-11-18 10:00:00,74.85538540748843
2024-11-18 11:00:00,70.25681492574708
2024-11-18 12:00:00,78.12033045200296
2024-11-18 13:00:00,67.92840305675165
2024-11-18 14:00:00,63.8923473917712
2024-11-18 15:00:00,68.39279564660939
2024-11-18 16:00:00,59.79108298714641
2024-11-18 17:00:00,69.50051066875237
2024-11-18 18:00:00,64.6226004327735
2024-11-18 19:00:00,164.89338628430934
2024-11-18 20:00:00,165.80942199470059
2024-11-18 21:00:00,168.6251965729516
2024-11-18 22:00:00,154.92170798041064
2024-11-18 23:00:00,164.44313256066346
2024-11-19 00:00:00,182.36063341526716
2024-11-19 01:00:00,165.68231965222304
2024-11-19 02:00:00,203.42634507626477
2024-11-19 03:00:00,153.34063648717427
2024-11-19 04:00:00,211.2603581585916
2024-11-19 05:00:00,169.1387319234234
2024-11-19 06:00:00,158.59596004834674
2024-11-19 07:00:00,197.296067050107
2024-11-19 08:00:00,62.684489731469235
2024-11-19 09:00:00,61.52055053648304
2024-11-19 10:00:00,56.00283404045294
2024-11-19 11:00:00,57.27866454607789
2024-11-19 12:00:00,75.94566912411345
2024-11-19 13:00:00,76.94555144342186
2024-11-19 14:00:00,58.144923397326295
2024-11-19 15:00:00,66.29413916527014
2024-11-19 16:00:00,61.38744193569684
2024-11-19 17:00:00,78.62792031163436
2024-11-19 18:00:00,66.53925346116523
2024-11-19 19:00:00,179.18754035198756
2024-11-19 20:00:00,195.61696726152354
2024-11-19 21:00:00,183.84689859745941
2024-11-19 22:00:00,163.7517564814517
2024-11-19 23:00:00,176.02096752153363
2024-11-20 00:00:00,201.60155114500816
2024-11-20 01:00:00,161.1727698356251
2024-11-20 02:00:00,196.54269840162067
2024-11-20 03:00:00,186.04255458843164
2024-11-20 04:00:00,168.58023857479603
2024-11-20 05:00:00,193.38985967901272
2024-11-20 06:00:00,196.8128390354738
2024-11-20 07:00:00,161.81025144108344
2024-11-20 08:00:00,81.91874325294282
2024-11-20 09:00:00,54.96082493011204
2024-11-20 10:00:00,63.51781121946075
2024-11-20 11:00:00,63.13244207003827
2024-11-20 12:00:00,65.8942536369098
2024-11-20 13:00:00,50.46472463264597
2024-11-20 14:00:00,80.19597951795654
2024-11-20 15:00:00,81.49920133514655
2024-11-20 16:00:00,62.565736942733025
2024-11-20 17:00:00,68.2557961432181
2024-11-20 18:00:00,77.73075116666878
2024-11-20 19:00:00,202.044005620804
2024-11-20 20:00:00,192.55265677286792
2024-11-20 21:00:00,185.18479281690242
2024-11-20 22:00:00,198.90087366609453
2024-11-20 23:00:00,205.99640647690643
2024-11-21 00:00:00,170.83400197558223
2024-11-21 01:00:00,187.11138966493374
2024-11-21 02:00:00,149.17419311476246
2024-11-21 03:00:00,180.54365113016786
2024-11-21 04:00:00,184.8680420155473
2024-11-21 05:00:00,188.2062045901717
2024-11-21 06:00:00,173.25513661597589
2024-11-21 07:00:00,171.13556892577012
2024-11-21 08:00:00,81.67902289055598
2024-11-21 09:00:00,58.54146217034424
2024-11-21 10:00:00,56.73205885686856
2024-11-21 11:00:00,61.002251744899056
2024-11-21 12:00:00,53.96616664092796
2024-11-21 13:00:00,51.734475429753815
2024-11-21 14:00:00,61.97804119451301
2024-11-21 15:00:00,56.31857159592365
2024-11-21 16:00:00,78.41129725475938
2024-11-21 17:00:00,64.5371718266098
2024-11-21 18:00:00,84.77794241536066
2024-11-21 19:00:00,209.22166772089682
2024-11-21 20:00:00,161.46544413726963
2024-11-21 21:00:00,206.34668120848147
2024-11-21 22:00:00,183.35185600907107
2024-11-21 23:00:00,170.5972390124858
2024-11-22 00:00:00,157.02917717500682
2024-11-22 01:00:00,183.76221940223806
2024-11-22 02:00:00,213.19996108365498
2024-11-22 03:00:00,204.08182572298995
2024-11-22 04:00:00,195.15884880767808
2024-11-22 05:00:00,189.892294689347
2024-11-22 06:00:00,175.11221890968113
2024-11-22 07:00:00,175.28804596978244
2024-11-22 08:00:00,72.00690840694469
2024-11-22 09:00:00,69.6402122473529
2024-11-22 10:00:00,72.47169291796088
2024-11-22 11:00:00,79.21749820955496
2024-11-22 12:00:00,58.19385225617833
2024-11-22 13:00:00,79.13037134488405
2024-11-22 14:00:00,70.05326164781614
2024-11-22 15:00:00,73.96783766668334
2024-11-22 16:00:00,64.19682754646011
2024-11-22 17:00:00,55.05338474706143
2024-11-22 18:00:00,76.33590810384473
2024-11-22 19:00:00,181.5494193507733
2024-11-22 20:00:00,170.42220169383728
2024-11-22 21:00:00,180.5347860102807
2024-11-22 22:00:00,181.07017243974343
2024-11-22 23:00:00,153.98293021409063
2024-11-23 00:00:00,172.53043428160646
2024-11-23 01:00:00,185.34499163008226
2024-11-23 02:00:00,179.58599476043673
2024-11-23 03:00:00,170.72160789990457
2024-11-23 04:00:00,191.836880884716
2024-11-23 05:00:00,204.51532629593166
2024-11-23 06:00:00,208.68265567835854
2024-11-23 07:00:00,163.83716294933004
2024-11-23 08:00:00,78.75858250307282
2024-11-23 09:00:00,58.82952201721302
2024-11-23 10:00:00,55.303292969121586
2024-11-23 11:00:00,66.97665561719691
2024-11-23 12:00:00,59.020046097049516
2024-11-23 13:00:00,67.29234016618157
2024-11-23 14:00:00,64.3259355080427
2024-11-23 15:00:00,62.356108003162234
2024-11-23 16:00:00,58.74370703067943
2024-11-23 17:00:00,74.46330129862079
2024-11-23 18:00:00,65.40484950091698
2024-11-23 19:00:00,195.5406281095497
2024-11-23 20:00:00,169.96278137088956
2024-11-23 21:00:00,178.32236847934269
2024-11-23 22:00:00,204.8080670277741
2024-11-23 23:00:00,182.07386839471258
2024-11-24 00:00:00,169.94631294487263
2024-11-24 01:00:00,185.9470734628943
2024-11-24 02:00:00,203.9895058537153
2024-11-24 03:00:00,185.60894554343878
2024-11-24 04:00:00,177.45877981597152
2024-11-24 05:00:00,189.70639445815016
2024-11-24 06:00:00,189.51501668590853
2024-11-24 07:00:00,181.1877843834563
2024-11-24 08:00:00,69.81712937535417
2024-11-24 09:00:00,57.73955939687161
2024-11-24 10:00:00,62.99872667433927
2024-11-24 11:00:00,61.18970666177375
2024-11-24 12:00:00,86.4646622358999
2024-11-24 13:00:00,57.23729179481736
2024-11-24 14:00:00,74.80665478978011
2024-11-24 15:00:00,65.34934099670915
2024-11-24 16:00:00,69.95142728295852
2024-11-24 17:00:00,75.77979535185227
2024-11-24 18:00:00,70.03445796385266
2024-11-24 19:00:00,183.10489072521483
2024-11-24 20:00:00,185.234967558513
2024-11-24 21:00:00,182.7523883844387
2024-11-24 22:00:00,173.06579193031058
2024-11-24 23:00:00,173.27555295893507
2024-11-25 00:00:00,167.97655126669736
2024-11-25 01:00:00,184.91645661621936
2024-11-25 02:00:00,211.74024472262397
2024-11-25 03:00:00,185.83187961061418
2024-11-25 04:00:00,189.22902235266565
2024-11-25 05:00:00,192.42459237598814
2024-11-25 06:00:00,185.9733512427141
2024-11-25 07:00:00,205.05581183827806
2024-11-25 08:00:00,76.4084456672018
2024-11-25 09:00:00,69.5217044008092
2024-11-25 10:00:00,62.55195494647147
2024-11-25 11:00:00,65.94537455071803
2024-11-25 12:00:00,79.96708145241213
2024-11-25 13:00:00,72.34607581231005
2024-11-25 14:00:00,69.7444633955445
2024-11-25 15:00:00,80.09104326181453
2024-11-25 16:00:00,79.86826088234595
2024-11-25 17:00:00,83.55721524972441
2024-11-25 18:00:00,64.76181322439132
2024-11-25 19:00:00,203.22729047280853
2024-11-25 20:00:00,177.3133713632832
2024-11-25 21:00:00,211.8220979022963
2024-11-25 22:00:00,206.79985129459908
2024-11-25 23:00:00,194.82429524088423
2024-11-26 00:00:00,177.3133364410902
2024-11-26 01:00:00,178.98990125223747
2024-11-26 02:00:00,165.1908159751955
2024-11-26 03:00:00,173.2896073423983
2024-11-26 04:00:00,148.28144245612975
2024-11-26 05:00:00,157.01861134632375
2024-11-26 06:00:00,175.14219750177904
2024-11-26 07:00:00,204.18593703826383
2024-11-26 08:00:00,67.29310036427049
2024-11-26 09:00:00,60.77007043578121
2024-11-26 10:00:00,61.27253645834182
2024-11-26 11:00:00,68.19243511870025
2024-11-26 12:00:00,59.406933294411125
2024-11-26 13:00:00,71.86681216293272
2024-11-26 14:00:00,62.78962115116181
2024-11-26 15:00:00,60.27369157348083
2024-11-26 16:00:00,66.645806488027
2024-11-26 17:00:00,67.08322875400178
2024-11-26 18:00:00,68.40344015688774
2024-11-26 19:00:00,149.5533773099254
2024-11-26 20:00:00,153.21141146118066
2024-11-26 21:00:00,215.0618505675406
2024-11-26 22:00:00,182.39018883652233
2024-11-26 23:00:00,160.07792367777742
2024-11-27 00:00:00,177.9916711931885
2024-11-27 01:00:00,173.79058505670196
2024-11-27 02:00:00,178.00031356051733
2024-11-27 03:00:00,151.18612999785518
2024-11-27 04:00:00,164.54134552490166
2024-11-27 05:00:00,182.41894028050655
2024-11-27 06:00:00,211.82183569294298
2024-11-27 07:00:00,159.4423878601848
2024-11-27 08:00:00,69.13619682801223
2024-11-27 09:00:00,73.19343461397975
2024-11-27 10:00:00,71.01967319609635
2024-11-27 11:00:00,69.66937604109941
2024-11-27 12:00:00,64.6852178505081
2024-11-27 13:00:00,77.42233436227383
2024-11-27 14:00:00,63.74254680240019
2024-11-27 15:00:00,74.2543561450413
2024-11-27 16:00:00,78.75372643206741
2024-11-27 17:00:00,74.72706947012531
2024-11-27 18:00:00,66.93780608690416
2024-11-27 19:00:00,190.13349272104114
2024-11-27 20:00:00,169.0356469936154
2024-11-27 21:00:00,177.89866760909865
2024-11-27 22:00:00,194.5359572547593
2024-11-27 23:00:00,169.99790341556687
2024-11-28 00:00:00,195.2924926895057
2024-11-28 01:00:00,185.2189465896971
2024-11-28 02:00:00,179.53241308177542
2024-11-28 03:00:00,170.17390811750596
2024-11-28 04:00:00,165.75761236185338
2024-11-28 05:00:00,193.18886043736197
2024-11-28 06:00:00,188.7383729052944
2024-11-28 07:00:00,175.52429997235754
2024-11-28 08:00:00,70.56903899184402
2024-11-28 09:00:00,52.84979071705007
2024-11-28 10:00:00,57.29289571502112
2024-11-28 11:00:00,57.14430589969969
2024-11-28 12:00:00,63.997917162762484
2024-11-28 13:00:00,64.99890232168674
2024-11-28 14:00:00,72.43054948714608
2024-11-28 15:00:00,80.23062580093433
2024-11-28 16:00:00,78.29835974631773
2024-11-28 17:00:00,65.91455983461697
2024-11-28 18:00:00,85.34685141211158
2024-11-28 19:00:00,210.41493844537172
2024-11-28 20:00:00,189.32394826295388
2024-11-28 21:00:00,172.4415406530237
2024-11-28 22:00:00,183.20340329610585
2024-11-28 23:00:00,178.36380527227712
2024-11-29 00:00:00,167.4724180775535
2024-11-29 01:00:00,174.3454800398376
2024-11-29 02:00:00,205.3266209347287
2024-11-29 03:00:00,178.52701143594476
2024-11-29 04:00:00,163.4492676212349
2024-11-29 05:00:00,171.56850179024744
2024-11-29 06:00:00,200.39872031034878
2024-11-29 07:00:00,175.2463409210556
2024-11-29 08:00:00,70.92712249751631
2024-11-29 09:00:00,74.19962925847977
2024-11-29 10:00:00,66.60849580484731
2024-11-29 11:00:00,65.25957440553327
2024-11-29 12:00:00,74.99132578700824
2024-11-29 13:00:00,69.57885025168586
2024-11-29 14:00:00,84.32967021569061
2024-11-29 15:00:00,57.07930289198744
2024-11-29 16:00:00,74.18417359142265
2024-11-29 17:00:00,76.47409451594008
2024-11-29 18:00:00,48.69213171140622
2024-11-29 19:00:00,179.6780091315112
2024-11-29 20:00:00,185.0870273460071
2024-11-29 21:00:00,207.75401457027863
2024-11-29 22:00:00,157.90870275145292
2024-11-29 23:00:00,177.36378548990862
2024-11-30 00:00:00,180.91798513632818
2024-11-30 01:00:00,176.75533155710656
2024-11-30 02:00:00,184.24939763664048
2024-11-30 03:00:00,177.5352668248694
2024-11-30 04:00:00,199.03398478751777
2024-11-30 05:00:00,164.10722625222311
2024-11-30 06:00:00,192.8195306923152
2024-11-30 07:00:00,168.12082570704806
2024-11-30 08:00:00,77.29481256250517
2024-11-30 09:00:00,72.69894637695795
2024-11-30 10:00:00,73.76794501519282
2024-11-30 11:00:00,65.98471200232001
2024-11-30 12:00:00,68.20408588821338
2024-11-30 13:00:00,59.2999875284242
2024-11-30 14:00:00,55.84113438626384
2024-11-30 15:00:00,56.10119433947739
2024-11-30 16:00:00,81.62565354713591
2024-11-30 17:00:00,69.87952358520542
2024-11-30 18:00:00,62.25371384140429
2024-11-30 19:00:00,202.57779941150136
2024-11-30 20:00:00,170.6308371035917
2024-11-30 21:00:00,159.5704758962892
2024-11-30 22:00:00,197.2164624339482
2024-11-30 23:00:00,170.10623518920113
2024-12-01 00:00:00,185.81355402561064
2024-12-01 01:00:00,168.47827235598385
2024-12-01 02:00:00,171.4648185930821
2024-12-01 03:00:00,177.53997504983624
2024-12-01 04:00:00,173.34413424944677
2024-12-01 05:00:00,186.96250310880305
2024-12-01 06:00:00,187.12080927297387
2024-12-01 07:00:00,184.8790912850396
2024-12-01 08:00:00,57.532463312709766
2024-12-01 09:00:00,67.28315935262216
2024-12-01 10:00:00,66.03355952917872
2024-12-01 11:00:00,71.22039302612379
2024-12-01 12:00:00,88.10946246623361
2024-12-01 13:00:00,62.63580892549724
2024-12-01 14:00:00,59.900105280655325
2024-12-01 15:00:00,81.00081319513139
2024-12-01 16:00:00,57.31751522205958
2024-12-01 17:00:00,72.16707748005973
2024-12-01 18:00:00,77.96644226286828
2024-12-01 19:00:00,155.16115514079746
2024-12-01 20:00:00,177.82898188275453
2024-12-01 21:00:00,172.44149319190572
2024-12-01 22:00:00,156.8542519788687
2024-12-01 23:00:00,173.1443450568848
2024-12-02 00:00:00,164.2435164300066
2024-12-02 01:00:00,211.08986686305497
2024-12-02 02:00:00,204.7737077826026
2024-12-02 03:00:00,179.35063573932857
2024-12-02 04:00:00,203.7952375451103
2024-12-02 05:00:00,200.90167733418363
2024-12-02 06:00:00,151.4873959062727
2024-12-02 07:00:00,182.29098309312707
2024-12-02 08:00:00,71.86033681644567
2024-12-02 09:00:00,64.87326543938585
2024-12-02 10:00:00,56.433583898514435
2024-12-02 11:00:00,60.34683209329899
2024-12-02 12:00:00,83.15944523129048
2024-12-02 13:00:00,80.87389049987856
2024-12-02 14:00:00,81.9674896940739
2024-12-02 15:00:00,73.86614355710252
2024-12-02 16:00:00,73.5846412983595
2024-12-02 17:00:00,68.70235083303115
2024-12-02 18:00:00,59.63378181816469
2024-12-02 19:00:00,182.09538806305105
2024-12-02 20:00:00,197.3420423177393
2024-12-02 21:00:00,182.33112040051628
2024-12-02 22:00:00,162.39565030139582
2024-12-02 23:00:00,203.343104164341
2024-12-03 00:00:00,183.11938603237223
2024-12-03 01:00:00,185.07576099009253
2024-12-03 02:00:00,201.7829036764178
2024-12-03 03:00:00,207.91780507310736
2024-12-03 04:00:00,146.62016357474738
2024-12-03 05:00:00,187.22855235996218
2024-12-03 06:00:00,153.45672727470546
2024-12-03 07:00:00,183.85924177907873
2024-12-03 08:00:00,68.62390442197326
2024-12-03 09:00:00,68.73140137984751
2024-12-03 10:00:00,70.92826269704355
2024-12-03 11:00:00,65.77803263435648
2024-12-03 12:00:00,60.80900412756292
2024-12-03 13:00:00,65.82955434370477
2024-12-03 14:00:00,68.70442696718636
2024-12-03 15:00:00,57.825372159422365
2024-12-03 16:00:00,86.10931010205077
2024-12-03 17:00:00,68.83189682229835
2024-12-03 18:00:00,67.27712333970737
2024-12-03 19:00:00,180.98786169703575
2024-12-03 20:00:00,169.80232935935763
2024-12-03 21:00:00,186.8058211142222
2024-12-03 22:00:00,166.2517916388245
2024-12-03 23:00:00,185.62860469987626
2024-12-04 00:00:00,202.5379476919253
2024-12-04 01:00:00,178.30568644078306
2024-12-04 02:00:00,177.24965355618687
2024-12-04 03:00:00,200.68937306426855
2024-12-04 04:00:00,191.9453241875383
2024-12-04 05:00:00,184.89794241019175
2024-12-04 06:00:00,204.98719886840826
2024-12-04 07:00:00,191.38572436150244
2024-12-04 08:00:00,69.94168268408404
2024-12-04 09:00:00,66.19023728055242
2024-12-04 10:00:00,69.73876388165253
2024-12-04 11:00:00,63.30446541880096
2024-12-04 12:00:00,57.68681601412919
2024-12-04 13:00:00,51.61535511331431
2024-12-04 14:00:00,77.23362692506257
2024-12-04 15:00:00,68.45039949173695
2024-12-04 16:00:00,56.41709502230539
2024-12-04 17:00:00,57.697590471453026
2024-12-04 18:00:00,50.259661281704894
2024-12-04 19:00:00,200.34069449813438
2024-12-04 20:00:00,168.4266405377596
2024-12-04 21:00:00,186.64446586136205
2024-12-04 22:00:00,153.33685069040365
2024-12-04 23:00:00,190.73034131437447
2024-12-05 00:00:00,174.93205764765295
2024-12-05 01:00:00,208.07487877428673
2024-12-05 02:00:00,183.49073808417216
2024-12-05 03:00:00,185.59419053988228
2024-12-05 04:00:00,190.98367520691312
2024-12-05 05:00:00,184.20768782986048
2024-12-05 06:00:00,188.18611577255047
2024-12-05 07:00:00,186.2311567838434
2024-12-05 08:00:00,71.09685850965359
2024-12-05 09:00:00,82.91208944487175
2024-12-05 10:00:00,74.81373461983902
2024-12-05 11:00:00,69.95260587282834
2024-12-05 12:00:00,59.97657423640088
2024-12-05 13:00:00,80.7407349966501
2024-12-05 14:00:00,79.07047952275275
2024-12-05 15:00:00,75.79391499427523
2024-12-05 16:00:00,74.70354925113335
2024-12-05 17:00:00,70.0936211891217
2024-12-05 18:00:00,64.99963036668771
2024-12-05 19:00:00,167.02204305713875
2024-12-05 20:00:00,184.01990096957368
2024-12-05 21:00:00,168.8001346982202
2024-12-05 22:00:00,169.01618041226823
2024-12-05 23:00:00,203.83272409389716
2024-12-06 00:00:00,46.30313017347831
2024-12-06 01:00:00,31.545459459746212
2024-12-06 02:00:00,44.909138899270545
2024-12-06 03:00:00,48.12939128017432
2024-12-06 04:00:00,39.94715002530056
2024-12-06 05:00:00,44.89362029619958
2024-12-06 06:00:00,38.656174864905
2024-12-06 07:00:00,40.42599011693101
2024-12-06 08:00:00,45.643131366746985
2024-12-06 09:00:00,47.61644356079768
2024-12-06 10:00:00,32.19045682571556
2024-12-06 11:00:00,40.80652068230475
2024-12-06 12:00:00,46.687919523384714
2024-12-06 13:00:00,45.393811359746586
2024-12-06 14:00:00,38.92427555288562
2024-12-06 15:00:00,40.442870308186585
2024-12-06 16:00:00,33.19652402174573
2024-12-06 17:00:00,31.553267714982628
2024-12-06 18:00:00,42.7131609610188
2024-12-06 19:00:00,43.92140159929759
2024-12-06 20:00:00,49.78012413448179
2024-12-06 21:00:00,47.51620652935026
2024-12-06 22:00:00,32.07385411482198
2024-12-06 23:00:00,34.17245075422298
2024-12-07 00:00:00,33.79241249513936
2024-12-07 01:00:00,41.887700918864475
2024-12-07 02:00:00,38.7496331076447
2024-12-07 03:00:00,37.11312910827091
2024-12-07 04:00:00,36.60501884219144
2024-12-07 05:00:00,38.960116832731984
2024-12-07 06:00:00,43.38194460175302
2024-12-07 07:00:00,36.974806982161276
2024-12-07 08:00:00,30.912536081445296
2024-12-07 09:00:00,31.991616331809386
2024-12-07 10:00:00,45.960973209832616
2024-12-07 11:00:00,30.69262245335586
2024-12-07 12:00:00,31.665827491243878
2024-12-07 13:00:00,42.63605800826623
2024-12-07 14:00:00,32.85999919188317
2024-12-07 15:00:00,34.885663326989054
2024-12-07 16:00:00,38.03979769521604
2024-12-07 17:00:00,48.21869961448439
2024-12-07 18:00:00,38.14546367865403
2024-12-07 19:00:00,32.919593681122024
2024-12-07 20:00:00,38.75361364215347
2024-12-07 21:00:00,48.64601078606438
2024-12-07 22:00:00,31.073649888937
2024-12-07 23:00:00,33.607176931958165
2024-12-08 00:00:00,35.383780126176156
2024-12-08 01:00:00,30.862620158770007
2024-12-08 02:00:00,31.868272765582525
2024-12-08 03:00:00,35.77627641556823
2024-12-08 04:00:00,46.509950225547996
2024-12-08 05:00:00,32.472934986348456
2024-12-08 06:00:00,47.42353337692002
2024-12-08 07:00:00,32.34287955814034
2024-12-08 08:00:00,49.74169007195309
2024-12-08 09:00:00,31.627142105347204
2024-12-08 10:00:00,35.285786257069276
2024-12-08 11:00:00,39.561317209340984
2024-12-08 12:00:00,45.46618834479335
2024-12-08 13:00:00,40.61164833696081
2024-12-08 14:00:00,30.677157952400886
2024-12-08 15:00:00,34.97188718712778
2024-12-08 16:00:00,36.34316508237838
2024-12-08 17:00:00,41.479079193313495
2024-12-08 18:00:00,42.00892777512404
2024-12-08 19:00:00,40.20124051524485
2024-12-08 20:00:00,48.28414592576847
2024-12-08 21:00:00,30.321780154962703
2024-12-08 22:00:00,43.075676220600386
2024-12-08 23:00:00,34.68260190432103
2024-12-09 00:00:00,47.0992614166351
2024-12-09 01:00:00,44.983849647814914
2024-12-09 02:00:00,32.786443932345634
2024-12-09 03:00:00,46.888285000065125
2024-12-09 04:00:00,33.72976373593809
2024-12-09 05:00:00,40.13661692160419
2024-12-09 06:00:00,39.64956735984591
2024-12-09 07:00:00,46.1962700609419
2024-12-09 08:00:00,30.00676751805976
2024-12-09 09:00:00,47.9251491974949
2024-12-09 10:00:00,42.661163765971686
2024-12-09 11:00:00,42.5442311379728
2024-12-09 12:00:00,34.163563955381335
2024-12-09 13:00:00,40.223437990925405
2024-12-09 14:00:00,42.51566936051261
2024-12-09 15:00:00,49.803317237294166
2024-12-09 16:00:00,47.685708175562226
2024-12-09 17:00:00,48.41573597811612
2024-12-09 18:00:00,40.91804321848365
2024-12-09 19:00:00,48.85319229861991
2024-12-09 20:00:00,40.818319616095636
2024-12-09 21:00:00,37.440277780386275
2024-12-09 22:00:00,46.71908429215509
2024-12-09 23:00:00,48.585371782045755
2024-12-10 00:00:00,38.92546521607109
2024-12-10 01:00:00,42.91529358563566
2024-12-10 02:00:00,46.701563703099026
2024-12-10 03:00:00,42.402271228622624
2024-12-10 04:00:00,45.16621152934829
2024-12-10 05:00:00,42.10828114147618
2024-12-10 06:00:00,38.022937746751595
2024-12-10 07:00:00,43.82785616403989
2024-12-10 08:00:00,45.48109955416745
2024-12-10 09:00:00,42.5305765215529
2024-12-10 10:00:00,38.62814435530924
2024-12-10 11:00:00,32.4421063439129
2024-12-10 12:00:00,30.591046727570976
2024-12-10 13:00:00,38.49914311197252
2024-12-10 14:00:00,44.8649070447194
2024-12-10 15:00:00,33.98227603494611
2024-12-10 16:00:00,34.704092069491985
2024-12-10 17:00:00,38.30812414347016
2024-12-10 18:00:00,30.272690575777112
2024-12-10 19:00:00,48.577226747030245
2024-12-10 20:00:00,34.146722424157886
2024-12-10 21:00:00,39.65464057081086
2024-12-10 22:00:00,31.175781598752653
2024-12-10 23:00:00,31.832187765323653
2024-12-11 00:00:00,36.60866010461997
2024-12-11 01:00:00,38.48686685021412
2024-12-11 02:00:00,38.71017123264535
2024-12-11 03:00:00,41.67626375705562
2024-12-11 04:00:00,41.5600250688666
2024-12-11 05:00:00,30.456917692798292
2024-12-11 06:00:00,45.131553336962945
2024-12-11 07:00:00,31.343992671442567
2024-12-11 08:00:00,35.866417712285674
2024-12-11 09:00:00,39.1994415411104
2024-12-11 10:00:00,36.40239426443472
2024-12-11 11:00:00,41.02729789196982
2024-12-11 12:00:00,45.44171902874561
2024-12-11 13:00:00,44.75462828958348
2024-12-11 14:00:00,48.15364600802634
2024-12-11 15:00:00,37.268020031640944
2024-12-11 16:00:00,31.106877167871676
2024-12-11 17:00:00,43.75632450071222
2024-12-11 18:00:00,36.36468674393477
2024-12-11 19:00:00,32.56198559554381
2024-12-11 20:00:00,31.98971387402699
2024-12-11 21:00:00,37.412272440252366
2024-12-11 22:00:00,43.57214907171356
2024-12-11 23:00:00,36.255580962000906
2024-12-12 00:00:00,30.61875156050946
2024-12-12 01:00:00,44.836909520381695
2024-12-12 02:00:00,43.40993753347789
2024-12-12 03:00:00,31.24230241477799
2024-12-12 04:00:00,42.74737559201351
2024-12-12 05:00:00,31.34742093559273
2024-12-12 06:00:00,35.87899848094969
2024-12-12 07:00:00,44.719905344496425
2024-12-12 08:00:00,32.54994699160666
2024-12-12 09:00:00,46.37357297387049
2024-12-12 10:00:00,43.12146608173909
2024-12-12 11:00:00,36.22183836308638
2024-12-12 12:00:00,30.50409688786626
2024-12-12 13:00:00,43.768574245015046
2024-12-12 14:00:00,46.617228831535314
2024-12-12 15:00:00,45.52541096824194
2024-12-12 16:00:00,46.626067871988
2024-12-12 17:00:00,41.65290300254462
2024-12-12 18:00:00,30.860039176871545
2024-12-12 19:00:00,49.576712347430785
2024-12-12 20:00:00,47.3946587270176
2024-12-12 21:00:00,42.54547145564126
2024-12-12 22:00:00,38.667625523958534
2024-12-12 23:00:00,42.422015959556774
2024-12-13 00:00:00,49.92346904462221
2024-12-13 01:00:00,39.07505574249316
2024-12-13 02:00:00,45.097309741765315
2024-12-13 03:00:00,30.512313060187218
2024-12-13 04:00:00,42.49977601787137
2024-12-13 05:00:00,38.56821023200894
2024-12-13 06:00:00,32.550330732054576
2024-12-13 07:00:00,46.25388243921279
2024-12-13 08:00:00,49.37115773970467
2024-12-13 09:00:00,36.23480132896252
2024-12-13 10:00:00,42.66663270922155
2024-12-13 11:00:00,43.95775436350647
2024-12-13 12:00:00,44.138459199883656
2024-12-13 13:00:00,38.0160328326496
2024-12-13 14:00:00,31.759341449655846
2024-12-13 15:00:00,45.13172607667586
2024-12-13 16:00:00,33.76125401539538
2024-12-13 17:00:00,46.17291803632021
2024-12-13 18:00:00,44.5661469553568
2024-12-13 19:00:00,33.10367051556291
2024-12-13 20:00:00,36.03597541010443
2024-12-13 21:00:00,30.923594389345723
2024-12-13 22:00:00,48.82049272213659
2024-12-13 23:00:00,30.784684213841714
2024-12-14 00:00:00,39.53508173209145
2024-12-14 01:00:00,49.46329245099446
2024-12-14 02:00:00,41.36855115219782
2024-12-14 03:00:00,35.929157854927105
2024-12-14 04:00:00,48.8282858271437
2024-12-14 05:00:00,48.323680061473745
2024-12-14 06:00:00,32.22018381663612
2024-12-14 07:00:00,31.351506455062413
2024-12-14 08:00:00,44.19675644773556
2024-12-14 09:00:00,44.459405061384516
2024-12-14 10:00:00,44.6158923556576
2024-12-14 11:00:00,36.87562296208456
2024-12-14 12:00:00,42.108399056362174
2024-12-14 13:00:00,36.57785118729203
2024-12-14 14:00:00,35.471814335544195
2024-12-14 15:00:00,36.18030264178774
2024-12-14 16:00:00,46.76178452110902
2024-12-14 17:00:00,36.835612582116134
2024-12-14 18:00:00,32.243777315425916
2024-12-14 19:00:00,36.62562062975923
2024-12-14 20:00:00,44.911033837153845
2024-12-14 21:00:00,43.928502415830295
2024-12-14 22:00:00,37.84304974827772
2024-12-14 23:00:00,43.095611999739184
2024-12-15 00:00:00,37.57063249852277
2024-12-15 01:00:00,32.40271660970116
2024-12-15 02:00:00,33.97819539087165
2024-12-15 03:00:00,49.972853226206496
2024-12-15 04:00:00,33.804658996269
2024-12-15 05:00:00,45.4577187777201
2024-12-15 06:00:00,49.97139778426832
2024-12-15 07:00:00,38.11190953571687
2024-12-15 08:00:00,49.89283832657414
2024-12-15 09:00:00,45.96753773820255
2024-12-15 10:00:00,30.021934178225983
2024-12-15 11:00:00,47.55092666325861
2024-12-15 12:00:00,48.02500918099339
2024-12-15 13:00:00,47.92748894070456
2024-12-15 14:00:00,37.68475711293992
2024-12-15 15:00:00,33.761967221340996
2024-12-15 16:00:00,45.624704257285416
2024-12-15 17:00:00,38.15128209509466
2024-12-15 18:00:00,38.48867631110871
2024-12-15 19:00:00,32.96945455669045
2024-12-15 20:00:00,35.723076208741816
2024-12-15 21:00:00,41.757223995497725
2024-12-15 22:00:00,38.733681250821526
2024-12-15 23:00:00,35.484633766445754
2024-12-16 00:00:00,43.10787947285561
2024-12-16 01:00:00,30.37585400187613
2024-12-16 02:00:00,41.79066236209209
2024-12-16 03:00:00,47.36485467732743
2024-12-16 04:00:00,34.21306266705221
2024-12-16 05:00:00,36.76308948727189
2024-12-16 06:00:00,43.528778287223226
2024-12-16 07:00:00,38.095293440503184
2024-12-16 08:00:00,41.49922395003205
2024-12-16 09:00:00,37.352984208692845
2024-12-16 10:00:00,40.117335894787374
2024-12-16 11:00:00,48.2795072976831
2024-12-16 12:00:00,46.61108085988071
2024-12-16 13:00:00,31.7424316938214
2024-12-16 14:00:00,49.46505930460831
2024-12-16 15:00:00,36.90663239081898
2024-12-16 16:00:00,42.5933760521868
2024-12-16 17:00:00,46.521145105128745
2024-12-16 18:00:00,33.89367755459551
2024-12-16 19:00:00,46.84058471118299
2024-12-16 20:00:00,47.1277920884821
2024-12-16 21:00:00,40.53415227407477
2024-12-16 22:00:00,44.442066982252
2024-12-16 23:00:00,32.32829214522609
2024-12-17 00:00:00,46.16379048043433
2024-12-17 01:00:00,33.29637188374218
2024-12-17 02:00:00,38.05045340241565
2024-12-17 03:00:00,34.157632739650154
2024-12-17 04:00:00,45.40178698558382
2024-12-17 05:00:00,49.50607731719563
2024-12-17 06:00:00,31.15558707917912
2024-12-17 07:00:00,33.80695285045293
2024-12-17 08:00:00,34.02532642766124
2024-12-17 09:00:00,49.56769733123977
2024-12-17 10:00:00,30.469754723119976
2024-12-17 11:00:00,38.68485472062495
2024-12-17 12:00:00,43.890842058932414
2024-12-17 13:00:00,33.538954989183146
2024-12-17 14:00:00,47.62794187239642
2024-12-17 15:00:00,40.840034988049496
2024-12-17 16:00:00,41.035057342763565
2024-12-17 17:00:00,36.03713231185847
2024-12-17 18:00:00,31.05939381075902
2024-12-17 19:00:00,49.818977520754245
2024-12-17 20:00:00,42.65017295553929
2024-12-17 21:00:00,44.85861491123614
2024-12-17 22:00:00,39.073378990627404
2024-12-17 23:00:00,38.00318329638418
2024-12-18 00:00:00,32.55419060278437
2024-12-18 01:00:00,45.344199667535044
2024-12-18 02:00:00,38.99554710962552
2024-12-18 03:00:00,42.43604339714924
2024-12-18 04:00:00,42.04859039629878
2024-12-18 05:00:00,45.74543934228984
2024-12-18 06:00:00,33.34485952481196
2024-12-18 07:00:00,48.812877928071565
2024-12-18 08:00:00,38.21169899158984
2024-12-18 09:00:00,39.557075014781205
2024-12-18 10:00:00,45.36192384109342
2024-12-18 11:00:00,44.13748391371803
2024-12-18 12:00:00,43.82293233818268
2024-12-18 13:00:00,48.596624284922925
2024-12-18 14:00:00,40.19108833767106
2024-12-18 15:00:00,46.681437317892794
2024-12-18 16:00:00,44.452836818315454
2024-12-18 17:00:00,32.75894121883752
2024-12-18 18:00:00,38.711740409981964
2024-12-18 19:00:00,31.36947677495935
2024-12-18 20:00:00,40.83503999074758
2024-12-18 21:00:00,31.826339536031742
2024-12-18 22:00:00,30.845158087911045
2024-12-18 23:00:00,48.334546950212726
2024-12-19 00:00:00,46.245272492536905
2024-12-19 01:00:00,44.85646931460913
2024-12-19 02:00:00,42.10115741292195
2024-12-19 03:00:00,30.759184141160034
2024-12-19 04:00:00,33.33727672795533
2024-12-19 05:00:00,34.113414855146374
2024-12-19 06:00:00,47.620464512982934
2024-12-19 07:00:00,35.911352898322264
2024-12-19 08:00:00,32.73898169080505
2024-12-19 09:00:00,44.213874954118936
2024-12-19 10:00:00,48.973473396737354
2024-12-19 11:00:00,42.44147993726012
2024-12-19 12:00:00,48.579112938653466
2024-12-19 13:00:00,48.31250130618801
2024-12-19 14:00:00,37.86896827669873
2024-12-19 15:00:00,38.82789734368599
2024-12-19 16:00:00,48.36312050033828
2024-12-19 17:00:00,40.57838243569949
2024-12-19 18:00:00,31.507211166315326
2024-12-19 19:00:00,49.1868987635703
2024-12-19 20:00:00,46.96082220891715
2024-12-19 21:00:00,31.564752615465018
2024-12-19 22:00:00,32.72457735295378
2024-12-19 23:00:00,35.89871164646246
2024-12-20 00:00:00,41.263594461574385
2024-12-20 01:00:00,45.885873152860036
2024-12-20 02:00:00,49.24639354327014
2024-12-20 03:00:00,44.775698927136375
2024-12-20 04:00:00,30.635122262568743
2024-12-20 05:00:00,47.81488749138346
2024-12-20 06:00:00,32.10700494435365
2024-12-20 07:00:00,41.100464413413356
2024-12-20 08:00:00,34.95709332643622
2024-12-20 09:00:00,32.838036423097485
2024-12-20 10:00:00,41.721122819366656
2024-12-20 11:00:00,33.383884997111515
2024-12-20 12:00:00,45.891665624230384
2024-12-20 13:00:00,47.285325123040806
2024-12-20 14:00:00,38.09098203443843
2024-12-20 15:00:00,39.287639061704446
2024-12-20 16:00:00,36.441802688249645
2024-12-20 17:00:00,44.08019443027746
2024-12-20 18:00:00,37.22961185308852
2024-12-20 19:00:00,44.909177848730494
2024-12-20 20:00:00,47.792552288466325
2024-12-20 21:00:00,33.6588546175858
2024-12-20 22:00:00,31.873576372122173
2024-12-20 23:00:00,46.50682923985288
2024-12-21 00:00:00,42.90157579658199
2024-12-21 01:00:00,31.903268451566827
2024-12-21 02:00:00,38.88799811837516
2024-12-21 03:00:00,33.92699931099851
2024-12-21 04:00:00,35.38462870163563
2024-12-21 05:00:00,39.90593362357087
2024-12-21 06:00:00,39.580778702148415
2024-12-21 07:00:00,32.54650167110641
2024-12-21 08:00:00,31.179084915985662
2024-12-21 09:00:00,47.052641491887655
2024-12-21 10:00:00,39.89214415642515
2024-12-21 11:00:00,47.26371709308211
2024-12-21 12:00:00,36.57619362675821
2024-12-21 13:00:00,42.683345001024136
2024-12-21 14:00:00,45.03816555264791
2024-12-21 15:00:00,43.42400530277068
2024-12-21 16:00:00,48.38032800568184
2024-12-21 17:00:00,31.906388512527997
2024-12-21 18:00:00,33.69426921792542
2024-12-21 19:00:00,40.55765874775105
2024-12-21 20:00:00,33.15187529911823
2024-12-21 21:00:00,45.12289695663389
2024-12-21 22:00:00,43.4512102153942
2024-12-21 23:00:00,39.42569954456188
2024-12-22 00:00:00,49.08910650242959
2024-12-22 01:00:00,47.312269118652125
2024-12-22 02:00:00,47.42321106921305
2024-12-22 03:00:00,43.982618373285376
2024-12-22 04:00:00,40.561738219382704
2024-12-22 05:00:00,49.17868341081598
2024-12-22 06:00:00,31.680171063331283
2024-12-22 07:00:00,39.00516829945779
2024-12-22 08:00:00,43.787090622125476
2024-12-22 09:00:00,39.97690122328136
2024-12-22 10:00:00,42.10660647028036
2024-12-22 11:00:00,37.749910210303184
2024-12-22 12:00:00,37.67411632760948
2024-12-22 13:00:00,44.02260211793299
2024-12-22 14:00:00,39.42692972681891
2024-12-22 15:00:00,41.512765051525534
2024-12-22 16:00:00,35.32966089029565
2024-12-22 17:00:00,34.27624811260416
2024-12-22 18:00:00,43.71948902855313
2024-12-22 19:00:00,32.68181012270667
2024-12-22 20:00:00,36.642446432546635
2024-12-22 21:00:00,48.66603472212203
2024-12-22 22:00:00,32.515556914460106
2024-12-22 23:00:00,41.53843567288705
2024-12-23 00:00:00,41.937499776523175
2024-12-23 01:00:00,39.180537177462504
2024-12-23 02:00:00,47.86654146834289
2024-12-23 03:00:00,31.882118008237647
2024-12-23 04:00:00,35.29892414577386
2024-12-23 05:00:00,48.58652914166481
2024-12-23 06:00:00,41.5536190231369
2024-12-23 07:00:00,38.8581593856153
2024-12-23 08:00:00,35.002208711912296
2024-12-23 09:00:00,36.39724349541687
2024-12-23 10:00:00,39.041317315661786
2024-12-23 11:00:00,45.61000050986172
2024-12-23 12:00:00,33.481161663419854
2024-12-23 13:00:00,32.899863157307536
2024-12-23 14:00:00,34.729236131807326
2024-12-23 15:00:00,40.39002191806304
2024-12-23 16:00:00,36.10806640035409
2024-12-23 17:00:00,31.749111603337624
2024-12-23 18:00:00,47.41543628490292
2024-12-23 19:00:00,30.42663950274422
2024-12-23 20:00:00,30.447533064989564
2024-12-23 21:00:00,47.909951961065616
2024-12-23 22:00:00,46.345514680021836
2024-12-23 23:00:00,34.368378329964706
2024-12-24 00:00:00,49.30675174768713
2024-12-24 01:00:00,37.26346602683452
2024-12-24 02:00:00,33.546366363338926
2024-12-24 03:00:00,48.824594689674846
2024-12-24 04:00:00,46.917003942895136
2024-12-24 05:00:00,41.442423284926136
2024-12-24 06:00:00,37.534597888305655
2024-12-24 07:00:00,34.71807334779165
2024-12-24 08:00:00,44.605123517299575
2024-12-24 09:00:00,31.230684211426603
2024-12-24 10:00:00,39.29959444738746
2024-12-24 11:00:00,40.63331861261153
2024-12-24 12:00:00,40.04618051211938
2024-12-24 13:00:00,34.40944801720224
2024-12-24 14:00:00,43.96687329421124
2024-12-24 15:00:00,34.246076858401
2024-12-24 16:00:00,39.83408919041484
2024-12-24 17:00:00,38.1587710993186
2024-12-24 18:00:00,36.42811783814263
2024-12-24 19:00:00,36.17107105503542
2024-12-24 20:00:00,40.48212351934831
2024-12-24 21:00:00,43.6843953515186
2024-12-24 22:00:00,36.75813505423313
2024-12-24 23:00:00,33.17129815218499
2024-12-25 00:00:00,172.81038544421853
2024-12-25 01:00:00,204.83727338772525
2024-12-25 02:00:00,190.95415111479798
2024-12-25 03:00:00,191.33233985873352
2024-12-25 04:00:00,178.91379871492703
2024-12-25 05:00:00,157.86903855998025
2024-12-25 06:00:00,183.86776228076604
2024-12-25 07:00:00,202.79636016847712
2024-12-25 08:00:00,53.49410741294335
2024-12-25 09:00:00,66.93270436352574
2024-12-25 10:00:00,77.81573477239876
2024-12-25 11:00:00,66.85412939911862
2024-12-25 12:00:00,79.48199151497356
2024-12-25 13:00:00,73.6668105444881
2024-12-25 14:00:00,70.58218460057208
2024-12-25 15:00:00,66.21184408722795
2024-12-25 16:00:00,60.994690720696696
2024-12-25 17:00:00,71.97988975677502
2024-12-25 18:00:00,52.76763592500687
2024-12-25 19:00:00,178.99802300347733
2024-12-25 20:00:00,167.45860145808905
2024-12-25 21:00:00,176.47554949662262
2024-12-25 22:00:00,185.79298535083416
2024-12-25 23:00:00,183.93159803154796
2024-12-26 00:00:00,33.41006367577904
2024-12-26 01:00:00,41.29442452732191
2024-12-26 02:00:00,34.98205212384679
2024-12-26 03:00:00,35.121539782251375
2024-12-26 04:00:00,43.37357134681372
2024-12-26 05:00:00,30.968957011888495
2024-12-26 06:00:00,49.81037232985758
2024-12-26 07:00:00,30.00225236377706
2024-12-26 08:00:00,38.53853282860628
2024-12-26 09:00:00,41.70747623468344
2024-12-26 10:00:00,34.81991741011047
2024-12-26 11:00:00,34.51426963138288
2024-12-26 12:00:00,41.916129269184125
2024-12-26 13:00:00,39.430424045572465
2024-12-26 14:00:00,49.97188341787167
2024-12-26 15:00:00,47.08807248994144
2024-12-26 16:00:00,34.58686458484581
2024-12-26 17:00:00,37.24084797321649
2024-12-26 18:00:00,31.87513966960333
2024-12-26 19:00:00,41.13848884552647
2024-12-26 20:00:00,40.77050139419066
2024-12-26 21:00:00,48.929053544544495
2024-12-26 22:00:00,48.423152888235094
2024-12-26 23:00:00,35.78283858265145
2024-12-27 00:00:00,49.046325321637184
2024-12-27 01:00:00,34.722169594772424
2024-12-27 02:00:00,44.15347218958442
2024-12-27 03:00:00,42.821939942924246
2024-12-27 04:00:00,38.48605953520727
2024-12-27 05:00:00,36.29132100368194
2024-12-27 06:00:00,30.695988849317295
2024-12-27 07:00:00,35.23103848416287
2024-12-27 08:00:00,34.4636812408756
2024-12-27 09:00:00,33.99461330630608
2024-12-27 10:00:00,39.441825016710936
2024-12-27 11:00:00,40.76232517275436
2024-12-27 12:00:00,31.01562724234349
2024-12-27 13:00:00,32.77984788128124
2024-12-27 14:00:00,35.74195912640185
2024-12-27 15:00:00,43.82738634296732
2024-12-27 16:00:00,42.13406548629591
2024-12-27 17:00:00,42.9193711454545
2024-12-27 18:00:00,41.42955011301936
2024-12-27 19:00:00,46.684489776331645
2024-12-27 20:00:00,38.901233077650296
2024-12-27 21:00:00,30.247853170118685
2024-12-27 22:00:00,38.675552036051656
2024-12-27 23:00:00,35.39617759271346
2024-12-28 00:00:00,31.6740492868084
2024-12-28 01:00:00,32.89356885203266
2024-12-28 02:00:00,45.75718299878142
2024-12-28 03:00:00,38.18687481196771
2024-12-28 04:00:00,37.746354697039784
2024-12-28 05:00:00,30.070345726001296
2024-12-28 06:00:00,31.23332056219703
2024-12-28 07:00:00,31.382055569887797
2024-12-28 08:00:00,33.44536161976533
2024-12-28 09:00:00,35.08870783283864
2024-12-28 10:00:00,30.009839673465606
2024-12-28 11:00:00,45.99078089346378
2024-12-28 12:00:00,36.45858372773206
2024-12-28 13:00:00,32.60201750682205
2024-12-28 14:00:00,48.68932317844784
2024-12-28 15:00:00,45.70259223136047
2024-12-28 16:00:00,36.94485210520719
2024-12-28 17:00:00,33.19617158080262
2024-12-28 18:00:00,39.72672770379111
2024-12-28 19:00:00,42.21436348898733
2024-12-28 20:00:00,48.344899236752354
2024-12-28 21:00:00,46.38531907397559
2024-12-28 22:00:00,32.61576829082243
2024-12-28 23:00:00,42.04874989580707
2024-12-29 00:00:00,35.39841495299686
2024-12-29 01:00:00,42.59155613374334
2024-12-29 02:00:00,38.676681323746124
2024-12-29 03:00:00,33.16710187014684
2024-12-29 04:00:00,32.55435955534588
2024-12-29 05:00:00,43.31256509110542
2024-12-29 06:00:00,36.494669612560514
2024-12-29 07:00:00,43.442423052918116
2024-12-29 08:00:00,43.663457702485104
2024-12-29 09:00:00,32.29378953120639
2024-12-29 10:00:00,38.20841188466655
2024-12-29 11:00:00,48.02093949879478
2024-12-29 12:00:00,30.017480332553955
2024-12-29 13:00:00,42.12686662026914
2024-12-29 14:00:00,46.80799164885197
2024-12-29 15:00:00,41.96844331934418
2024-12-29 16:00:00,37.87990522253331
2024-12-29 17:00:00,44.49280206621105
2024-12-29 18:00:00,45.52154645721083
2024-12-29 19:00:00,47.335606629323834
2024-12-29 20:00:00,35.87586186119731
2024-12-29 21:00:00,48.29909969289404
2024-12-29 22:00:00,43.322730659874004
2024-12-29 23:00:00,49.00205922345624
2024-12-30 00:00:00,38.777656504965535
2024-12-30 01:00:00,31.40019969824278
2024-12-30 02:00:00,31.14589343224386
2024-12-30 03:00:00,45.11601917194213
2024-12-30 04:00:00,41.4089267971398
2024-12-30 05:00:00,43.42304762109627
2024-12-30 06:00:00,31.938121889277838
2024-12-30 07:00:00,44.51340050959786
2024-12-30 08:00:00,49.43106324544771
2024-12-30 09:00:00,37.74454707298623
2024-12-30 10:00:00,47.33547925617659
2024-12-30 11:00:00,43.57237856561555
2024-12-30 12:00:00,30.082832182361003
2024-12-30 13:00:00,39.90640039534522
2024-12-30 14:00:00,45.41370662021749
2024-12-30 15:00:00,41.31946836336256
2024-12-30 16:00:00,46.25066028867177
2024-12-30 17:00:00,32.49083825958833
2024-12-30 18:00:00,37.09302991076041
2024-12-30 19:00:00,47.172814242069585
2024-12-30 20:00:00,46.43722098120499
2024-12-30 21:00:00,42.69176255122234
2024-12-30 22:00:00,49.67984898900876
2024-12-30 23:00:00,36.41815811116305
2024-12-31 00:00:00,49.592917317909695
2024-12-31 01:00:00,32.81652972480899
2024-12-31 02:00:00,45.87890735962674
2024-12-31 03:00:00,49.31507370964521
2024-12-31 04:00:00,37.794288849190224
2024-12-31 05:00:00,36.06068721073635
2024-12-31 06:00:00,40.62957262373825
2024-12-31 07:00:00,41.47907842581226
2024-12-31 08:00:00,47.97369750918938
2024-12-31 09:00:00,39.75258800661951
2024-12-31 10:00:00,34.96545975785956
2024-12-31 11:00:00,46.880416135564886
2024-12-31 12:00:00,30.808508302468464
2024-12-31 13:00:00,40.68461994876512
2024-12-31 14:00:00,32.311240902820984
2024-12-31 15:00:00,36.713136826164046
2024-12-31 16:00:00,47.631304877484
2024-12-31 17:00:00,31.762494232870697
2024-12-31 18:00:00,40.37905629628537
2024-12-31 19:00:00,48.88574965981987
2024-12-31 20:00:00,31.54250493418958
2024-12-31 21:00:00,46.94481172730616
2024-12-31 22:00:00,38.601472948022305
2024-12-31 23:00:00,38.413805952302226
