timestamp,power_kw
2024-01-01 00:00:00,34.42052588246131
2024-01-01 01:00:00,29.73154136405803
2024-01-01 02:00:00,34.21308827255919
2024-01-01 03:00:00,28.13871356749076
2024-01-01 04:00:00,28.36051952352962
2024-01-01 05:00:00,27.08225248597236
2024-01-01 06:00:00,33.429417769350636
2024-01-01 07:00:00,33.41546957388784
2024-01-01 08:00:00,28.232923983658566
2024-01-01 09:00:00,31.71875946448677
2024-01-01 10:00:00,29.110753454271894
2024-01-01 11:00:00,28.907794380646827
2024-01-01 12:00:00,30.44295756788452
2024-01-01 13:00:00,33.46409735708593
2024-01-01 14:00:00,33.5652335531809
2024-01-01 15:00:00,29.130498146917688
2024-01-01 16:00:00,31.42568718835672
2024-01-01 17:00:00,29.176899591429617
2024-01-01 18:00:00,28.004968271645236
2024-01-01 19:00:00,30.443209971267255
2024-01-01 20:00:00,26.665049818246736
2024-01-01 21:00:00,25.33882796548533
2024-01-01 22:00:00,31.267996802359157
2024-01-01 23:00:00,27.662031022700653
2024-01-02 00:00:00,27.82032065198154
2024-01-02 01:00:00,32.320100226332144
2024-01-02 02:00:00,29.135124913814447
2024-01-02 03:00:00,28.23882364436956
2024-01-02 04:00:00,31.442260370088235
2024-01-02 05:00:00,26.337125277661855
2024-01-02 06:00:00,28.79239660264101
2024-01-02 07:00:00,32.97523380947064
2024-01-02 08:00:00,34.16284933883509
2024-01-02 09:00:00,31.898294871699306
2024-01-02 10:00:00,27.315523645684504
2024-01-02 11:00:00,33.424288413625014
2024-01-02 12:00:00,26.807224357316308
2024-01-02 13:00:00,28.162633863375305
2024-01-02 14:00:00,34.70402286514886
2024-01-02 15:00:00,34.364562629240005
2024-01-02 16:00:00,33.167785309335784
2024-01-02 17:00:00,31.47167946107264
2024-01-02 18:00:00,28.578840382846607
2024-01-02 19:00:00,34.15698647685761
2024-01-02 20:00:00,34.53732128837807
2024-01-02 21:00:00,28.62327113170703
2024-01-02 22:00:00,29.346665552296095
2024-01-02 23:00:00,33.30395287493712
2024-01-03 00:00:00,31.534065561677853
2024-01-03 01:00:00,34.33460810679641
2024-01-03 02:00:00,29.521322169034008
2024-01-03 03:00:00,34.606129806920336
2024-01-03 04:00:00,34.604990559031656
2024-01-03 05:00:00,27.336821641877975
2024-01-03 06:00:00,25.715491334169485
2024-01-03 07:00:00,32.235719132115285
2024-01-03 08:00:00,28.123900979796908
2024-01-03 09:00:00,31.50884685842189
2024-01-03 10:00:00,29.59105582470356
2024-01-03 11:00:00,34.48003022138849
2024-01-03 12:00:00,27.58209231817185
2024-01-03 13:00:00,29.914740873465014
2024-01-03 14:00:00,30.157287262697857
2024-01-03 15:00:00,29.221567636261767
2024-01-03 16:00:00,27.200907122021242
2024-01-03 17:00:00,28.985475646036186
2024-01-03 18:00:00,31.407710522850536
2024-01-03 19:00:00,34.34371071194123
2024-01-03 20:00:00,27.46613520364481
2024-01-03 21:00:00,31.740004107371234
2024-01-03 22:00:00,34.42192932445368
2024-01-03 23:00:00,26.407583361620226
2024-01-04 00:00:00,25.84126673286464
2024-01-04 01:00:00,27.181942517219817
2024-01-04 02:00:00,34.729298693839254
2024-01-04 03:00:00,27.52924113280178
2024-01-04 04:00:00,33.5804789978602
2024-01-04 05:00:00,26.256233480356805
2024-01-04 06:00:00,28.219944299274676
2024-01-04 07:00:00,29.03362340543735
2024-01-04 08:00:00,33.42788984236698
2024-01-04 09:00:00,34.144429342271664
2024-01-04 10:00:00,27.531188240823298
2024-01-04 11:00:00,27.94119582073305
2024-01-04 12:00:00,29.815048489800265
2024-01-04 13:00:00,31.592279144660864
2024-01-04 14:00:00,33.28334386864047
2024-01-04 15:00:00,26.0422233980649
2024-01-04 16:00:00,26.994159897414285
2024-01-04 17:00:00,28.029205108004764
2024-01-04 18:00:00,29.807136600996767
2024-01-04 19:00:00,26.440759598619348
2024-01-04 20:00:00,25.521187877466865
2024-01-04 21:00:00,34.6692647714566
2024-01-04 22:00:00,25.145206682649942
2024-01-04 23:00:00,28.890194561244165
2024-01-05 00:00:00,33.13480925989713
2024-01-05 01:00:00,29.75466527409783
2024-01-05 02:00:00,26.27091496496199
2024-01-05 03:00:00,30.42573914056244
2024-01-05 04:00:00,27.984026432351996
2024-01-05 05:00:00,26.708021630775157
2024-01-05 06:00:00,29.350118176316634
2024-01-05 07:00:00,27.20552425529367
2024-01-05 08:00:00,26.007514131232092
2024-01-05 09:00:00,33.02688764848912
2024-01-05 10:00:00,32.46336091046619
2024-01-05 11:00:00,27.611003052657395
2024-01-05 12:00:00,34.20621311815613
2024-01-05 13:00:00,31.194046682223064
2024-01-05 14:00:00,34.7386031525817
2024-01-05 15:00:00,34.313656381010404
2024-01-05 16:00:00,28.275407033511822
2024-01-05 17:00:00,32.99270440610717
2024-01-05 18:00:00,26.437429942108977
2024-01-05 19:00:00,34.912273838692045
2024-01-05 20:00:00,27.81291494367906
2024-01-05 21:00:00,33.89777786360935
2024-01-05 22:00:00,25.000875215470842
2024-01-05 23:00:00,34.96991621921018
2024-01-06 00:00:00,32.43817752296577
2024-01-06 01:00:00,27.6940797238018
2024-01-06 02:00:00,32.8701903803201
2024-01-06 03:00:00,32.31596241394824
2024-01-06 04:00:00,26.65871424904928
2024-01-06 05:00:00,34.244283917865154
2024-01-06 06:00:00,26.1095955001335
2024-01-06 07:00:00,32.453844386453525
2024-01-06 08:00:00,29.52291109523842
2024-01-06 09:00:00,25.82921790503957
2024-01-06 10:00:00,26.240851508513195
2024-01-06 11:00:00,30.970953299418895
2024-01-06 12:00:00,26.412276414566257
2024-01-06 13:00:00,29.618623292392456
2024-01-06 14:00:00,26.837939256063752
2024-01-06 15:00:00,25.40941473272946
2024-01-06 16:00:00,30.067936871556086
2024-01-06 17:00:00,32.284473624395
2024-01-06 18:00:00,25.942665756949893
2024-01-06 19:00:00,34.38037073937783
2024-01-06 20:00:00,28.847771053969133
2024-01-06 21:00:00,29.104976547232503
2024-01-06 22:00:00,32.90935891538727
2024-01-06 23:00:00,30.4425705767171
2024-01-07 00:00:00,32.79167589681519
2024-01-07 01:00:00,28.452042327417985
2024-01-07 02:00:00,33.108058035050504
2024-01-07 03:00:00,25.84085655531539
2024-01-07 04:00:00,31.153290753634256
2024-01-07 05:00:00,30.36257519937987
2024-01-07 06:00:00,31.219044779722832
2024-01-07 07:00:00,34.85120537891503
2024-01-07 08:00:00,32.28244753773785
2024-01-07 09:00:00,27.391939158336093
2024-01-07 10:00:00,29.485657236846585
2024-01-07 11:00:00,30.191465099888504
2024-01-07 12:00:00,28.33294144553897
2024-01-07 13:00:00,32.459263258074614
2024-01-07 14:00:00,32.377981136072094
2024-01-07 15:00:00,34.68323246661326
2024-01-07 16:00:00,31.611345456297318
2024-01-07 17:00:00,33.597204264905386
2024-01-07 18:00:00,25.029207995500386
2024-01-07 19:00:00,29.65328345166511
2024-01-07 20:00:00,32.22711484704
2024-01-07 21:00:00,30.858491275450696
2024-01-07 22:00:00,25.198309386923004
2024-01-07 23:00:00,30.768411217630792
2024-01-08 00:00:00,31.128800674771128
2024-01-08 01:00:00,32.75590588389019
2024-01-08 02:00:00,30.14571818910337
2024-01-08 03:00:00,26.862822102595683
2024-01-08 04:00:00,30.645629948767624
2024-01-08 05:00:00,27.80060051638081
2024-01-08 06:00:00,33.57586165896727
2024-01-08 07:00:00,31.650473874554013
2024-01-08 08:00:00,26.278645627819962
2024-01-08 09:00:00,27.204204627752745
2024-01-08 10:00:00,30.68378229840827
2024-01-08 11:00:00,33.3007389885275
2024-01-08 12:00:00,32.33911682775272
2024-01-08 13:00:00,29.66843738734252
2024-01-08 14:00:00,31.344169119483055
2024-01-08 15:00:00,32.365937829745825
2024-01-08 16:00:00,27.998268801040975
2024-01-08 17:00:00,30.535069202747696
2024-01-08 18:00:00,34.45419871926906
2024-01-08 19:00:00,34.615701800646974
2024-01-08 20:00:00,26.410237259918897
2024-01-08 21:00:00,26.084005306134443
2024-01-08 22:00:00,26.923308492210218
2024-01-08 23:00:00,33.93971075006814
2024-01-09 00:00:00,30.309666000730815
2024-01-09 01:00:00,28.189294397341136
2024-01-09 02:00:00,33.22850415472739
2024-01-09 03:00:00,32.10931657175785
2024-01-09 04:00:00,33.61442694584349
2024-01-09 05:00:00,26.034241986680023
2024-01-09 06:00:00,32.92965894710893
2024-01-09 07:00:00,33.58338166777167
2024-01-09 08:00:00,29.843884912902183
2024-01-09 09:00:00,28.41817254814389
2024-01-09 10:00:00,31.116816714419137
2024-01-09 11:00:00,28.42347396038916
2024-01-09 12:00:00,26.899388304203757
2024-01-09 13:00:00,25.246250382011276
2024-01-09 14:00:00,26.93722013186877
2024-01-09 15:00:00,30.835646553932612
2024-01-09 16:00:00,28.82877539899954
2024-01-09 17:00:00,27.74433817628168
2024-01-09 18:00:00,25.368863945951162
2024-01-09 19:00:00,25.029436319722947
2024-01-09 20:00:00,25.751175112517284
2024-01-09 21:00:00,30.044593590438716
2024-01-09 22:00:00,34.21462009412083
2024-01-09 23:00:00,34.473705693357644
2024-01-10 00:00:00,34.65976068357783
2024-01-10 01:00:00,29.871021637282755
2024-01-10 02:00:00,29.019533136940616
2024-01-10 03:00:00,32.72531301442553
2024-01-10 04:00:00,28.066195952749602
2024-01-10 05:00:00,25.023119322792095
2024-01-10 06:00:00,25.534788311209763
2024-01-10 07:00:00,26.82802613321699
2024-01-10 08:00:00,31.53781312254141
2024-01-10 09:00:00,28.62513025378505
2024-01-10 10:00:00,27.363864666380977
2024-01-10 11:00:00,28.71348383414269
2024-01-10 12:00:00,29.176248416883737
2024-01-10 13:00:00,33.93947338324881
2024-01-10 14:00:00,27.163699811332975
2024-01-10 15:00:00,31.992418779266274
2024-01-10 16:00:00,27.50632052399139
2024-01-10 17:00:00,29.485404795490215
2024-01-10 18:00:00,27.418536096466052
2024-01-10 19:00:00,30.0927942744354
2024-01-10 20:00:00,34.33972226109299
2024-01-10 21:00:00,28.076915629217247
2024-01-10 22:00:00,33.713295322574695
2024-01-10 23:00:00,25.746264389534225
2024-01-11 00:00:00,27.10305460850107
2024-01-11 01:00:00,26.87322301702394
2024-01-11 02:00:00,27.304433710235596
2024-01-11 03:00:00,25.46574141580172
2024-01-11 04:00:00,29.49321019175612
2024-01-11 05:00:00,29.071383223398133
2024-01-11 06:00:00,28.445314799250532
2024-01-11 07:00:00,27.443938156706043
2024-01-11 08:00:00,28.277444606298516
2024-01-11 09:00:00,58.98929103396833
2024-01-11 10:00:00,70.42923184203465
2024-01-11 11:00:00,64.09053783547918
2024-01-11 12:00:00,67.86486208006221
2024-01-11 13:00:00,70.27554997005805
2024-01-11 14:00:00,62.25217655980016
2024-01-11 15:00:00,69.71837467844537
2024-01-11 16:00:00,70.97219576127115
2024-01-11 17:00:00,72.19765054622798
2024-01-11 18:00:00,58.391327297995325
2024-01-11 19:00:00,55.02364869814011
2024-01-11 20:00:00,62.223436120691275
2024-01-11 21:00:00,75.95086885888206
2024-01-11 22:00:00,29.06801293578153
2024-01-11 23:00:00,26.362321611667532
2024-01-12 00:00:00,28.04037330793861
2024-01-12 01:00:00,26.828100896847065
2024-01-12 02:00:00,28.52138629255087
2024-01-12 03:00:00,29.61183201625928
2024-01-12 04:00:00,28.564029981922282
2024-01-12 05:00:00,26.90764230187127
2024-01-12 06:00:00,26.718485573067582
2024-01-12 07:00:00,27.449745684454527
2024-01-12 08:00:00,28.930464031382556
2024-01-12 09:00:00,55.3760276476275
2024-01-12 10:00:00,62.76002055552743
2024-01-12 11:00:00,48.022441964254014
2024-01-12 12:00:00,47.69696677500256
2024-01-12 13:00:00,50.84739738274829
2024-01-12 14:00:00,71.96868463471901
2024-01-12 15:00:00,48.725687878596524
2024-01-12 16:00:00,58.837057775075394
2024-01-12 17:00:00,54.18731547472146
2024-01-12 18:00:00,58.428743633826585
2024-01-12 19:00:00,72.58015081950705
2024-01-12 20:00:00,57.01480135925123
2024-01-12 21:00:00,68.78512292413059
2024-01-12 22:00:00,27.490904659853836
2024-01-12 23:00:00,27.439943519069516
2024-01-13 00:00:00,27.103637780935806
2024-01-13 01:00:00,28.573910226570085
2024-01-13 02:00:00,27.439014176381026
2024-01-13 03:00:00,25.541931768905435
2024-01-13 04:00:00,28.64799943505481
2024-01-13 05:00:00,26.075919532485926
2024-01-13 06:00:00,27.756088073464326
2024-01-13 07:00:00,29.907068793045188
2024-01-13 08:00:00,26.80012455905508
2024-01-13 09:00:00,46.034660348183266
2024-01-13 10:00:00,59.558232100810685
2024-01-13 11:00:00,78.50089607749982
2024-01-13 12:00:00,67.39270386575343
2024-01-13 13:00:00,63.62905654649977
2024-01-13 14:00:00,70.21476430650878
2024-01-13 15:00:00,67.53060985368646
2024-01-13 16:00:00,65.22493020276397
2024-01-13 17:00:00,62.44549605925587
2024-01-13 18:00:00,50.423007175655336
2024-01-13 19:00:00,56.57689764247563
2024-01-13 20:00:00,68.41539417496004
2024-01-13 21:00:00,64.65416910344076
2024-01-13 22:00:00,26.745997985127676
2024-01-13 23:00:00,27.644141181376966
2024-01-14 00:00:00,26.714163092560128
2024-01-14 01:00:00,26.12462631524678
2024-01-14 02:00:00,25.2059674115551
2024-01-14 03:00:00,26.143844888446715
2024-01-14 04:00:00,26.87364385347084
2024-01-14 05:00:00,26.896402708265523
2024-01-14 06:00:00,29.304976945457966
2024-01-14 07:00:00,27.640924407042615
2024-01-14 08:00:00,29.933481527190892
2024-01-14 09:00:00,68.21288783879518
2024-01-14 10:00:00,56.171475836437764
2024-01-14 11:00:00,75.12528927708419
2024-01-14 12:00:00,55.45995082389838
2024-01-14 13:00:00,62.62675469619459
2024-01-14 14:00:00,50.414238112475985
2024-01-14 15:00:00,56.153869402022366
2024-01-14 16:00:00,56.87035487163304
2024-01-14 17:00:00,71.376962863964
2024-01-14 18:00:00,64.4054429866671
2024-01-14 19:00:00,76.01064885808947
2024-01-14 20:00:00,67.2468391917677
2024-01-14 21:00:00,71.42258912759506
2024-01-14 22:00:00,27.4186276655456
2024-01-14 23:00:00,27.273060641139597
2024-01-15 00:00:00,27.08921527260202
2024-01-15 01:00:00,29.780101049744122
2024-01-15 02:00:00,26.171271170538763
2024-01-15 03:00:00,29.03607332080202
2024-01-15 04:00:00,29.30137073488347
2024-01-15 05:00:00,28.281336051596078
2024-01-15 06:00:00,26.31018980773502
2024-01-15 07:00:00,28.03180869913593
2024-01-15 08:00:00,29.461962571989666
2024-01-15 09:00:00,65.08295707568999
2024-01-15 10:00:00,60.34496125429329
2024-01-15 11:00:00,71.83821914057822
2024-01-15 12:00:00,69.91778311205663
2024-01-15 13:00:00,61.322136647563106
2024-01-15 14:00:00,75.08100659019755
2024-01-15 15:00:00,56.600062598845746
2024-01-15 16:00:00,50.774265447483494
2024-01-15 17:00:00,50.17967217938607
2024-01-15 18:00:00,53.68427088202759
2024-01-15 19:00:00,56.8546679193995
2024-01-15 20:00:00,71.18678301764844
2024-01-15 21:00:00,49.855895147372046
2024-01-15 22:00:00,26.735398606862624
2024-01-15 23:00:00,25.69218298410955
2024-01-16 00:00:00,26.880084734362434
2024-01-16 01:00:00,28.83160927083354
2024-01-16 02:00:00,29.163073360801928
2024-01-16 03:00:00,28.71272635042887
2024-01-16 04:00:00,25.0460695713424
2024-01-16 05:00:00,29.14270658290928
2024-01-16 06:00:00,25.542287376604985
2024-01-16 07:00:00,28.455831269208105
2024-01-16 08:00:00,27.874415994792148
2024-01-16 09:00:00,68.08841522544822
2024-01-16 10:00:00,64.08856437321005
2024-01-16 11:00:00,50.85354729258201
2024-01-16 12:00:00,62.233486991026474
2024-01-16 13:00:00,60.23516914277012
2024-01-16 14:00:00,53.358114944754846
2024-01-16 15:00:00,52.11706538148479
2024-01-16 16:00:00,63.036760507996895
2024-01-16 17:00:00,62.48823430481963
2024-01-16 18:00:00,52.36273696817737
2024-01-16 19:00:00,63.137088356217205
2024-01-16 20:00:00,65.5445378104549
2024-01-16 21:00:00,57.21081689848286
2024-01-16 22:00:00,25.735213101432745
2024-01-16 23:00:00,27.211331710216704
2024-01-17 00:00:00,25.082599339716726
2024-01-17 01:00:00,25.91456099158326
2024-01-17 02:00:00,29.50695408730519
2024-01-17 03:00:00,25.938534802215116
2024-01-17 04:00:00,29.40541163155458
2024-01-17 05:00:00,29.94160496890581
2024-01-17 06:00:00,26.694771398480583
2024-01-17 07:00:00,25.899018700608067
2024-01-17 08:00:00,27.759636089022717
2024-01-17 09:00:00,63.88694878395383
2024-01-17 10:00:00,78.95192864333227
2024-01-17 11:00:00,57.44244964351472
2024-01-17 12:00:00,66.02810014760837
2024-01-17 13:00:00,69.62935133886894
2024-01-17 14:00:00,55.92932594007335
2024-01-17 15:00:00,61.519658491965124
2024-01-17 16:00:00,61.02919558923391
2024-01-17 17:00:00,77.24963538363535
2024-01-17 18:00:00,71.79954607416647
2024-01-17 19:00:00,70.0024770994927
2024-01-17 20:00:00,47.777329676603586
2024-01-17 21:00:00,62.08647962484688
2024-01-17 22:00:00,25.547232746066683
2024-01-17 23:00:00,27.66899193528092
2024-01-18 00:00:00,25.552462976735082
2024-01-18 01:00:00,27.273564310937665
2024-01-18 02:00:00,27.2836005413924
2024-01-18 03:00:00,26.71206077545133
2024-01-18 04:00:00,26.80966536785049
2024-01-18 05:00:00,26.791054964188103
2024-01-18 06:00:00,25.103124445271412
2024-01-18 07:00:00,27.55142465637969
2024-01-18 08:00:00,26.332144983361825
2024-01-18 09:00:00,57.16144040248848
2024-01-18 10:00:00,65.37745391955923
2024-01-18 11:00:00,45.84990201916309
2024-01-18 12:00:00,66.39011340038323
2024-01-18 13:00:00,59.980090014672655
2024-01-18 14:00:00,50.79973042990068
2024-01-18 15:00:00,63.943227460717154
2024-01-18 16:00:00,61.01107062686019
2024-01-18 17:00:00,58.52726042735409
2024-01-18 18:00:00,50.14578022811624
2024-01-18 19:00:00,64.28576120205199
2024-01-18 20:00:00,53.09453358936396
2024-01-18 21:00:00,67.63126710044831
2024-01-18 22:00:00,27.58270460768904
2024-01-18 23:00:00,29.16000954648769
2024-01-19 00:00:00,27.352986793254665
2024-01-19 01:00:00,29.018158175756888
2024-01-19 02:00:00,26.26524942625723
2024-01-19 03:00:00,29.94337742472745
2024-01-19 04:00:00,28.780068333623984
2024-01-19 05:00:00,27.993358865841927
2024-01-19 06:00:00,27.136572244278106
2024-01-19 07:00:00,28.7737042054147
2024-01-19 08:00:00,25.786235277861103
2024-01-19 09:00:00,55.23424967624405
2024-01-19 10:00:00,46.958470824570384
2024-01-19 11:00:00,76.25187020992625
2024-01-19 12:00:00,56.54607100761919
2024-01-19 13:00:00,64.3926838162738
2024-01-19 14:00:00,58.30651984970304
2024-01-19 15:00:00,55.35789366889836
2024-01-19 16:00:00,66.65552592816178
2024-01-19 17:00:00,62.29109994381213
2024-01-19 18:00:00,71.97512177531763
2024-01-19 19:00:00,45.00712378123215
2024-01-19 20:00:00,74.5397235886338
2024-01-19 21:00:00,51.05168968235348
2024-01-19 22:00:00,27.355632899376285
2024-01-19 23:00:00,26.77630775004467
2024-01-20 00:00:00,28.600063354858072
2024-01-20 01:00:00,27.863588239929456
2024-01-20 02:00:00,27.23199198029652
2024-01-20 03:00:00,29.923395999262123
2024-01-20 04:00:00,29.19482457270671
2024-01-20 05:00:00,28.69705239437757
2024-01-20 06:00:00,27.985397808025205
2024-01-20 07:00:00,28.83713469746665
2024-01-20 08:00:00,26.880106909330134
2024-01-20 09:00:00,57.76952332487503
2024-01-20 10:00:00,63.70886717585586
2024-01-20 11:00:00,72.22694673643147
2024-01-20 12:00:00,67.3633970182431
2024-01-20 13:00:00,75.14274241983472
2024-01-20 14:00:00,62.223556197373014
2024-01-20 15:00:00,63.191509075933105
2024-01-20 16:00:00,60.177070827082396
2024-01-20 17:00:00,66.2245928419654
2024-01-20 18:00:00,73.0116646340485
2024-01-20 19:00:00,62.2836274619917
2024-01-20 20:00:00,59.95119348490008
2024-01-20 21:00:00,57.46901672708748
2024-01-20 22:00:00,28.791597703152902
2024-01-20 23:00:00,29.25446761083137
2024-01-21 00:00:00,28.34443641108183
2024-01-21 01:00:00,28.445596602723985
2024-01-21 02:00:00,27.97260151301839
2024-01-21 03:00:00,28.016024099704993
2024-01-21 04:00:00,29.843235658303094
2024-01-21 05:00:00,26.096064418910842
2024-01-21 06:00:00,27.963647897476548
2024-01-21 07:00:00,29.858657987445504
2024-01-21 08:00:00,25.959933619323493
2024-01-21 09:00:00,59.655700110973605
2024-01-21 10:00:00,68.49758114549968
2024-01-21 11:00:00,52.14259808088901
2024-01-21 12:00:00,66.08801828302421
2024-01-21 13:00:00,62.048532797867935
2024-01-21 14:00:00,60.458154646332375
2024-01-21 15:00:00,59.482921314967896
2024-01-21 16:00:00,52.595142399650015
2024-01-21 17:00:00,55.96843976208285
2024-01-21 18:00:00,57.13710744817619
2024-01-21 19:00:00,51.46389834302762
2024-01-21 20:00:00,64.54664992868734
2024-01-21 21:00:00,66.61863719243031
2024-01-21 22:00:00,25.132686261318668
2024-01-21 23:00:00,25.25426515297255
2024-01-22 00:00:00,27.69466877992874
2024-01-22 01:00:00,26.708462133586583
2024-01-22 02:00:00,29.705411186315537
2024-01-22 03:00:00,25.14665600903301
2024-01-22 04:00:00,28.89296841270946
2024-01-22 05:00:00,29.33676391157904
2024-01-22 06:00:00,26.873663924416743
2024-01-22 07:00:00,27.061835743536886
2024-01-22 08:00:00,29.89629702587139
2024-01-22 09:00:00,48.51431854499086
2024-01-22 10:00:00,62.7015255139611
2024-01-22 11:00:00,56.329325505663576
2024-01-22 12:00:00,56.11482562457728
2024-01-22 13:00:00,53.19424969053761
2024-01-22 14:00:00,58.29480954469871
2024-01-22 15:00:00,46.14465382822114
2024-01-22 16:00:00,63.602316819559846
2024-01-22 17:00:00,66.80356857697925
2024-01-22 18:00:00,71.97199335013022
2024-01-22 19:00:00,57.603604262233276
2024-01-22 20:00:00,47.070012866082685
2024-01-22 21:00:00,61.672298099290614
2024-01-22 22:00:00,28.148012519001746
2024-01-22 23:00:00,28.966877577571942
2024-01-23 00:00:00,27.708890092886463
2024-01-23 01:00:00,26.477823467745964
2024-01-23 02:00:00,27.540320083093988
2024-01-23 03:00:00,26.54445751219939
2024-01-23 04:00:00,25.421365264365363
2024-01-23 05:00:00,25.070819208468492
2024-01-23 06:00:00,27.942378683234057
2024-01-23 07:00:00,26.850419864278287
2024-01-23 08:00:00,29.619560408886986
2024-01-23 09:00:00,74.7955812850264
2024-01-23 10:00:00,52.41166703667831
2024-01-23 11:00:00,64.51770683305332
2024-01-23 12:00:00,73.88236502346497
2024-01-23 13:00:00,66.14308559565778
2024-01-23 14:00:00,61.62756805643903
2024-01-23 15:00:00,72.98422538539108
2024-01-23 16:00:00,60.369939485008445
2024-01-23 17:00:00,62.387496418268015
2024-01-23 18:00:00,70.46262402815577
2024-01-23 19:00:00,75.33620710696903
2024-01-23 20:00:00,66.61456419018039
2024-01-23 21:00:00,66.36671448544905
2024-01-23 22:00:00,29.008153320397152
2024-01-23 23:00:00,25.062030099552125
2024-01-24 00:00:00,25.520076792516345
2024-01-24 01:00:00,29.86199429334204
2024-01-24 02:00:00,29.340154817820427
2024-01-24 03:00:00,29.360996452359185
2024-01-24 04:00:00,29.810759107908627
2024-01-24 05:00:00,28.90459905924148
2024-01-24 06:00:00,25.62915328153572
2024-01-24 07:00:00,26.13651808898163
2024-01-24 08:00:00,25.91958004057741
2024-01-24 09:00:00,69.13940562614276
2024-01-24 10:00:00,64.4406930120156
2024-01-24 11:00:00,61.53685080940982
2024-01-24 12:00:00,60.292758409192565
2024-01-24 13:00:00,59.00775293728974
2024-01-24 14:00:00,48.53918057413173
2024-01-24 15:00:00,76.43909502200296
2024-01-24 16:00:00,55.77817859293125
2024-01-24 17:00:00,67.4878311261357
2024-01-24 18:00:00,73.42990824119252
2024-01-24 19:00:00,70.88096155385472
2024-01-24 20:00:00,64.41495197720258
2024-01-24 21:00:00,58.89837593655801
2024-01-24 22:00:00,29.803322798083492
2024-01-24 23:00:00,29.130207014267413
2024-01-25 00:00:00,28.401448102845784
2024-01-25 01:00:00,25.478052281228045
2024-01-25 02:00:00,26.118714798475267
2024-01-25 03:00:00,25.715939197445593
2024-01-25 04:00:00,28.871741855041055
2024-01-25 05:00:00,27.121146134070926
2024-01-25 06:00:00,28.530907746196505
2024-01-25 07:00:00,27.1747905518076
2024-01-25 08:00:00,25.416159490010205
2024-01-25 09:00:00,72.79582002838767
2024-01-25 10:00:00,62.60460782470875
2024-01-25 11:00:00,67.62445080822431
2024-01-25 12:00:00,56.704134008210076
2024-01-25 13:00:00,77.64674628751345
2024-01-25 14:00:00,63.34492829109104
2024-01-25 15:00:00,49.86157900883711
2024-01-25 16:00:00,70.49152842404456
2024-01-25 17:00:00,69.30459771022007
2024-01-25 18:00:00,49.33223100468946
2024-01-25 19:00:00,65.27396796844953
2024-01-25 20:00:00,55.26705161754475
2024-01-25 21:00:00,58.89464983678628
2024-01-25 22:00:00,26.84285962446009
2024-01-25 23:00:00,28.556516624675403
2024-01-26 00:00:00,31.829465898260707
2024-01-26 01:00:00,34.150841853224385
2024-01-26 02:00:00,25.301849238803353
2024-01-26 03:00:00,34.91781195084411
2024-01-26 04:00:00,28.483657485240634
2024-01-26 05:00:00,31.682922479345848
2024-01-26 06:00:00,32.78005544794336
2024-01-26 07:00:00,32.155108043853886
2024-01-26 08:00:00,32.59162339760637
2024-01-26 09:00:00,33.99350831176122
2024-01-26 10:00:00,26.161263233619643
2024-01-26 11:00:00,31.94294754437955
2024-01-26 12:00:00,33.27195159208072
2024-01-26 13:00:00,34.80969419915917
2024-01-26 14:00:00,27.522405591025286
2024-01-26 15:00:00,34.43261098802244
2024-01-26 16:00:00,28.986503959271033
2024-01-26 17:00:00,33.79434690960428
2024-01-26 18:00:00,33.972640048345724
2024-01-26 19:00:00,34.5816252678009
2024-01-26 20:00:00,33.6443637293323
2024-01-26 21:00:00,27.605664785895662
2024-01-26 22:00:00,28.954971419573468
2024-01-26 23:00:00,32.37159258341561
2024-01-27 00:00:00,29.468406932683187
2024-01-27 01:00:00,29.55496671249442
2024-01-27 02:00:00,25.859600758494125
2024-01-27 03:00:00,28.720256332729384
2024-01-27 04:00:00,27.25423808546866
2024-01-27 05:00:00,25.65228838650463
2024-01-27 06:00:00,26.64056354127863
2024-01-27 07:00:00,26.809622950429173
2024-01-27 08:00:00,25.152278325926936
2024-01-27 09:00:00,59.55470114726596
2024-01-27 10:00:00,68.52059616425763
2024-01-27 11:00:00,56.28375990849406
2024-01-27 12:00:00,58.324043894805286
2024-01-27 13:00:00,55.72833496599897
2024-01-27 14:00:00,59.651105563055594
2024-01-27 15:00:00,51.91911102608944
2024-01-27 16:00:00,59.21859826658518
2024-01-27 17:00:00,58.81566599314779
2024-01-27 18:00:00,66.25301851754165
2024-01-27 19:00:00,61.13547983580577
2024-01-27 20:00:00,54.709210897870335
2024-01-27 21:00:00,65.25407599432403
2024-01-27 22:00:00,28.343532844031213
2024-01-27 23:00:00,25.51478579067772
2024-01-28 00:00:00,26.579227874673563
2024-01-28 01:00:00,26.3102937384019
2024-01-28 02:00:00,25.378370121044483
2024-01-28 03:00:00,29.81495657888152
2024-01-28 04:00:00,26.10739103704452
2024-01-28 05:00:00,27.78564538174037
2024-01-28 06:00:00,26.338221283651293
2024-01-28 07:00:00,25.130533157951028
2024-01-28 08:00:00,28.75827594140913
2024-01-28 09:00:00,72.71077998216046
2024-01-28 10:00:00,54.019030627327055
2024-01-28 11:00:00,69.88813480195614
2024-01-28 12:00:00,71.01442918035538
2024-01-28 13:00:00,52.984213551574285
2024-01-28 14:00:00,61.43547831594361
2024-01-28 15:00:00,52.81917938678123
2024-01-28 16:00:00,66.167746292785
2024-01-28 17:00:00,68.16295733931896
2024-01-28 18:00:00,68.59508568024901
2024-01-28 19:00:00,55.337621668638235
2024-01-28 20:00:00,70.27378065228129
2024-01-28 21:00:00,54.00909209711183
2024-01-28 22:00:00,29.34344721421943
2024-01-28 23:00:00,26.15158514467032
2024-01-29 00:00:00,26.99365542328792
2024-01-29 01:00:00,26.334951886193203
2024-01-29 02:00:00,26.062017927452047
2024-01-29 03:00:00,25.01960503709231
2024-01-29 04:00:00,26.536855151176216
2024-01-29 05:00:00,29.741557616924716
2024-01-29 06:00:00,25.57178402331678
2024-01-29 07:00:00,28.536101618214353
2024-01-29 08:00:00,28.783366757202838
2024-01-29 09:00:00,54.01968136701156
2024-01-29 10:00:00,54.01736750174225
2024-01-29 11:00:00,66.50740192075114
2024-01-29 12:00:00,66.57182959734277
2024-01-29 13:00:00,51.44370343303836
2024-01-29 14:00:00,66.00887794690506
2024-01-29 15:00:00,71.10495439753106
2024-01-29 16:00:00,57.954611812401964
2024-01-29 17:00:00,45.66631214885994
2024-01-29 18:00:00,71.29730930035657
2024-01-29 19:00:00,75.80348655536122
2024-01-29 20:00:00,75.63968003350455
2024-01-29 21:00:00,66.44752739740402
2024-01-29 22:00:00,27.46572422828087
2024-01-29 23:00:00,28.67958924191149
2024-01-30 00:00:00,25.379917486858126
2024-01-30 01:00:00,26.810702054176737
2024-01-30 02:00:00,27.51841416085577
2024-01-30 03:00:00,25.051893534432953
2024-01-30 04:00:00,29.97955151697393
2024-01-30 05:00:00,28.692254373476622
2024-01-30 06:00:00,25.519254495740242
2024-01-30 07:00:00,27.549734826569352
2024-01-30 08:00:00,25.626345536093503
2024-01-30 09:00:00,52.85657875821548
2024-01-30 10:00:00,56.232465963937415
2024-01-30 11:00:00,66.48231559462101
2024-01-30 12:00:00,62.14263409555401
2024-01-30 13:00:00,52.97432888812382
2024-01-30 14:00:00,60.127746722460586
2024-01-30 15:00:00,57.424503233183614
2024-01-30 16:00:00,74.26103077418722
2024-01-30 17:00:00,50.77761549028621
2024-01-30 18:00:00,64.93354621132599
2024-01-30 19:00:00,69.121834842909
2024-01-30 20:00:00,48.16936695873818
2024-01-30 21:00:00,71.30768200065057
2024-01-30 22:00:00,29.968774339906297
2024-01-30 23:00:00,29.73841609805107
2024-01-31 00:00:00,28.099185464015108
2024-01-31 01:00:00,29.648896781363337
2024-01-31 02:00:00,27.57772097063789
2024-01-31 03:00:00,29.23757798559406
2024-01-31 04:00:00,28.912269635643458
2024-01-31 05:00:00,25.20775482299223
2024-01-31 06:00:00,29.84078445158404
2024-01-31 07:00:00,29.10211122299148
2024-01-31 08:00:00,25.690655327584942
2024-01-31 09:00:00,66.48146170073531
2024-01-31 10:00:00,55.7139928033814
2024-01-31 11:00:00,65.07956079245722
2024-01-31 12:00:00,58.81644264218467
2024-01-31 13:00:00,65.32547083446411
2024-01-31 14:00:00,63.78338695883562
2024-01-31 15:00:00,62.890456552786645
2024-01-31 16:00:00,59.52926404827407
2024-01-31 17:00:00,63.663523103725346
2024-01-31 18:00:00,56.085314843523406
2024-01-31 19:00:00,68.14819019645584
2024-01-31 20:00:00,59.83086977276369
2024-01-31 21:00:00,55.91856106151744
2024-01-31 22:00:00,27.923234683071925
2024-01-31 23:00:00,29.25585599504508
2024-02-01 00:00:00,25.035670483169437
2024-02-01 01:00:00,29.864857500316344
2024-02-01 02:00:00,27.51065839915148
2024-02-01 03:00:00,25.954946829515546
2024-02-01 04:00:00,29.378082899025024
2024-02-01 05:00:00,27.562781766200537
2024-02-01 06:00:00,25.51515471273335
2024-02-01 07:00:00,27.012362107394694
2024-02-01 08:00:00,29.488254905880666
2024-02-01 09:00:00,48.376100657813254
2024-02-01 10:00:00,63.29562908403489
2024-02-01 11:00:00,54.54826462955275
2024-02-01 12:00:00,63.16173348601743
2024-02-01 13:00:00,69.67678059573353
2024-02-01 14:00:00,60.346002482538935
2024-02-01 15:00:00,56.464271854471676
2024-02-01 16:00:00,52.85353919161889
2024-02-01 17:00:00,62.61715862760673
2024-02-01 18:00:00,67.78774221477532
2024-02-01 19:00:00,67.48825012208434
2024-02-01 20:00:00,48.18068115888803
2024-02-01 21:00:00,64.02156019513924
2024-02-01 22:00:00,29.651456994504784
2024-02-01 23:00:00,29.537718639943073
2024-02-02 00:00:00,25.866841198071537
2024-02-02 01:00:00,28.897044933251728
2024-02-02 02:00:00,27.215700445529123
2024-02-02 03:00:00,29.999450005663437
2024-02-02 04:00:00,29.654308175392543
2024-02-02 05:00:00,25.15050892966257
2024-02-02 06:00:00,29.734359567553227
2024-02-02 07:00:00,28.418822111467854
2024-02-02 08:00:00,28.161124134852656
2024-02-02 09:00:00,56.30111610163619
2024-02-02 10:00:00,56.05105423751845
2024-02-02 11:00:00,71.67779266661358
2024-02-02 12:00:00,51.99662984504499
2024-02-02 13:00:00,72.04410098974174
2024-02-02 14:00:00,76.39040358095224
2024-02-02 15:00:00,66.96840071902301
2024-02-02 16:00:00,69.54332781125277
2024-02-02 17:00:00,59.97653026286127
2024-02-02 18:00:00,61.45837656378735
2024-02-02 19:00:00,72.22293715274031
2024-02-02 20:00:00,57.39765696423453
2024-02-02 21:00:00,51.2649719243464
2024-02-02 22:00:00,26.75978309400767
2024-02-02 23:00:00,26.52065404808981
2024-02-03 00:00:00,29.01484953915305
2024-02-03 01:00:00,28.037133641548035
2024-02-03 02:00:00,29.46785447099996
2024-02-03 03:00:00,29.863524402462737
2024-02-03 04:00:00,29.428895060291246
2024-02-03 05:00:00,29.92535123596282
2024-02-03 06:00:00,25.417108098708276
2024-02-03 07:00:00,27.254176327471278
2024-02-03 08:00:00,26.24873355522787
2024-02-03 09:00:00,77.61445998717329
2024-02-03 10:00:00,65.51215099518365
2024-02-03 11:00:00,63.34457506797104
2024-02-03 12:00:00,65.06933071031088
2024-02-03 13:00:00,64.96020518740056
2024-02-03 14:00:00,50.42235091492234
2024-02-03 15:00:00,50.98701225248743
2024-02-03 16:00:00,59.381356307364975
2024-02-03 17:00:00,65.4985851669212
2024-02-03 18:00:00,61.94244081922971
2024-02-03 19:00:00,59.65000009336991
2024-02-03 20:00:00,57.6638179939438
2024-02-03 21:00:00,55.66589678082067
2024-02-03 22:00:00,28.412400045952243
2024-02-03 23:00:00,27.73137269137968
2024-02-04 00:00:00,27.016572690505946
2024-02-04 01:00:00,27.3085117210993
2024-02-04 02:00:00,29.00529883002482
2024-02-04 03:00:00,29.163959990763534
2024-02-04 04:00:00,27.717730665883174
2024-02-04 05:00:00,29.096794741796614
2024-02-04 06:00:00,26.65409343279256
2024-02-04 07:00:00,27.507918805250767
2024-02-04 08:00:00,26.203347373434504
2024-02-04 09:00:00,47.719424664530514
2024-02-04 10:00:00,63.21563681645108
2024-02-04 11:00:00,69.25637047337932
2024-02-04 12:00:00,55.4578378425189
2024-02-04 13:00:00,58.63051851879749
2024-02-04 14:00:00,59.88171231182208
2024-02-04 15:00:00,63.07399504905598
2024-02-04 16:00:00,64.81453949463696
2024-02-04 17:00:00,69.56418894748535
2024-02-04 18:00:00,61.40033359219473
2024-02-04 19:00:00,63.97188897345737
2024-02-04 20:00:00,64.17173642453069
2024-02-04 21:00:00,50.06173190370464
2024-02-04 22:00:00,29.477583976801128
2024-02-04 23:00:00,25.396730123020184
2024-02-05 00:00:00,29.041387912976266
2024-02-05 01:00:00,27.22282139104891
2024-02-05 02:00:00,25.349491211056943
2024-02-05 03:00:00,27.473327238194177
2024-02-05 04:00:00,26.715521890711116
2024-02-05 05:00:00,25.673496662477824
2024-02-05 06:00:00,29.6902645563715
2024-02-05 07:00:00,27.446541184536198
2024-02-05 08:00:00,29.959487511139322
2024-02-05 09:00:00,64.4350301320615
2024-02-05 10:00:00,60.4881377599865
2024-02-05 11:00:00,58.06921388937558
2024-02-05 12:00:00,69.74861168087375
2024-02-05 13:00:00,60.897966527982135
2024-02-05 14:00:00,59.76056679200536
2024-02-05 15:00:00,61.232673505414354
2024-02-05 16:00:00,71.656624627609
2024-02-05 17:00:00,65.61896398846727
2024-02-05 18:00:00,78.11317804385584
2024-02-05 19:00:00,61.25852336283165
2024-02-05 20:00:00,55.32750337098127
2024-02-05 21:00:00,61.330980054209796
2024-02-05 22:00:00,25.142941740124602
2024-02-05 23:00:00,29.71854328297505
2024-02-06 00:00:00,28.37263338814391
2024-02-06 01:00:00,29.77647819752766
2024-02-06 02:00:00,25.556085621337903
2024-02-06 03:00:00,27.46363362558663
2024-02-06 04:00:00,28.244659387298086
2024-02-06 05:00:00,28.253150298608144
2024-02-06 06:00:00,29.614911784701945
2024-02-06 07:00:00,29.40006243696348
2024-02-06 08:00:00,26.90203064077628
2024-02-06 09:00:00,54.309206635423706
2024-02-06 10:00:00,62.96333736620002
2024-02-06 11:00:00,52.237764955038685
2024-02-06 12:00:00,59.66440220145378
2024-02-06 13:00:00,69.81817106993606
2024-02-06 14:00:00,47.92126375820146
2024-02-06 15:00:00,52.26775285331271
2024-02-06 16:00:00,59.56903911536835
2024-02-06 17:00:00,63.054340836227006
2024-02-06 18:00:00,73.17281204673142
2024-02-06 19:00:00,59.17524895417804
2024-02-06 20:00:00,65.94721189496299
2024-02-06 21:00:00,70.63431804245545
2024-02-06 22:00:00,26.991594956902684
2024-02-06 23:00:00,26.983261585574795
2024-02-07 00:00:00,26.1930217798065
2024-02-07 01:00:00,29.935458254134275
2024-02-07 02:00:00,28.49868479284117
2024-02-07 03:00:00,25.82265467048319
2024-02-07 04:00:00,25.547867259268372
2024-02-07 05:00:00,29.573692697008887
2024-02-07 06:00:00,27.770823762138086
2024-02-07 07:00:00,28.303390768884093
2024-02-07 08:00:00,26.35654129794505
2024-02-07 09:00:00,61.64175369423471
2024-02-07 10:00:00,47.8405444161975
2024-02-07 11:00:00,50.252533489546046
2024-02-07 12:00:00,64.60934800196956
2024-02-07 13:00:00,68.51361789686953
2024-02-07 14:00:00,73.25632679299497
2024-02-07 15:00:00,63.01215506608068
2024-02-07 16:00:00,67.5940826537954
2024-02-07 17:00:00,69.4122180009006
2024-02-07 18:00:00,73.51314371330739
2024-02-07 19:00:00,67.90064305535978
2024-02-07 20:00:00,66.66755118080543
2024-02-07 21:00:00,66.26915622566484
2024-02-07 22:00:00,26.41323818339568
2024-02-07 23:00:00,27.16828930927843
2024-02-08 00:00:00,29.941507184127254
2024-02-08 01:00:00,29.120355772957218
2024-02-08 02:00:00,26.99692807956529
2024-02-08 03:00:00,26.03513806728791
2024-02-08 04:00:00,28.79128745115585
2024-02-08 05:00:00,26.421655081078327
2024-02-08 06:00:00,26.36786752134791
2024-02-08 07:00:00,28.01828843315323
2024-02-08 08:00:00,27.83562370451473
2024-02-08 09:00:00,64.65635267585324
2024-02-08 10:00:00,72.94409842806004
2024-02-08 11:00:00,53.536605248732656
2024-02-08 12:00:00,70.29733721462901
2024-02-08 13:00:00,64.05007282980606
2024-02-08 14:00:00,59.8643077592724
2024-02-08 15:00:00,55.3868966827189
2024-02-08 16:00:00,49.745347259647886
2024-02-08 17:00:00,54.678387713022374
2024-02-08 18:00:00,61.76283851744451
2024-02-08 19:00:00,55.635840567052604
2024-02-08 20:00:00,62.13126755706958
2024-02-08 21:00:00,59.38678128168026
2024-02-08 22:00:00,28.365248918597572
2024-02-08 23:00:00,29.491240986657875
2024-02-09 00:00:00,29.9947167093006
2024-02-09 01:00:00,28.130472329048594
2024-02-09 02:00:00,28.278883643473307
2024-02-09 03:00:00,26.675431105210954
2024-02-09 04:00:00,29.883200283261246
2024-02-09 05:00:00,26.039616561498562
2024-02-09 06:00:00,27.766665821669015
2024-02-09 07:00:00,28.219640030447948
2024-02-09 08:00:00,29.515922665380735
2024-02-09 09:00:00,61.30762678349304
2024-02-09 10:00:00,70.16577447186366
2024-02-09 11:00:00,53.02954213537023
2024-02-09 12:00:00,69.29414702558145
2024-02-09 13:00:00,71.09596835125355
2024-02-09 14:00:00,64.63270030006153
2024-02-09 15:00:00,67.02838359807305
2024-02-09 16:00:00,66.87869617195972
2024-02-09 17:00:00,51.573518604878636
2024-02-09 18:00:00,50.53236447038101
2024-02-09 19:00:00,59.86878761946976
2024-02-09 20:00:00,65.56745131210947
2024-02-09 21:00:00,47.10590494925262
2024-02-09 22:00:00,27.41200451127196
2024-02-09 23:00:00,25.217631280664534
2024-02-10 00:00:00,28.895723411879548
2024-02-10 01:00:00,25.534102418646427
2024-02-10 02:00:00,27.25251811686715
2024-02-10 03:00:00,28.78147579109453
2024-02-10 04:00:00,25.95812083590701
2024-02-10 05:00:00,28.520176863947057
2024-02-10 06:00:00,26.276109090914375
2024-02-10 07:00:00,25.882372649235272
2024-02-10 08:00:00,28.240585495100174
2024-02-10 09:00:00,67.74128769755455
2024-02-10 10:00:00,62.78340301339503
2024-02-10 11:00:00,73.72835651750461
2024-02-10 12:00:00,59.59523204599242
2024-02-10 13:00:00,75.19268014384289
2024-02-10 14:00:00,67.61340686563486
2024-02-10 15:00:00,73.4206247986783
2024-02-10 16:00:00,72.59124168635698
2024-02-10 17:00:00,50.91039793544313
2024-02-10 18:00:00,64.44332387450885
2024-02-10 19:00:00,51.674795881346824
2024-02-10 20:00:00,67.47956882207436
2024-02-10 21:00:00,48.83824735941873
2024-02-10 22:00:00,25.217525150642594
2024-02-10 23:00:00,25.974335928612078
2024-02-11 00:00:00,25.65396840486369
2024-02-11 01:00:00,26.659788624843678
2024-02-11 02:00:00,25.078942892715457
2024-02-11 03:00:00,28.676636213048944
2024-02-11 04:00:00,28.330000345294028
2024-02-11 05:00:00,26.770287838568347
2024-02-11 06:00:00,25.321996542221026
2024-02-11 07:00:00,26.385104670309964
2024-02-11 08:00:00,25.87509648267006
2024-02-11 09:00:00,59.81011215874935
2024-02-11 10:00:00,65.05910836005339
2024-02-11 11:00:00,70.7252704187822
2024-02-11 12:00:00,57.37069518040198
2024-02-11 13:00:00,53.38496660268906
2024-02-11 14:00:00,57.093349309327465
2024-02-11 15:00:00,51.491115216737015
2024-02-11 16:00:00,49.283484191514646
2024-02-11 17:00:00,64.08134623219705
2024-02-11 18:00:00,71.22761058780145
2024-02-11 19:00:00,70.85443827564922
2024-02-11 20:00:00,74.1807444840741
2024-02-11 21:00:00,63.90673403614864
2024-02-11 22:00:00,25.317748529151746
2024-02-11 23:00:00,29.772951193466973
2024-02-12 00:00:00,26.004806849403266
2024-02-12 01:00:00,25.394836855611736
2024-02-12 02:00:00,28.410043618937323
2024-02-12 03:00:00,25.60532428804713
2024-02-12 04:00:00,25.01872497136609
2024-02-12 05:00:00,28.764145551585813
2024-02-12 06:00:00,26.3613085151015
2024-02-12 07:00:00,25.32670509499138
2024-02-12 08:00:00,25.03959121962966
2024-02-12 09:00:00,64.67700761695198
2024-02-12 10:00:00,58.193605431956826
2024-02-12 11:00:00,66.69403509844715
2024-02-12 12:00:00,63.706148485813316
2024-02-12 13:00:00,60.39630920186446
2024-02-12 14:00:00,64.4920664815551
2024-02-12 15:00:00,75.6644913825107
2024-02-12 16:00:00,53.73609083777944
2024-02-12 17:00:00,65.57108131844302
2024-02-12 18:00:00,64.71508808238926
2024-02-12 19:00:00,59.239744788595885
2024-02-12 20:00:00,51.140956337754176
2024-02-12 21:00:00,66.35869203333242
2024-02-12 22:00:00,26.282445460881735
2024-02-12 23:00:00,27.08407187976108
2024-02-13 00:00:00,26.20264284704197
2024-02-13 01:00:00,27.94047568669076
2024-02-13 02:00:00,28.87053941187231
2024-02-13 03:00:00,27.196496346786454
2024-02-13 04:00:00,27.751208162460664
2024-02-13 05:00:00,27.755745102553046
2024-02-13 06:00:00,27.84803680804003
2024-02-13 07:00:00,29.8013645016067
2024-02-13 08:00:00,26.775445747246117
2024-02-13 09:00:00,71.33487948671038
2024-02-13 10:00:00,51.118353886723554
2024-02-13 11:00:00,63.689980904276425
2024-02-13 12:00:00,61.843375364796415
2024-02-13 13:00:00,61.97451725575686
2024-02-13 14:00:00,72.07583205825145
2024-02-13 15:00:00,48.30009902983164
2024-02-13 16:00:00,48.3766862985015
2024-02-13 17:00:00,61.82119851087592
2024-02-13 18:00:00,62.35027043328079
2024-02-13 19:00:00,51.990902005671046
2024-02-13 20:00:00,59.22958433581168
2024-02-13 21:00:00,49.749535838312795
2024-02-13 22:00:00,27.110616950186802
2024-02-13 23:00:00,29.005039033934786
2024-02-14 00:00:00,26.344033350893724
2024-02-14 01:00:00,28.30954872714028
2024-02-14 02:00:00,26.221559111079053
2024-02-14 03:00:00,26.469586177701622
2024-02-14 04:00:00,27.93634181727991
2024-02-14 05:00:00,28.650499184598043
2024-02-14 06:00:00,26.272176614514997
2024-02-14 07:00:00,27.2834248870317
2024-02-14 08:00:00,25.528876545713306
2024-02-14 09:00:00,48.36680994844321
2024-02-14 10:00:00,60.55408981363166
2024-02-14 11:00:00,59.66586995609016
2024-02-14 12:00:00,69.11848300175238
2024-02-14 13:00:00,62.512396065763845
2024-02-14 14:00:00,66.07480532143518
2024-02-14 15:00:00,58.643772826475015
2024-02-14 16:00:00,64.67179599530868
2024-02-14 17:00:00,54.87791738688959
2024-02-14 18:00:00,61.804738786653814
2024-02-14 19:00:00,71.23715519872022
2024-02-14 20:00:00,66.1986917610333
2024-02-14 21:00:00,71.28456843393796
2024-02-14 22:00:00,29.351834833326347
2024-02-14 23:00:00,29.283428070959985
2024-02-15 00:00:00,25.662979572184028
2024-02-15 01:00:00,29.665637401406713
2024-02-15 02:00:00,25.388665415874208
2024-02-15 03:00:00,27.947041278443187
2024-02-15 04:00:00,28.681379753666533
2024-02-15 05:00:00,28.38777320819104
2024-02-15 06:00:00,28.644602242288975
2024-02-15 07:00:00,27.550463772311957
2024-02-15 08:00:00,28.403882834408797
2024-02-15 09:00:00,57.437960128221164
2024-02-15 10:00:00,59.81138895030789
2024-02-15 11:00:00,75.09446453043542
2024-02-15 12:00:00,69.87265689392535
2024-02-15 13:00:00,76.42330732533718
2024-02-15 14:00:00,47.88042927566721
2024-02-15 15:00:00,72.25318465791855
2024-02-15 16:00:00,60.04249335082806
2024-02-15 17:00:00,47.761222282272406
2024-02-15 18:00:00,58.16775491188689
2024-02-15 19:00:00,57.161039272307264
2024-02-15 20:00:00,61.824560176694625
2024-02-15 21:00:00,72.71139718302717
2024-02-15 22:00:00,25.03729733859066
2024-02-15 23:00:00,25.72952452235927
2024-02-16 00:00:00,28.06617868256086
2024-02-16 01:00:00,27.201117716583102
2024-02-16 02:00:00,27.17887612673972
2024-02-16 03:00:00,29.595024005055585
2024-02-16 04:00:00,26.383915829446707
2024-02-16 05:00:00,27.813339024840573
2024-02-16 06:00:00,28.71528173624049
2024-02-16 07:00:00,27.678468197492716
2024-02-16 08:00:00,29.027425478086986
2024-02-16 09:00:00,62.31897081427402
2024-02-16 10:00:00,73.89207526605131
2024-02-16 11:00:00,68.21280551737115
2024-02-16 12:00:00,66.24981598563306
2024-02-16 13:00:00,58.4344245242032
2024-02-16 14:00:00,66.04230981222176
2024-02-16 15:00:00,48.21318839448892
2024-02-16 16:00:00,76.1247553461659
2024-02-16 17:00:00,60.23386656059111
2024-02-16 18:00:00,56.14081674848886
2024-02-16 19:00:00,61.81853516670286
2024-02-16 20:00:00,63.333139249174536
2024-02-16 21:00:00,48.59950351706848
2024-02-16 22:00:00,27.948665081476157
2024-02-16 23:00:00,25.338293844616604
2024-02-17 00:00:00,28.188348665756248
2024-02-17 01:00:00,26.635618456948677
2024-02-17 02:00:00,25.66614534048186
2024-02-17 03:00:00,28.149969707637297
2024-02-17 04:00:00,29.4477746259405
2024-02-17 05:00:00,25.75470599788269
2024-02-17 06:00:00,29.834510729014433
2024-02-17 07:00:00,26.425012699070507
2024-02-17 08:00:00,27.618681719549564
2024-02-17 09:00:00,67.23665091776795
2024-02-17 10:00:00,63.082851878943075
2024-02-17 11:00:00,65.43549689051395
2024-02-17 12:00:00,62.33878225142982
2024-02-17 13:00:00,68.70041514031482
2024-02-17 14:00:00,62.38569557549787
2024-02-17 15:00:00,63.697060386121294
2024-02-17 16:00:00,52.32803910229747
2024-02-17 17:00:00,68.35046382052242
2024-02-17 18:00:00,64.17034770386121
2024-02-17 19:00:00,50.663264299994964
2024-02-17 20:00:00,66.25050514933251
2024-02-17 21:00:00,63.31526785563946
2024-02-17 22:00:00,26.786302521595534
2024-02-17 23:00:00,28.772535716873506
2024-02-18 00:00:00,26.2404062132682
2024-02-18 01:00:00,27.99047736498018
2024-02-18 02:00:00,28.494408859214673
2024-02-18 03:00:00,28.81910369101384
2024-02-18 04:00:00,27.086793015354104
2024-02-18 05:00:00,26.39482348600971
2024-02-18 06:00:00,28.320486400989417
2024-02-18 07:00:00,27.775762241613435
2024-02-18 08:00:00,29.333878806505407
2024-02-18 09:00:00,61.83938765444141
2024-02-18 10:00:00,52.60870717771908
2024-02-18 11:00:00,55.90481811534441
2024-02-18 12:00:00,52.4736495932439
2024-02-18 13:00:00,56.240686766242376
2024-02-18 14:00:00,61.795450758990526
2024-02-18 15:00:00,69.58131265946663
2024-02-18 16:00:00,63.527801703929015
2024-02-18 17:00:00,60.208022963472686
2024-02-18 18:00:00,69.11599285886007
2024-02-18 19:00:00,60.840333723282434
2024-02-18 20:00:00,58.71699739596935
2024-02-18 21:00:00,63.48324751562591
2024-02-18 22:00:00,27.328520668564078
2024-02-18 23:00:00,28.97342436406524
2024-02-19 00:00:00,27.758266685071185
2024-02-19 01:00:00,25.692701536779815
2024-02-19 02:00:00,27.578847757008678
2024-02-19 03:00:00,28.048764138448277
2024-02-19 04:00:00,25.948811067858877
2024-02-19 05:00:00,26.266385798041764
2024-02-19 06:00:00,27.876074748809287
2024-02-19 07:00:00,29.32016765818042
2024-02-19 08:00:00,27.38430664611242
2024-02-19 09:00:00,57.761572273005996
2024-02-19 10:00:00,59.397012587536544
2024-02-19 11:00:00,60.67943560503408
2024-02-19 12:00:00,63.26192119825613
2024-02-19 13:00:00,75.16838943273939
2024-02-19 14:00:00,46.6636957124047
2024-02-19 15:00:00,66.49052588510563
2024-02-19 16:00:00,51.29811030315087
2024-02-19 17:00:00,61.239744188724615
2024-02-19 18:00:00,66.09926868729376
2024-02-19 19:00:00,74.47889688451522
2024-02-19 20:00:00,62.26411206903748
2024-02-19 21:00:00,65.33441806850588
2024-02-19 22:00:00,27.804611759670777
2024-02-19 23:00:00,29.363761452000816
2024-02-20 00:00:00,28.072818368403553
2024-02-20 01:00:00,26.687959301058207
2024-02-20 02:00:00,25.090290547492483
2024-02-20 03:00:00,25.669376132096218
2024-02-20 04:00:00,29.321492753624106
2024-02-20 05:00:00,28.131955039504817
2024-02-20 06:00:00,29.064095094609993
2024-02-20 07:00:00,29.0705428227498
2024-02-20 08:00:00,28.841529025756294
2024-02-20 09:00:00,58.241834066161495
2024-02-20 10:00:00,49.16234913367764
2024-02-20 11:00:00,68.1800370610186
2024-02-20 12:00:00,53.64708737814634
2024-02-20 13:00:00,57.69581771252521
2024-02-20 14:00:00,60.3626218957513
2024-02-20 15:00:00,69.53035005368908
2024-02-20 16:00:00,70.35530303870671
2024-02-20 17:00:00,65.71643127033917
2024-02-20 18:00:00,71.69968339909842
2024-02-20 19:00:00,77.2591387509436
2024-02-20 20:00:00,67.06513428270503
2024-02-20 21:00:00,59.05237737901791
2024-02-20 22:00:00,25.31471988341199
2024-02-20 23:00:00,27.41887123605031
2024-02-21 00:00:00,29.31231986466355
2024-02-21 01:00:00,27.73045288087006
2024-02-21 02:00:00,25.947184549097333
2024-02-21 03:00:00,29.67997919556074
2024-02-21 04:00:00,29.480023285946015
2024-02-21 05:00:00,29.712322666547692
2024-02-21 06:00:00,27.220048459047163
2024-02-21 07:00:00,29.15169723146804
2024-02-21 08:00:00,27.10018293162242
2024-02-21 09:00:00,52.68485093398731
2024-02-21 10:00:00,65.63261135420687
2024-02-21 11:00:00,61.09435625450419
2024-02-21 12:00:00,55.332606445726896
2024-02-21 13:00:00,71.8697432161732
2024-02-21 14:00:00,55.79204297998061
2024-02-21 15:00:00,66.7599155230442
2024-02-21 16:00:00,67.20630564621122
2024-02-21 17:00:00,47.874906695722515
2024-02-21 18:00:00,74.61992978786553
2024-02-21 19:00:00,50.949406431498296
2024-02-21 20:00:00,49.46570465217552
2024-02-21 21:00:00,67.3610178769322
2024-02-21 22:00:00,26.1522454464165
2024-02-21 23:00:00,26.434973856924245
2024-02-22 00:00:00,27.42244142365218
2024-02-22 01:00:00,29.069999297782058
2024-02-22 02:00:00,26.58637125789428
2024-02-22 03:00:00,26.323734050204223
2024-02-22 04:00:00,27.727212547678715
2024-02-22 05:00:00,28.174243968407247
2024-02-22 06:00:00,28.690874029231633
2024-02-22 07:00:00,25.98405203217402
2024-02-22 08:00:00,27.770051075654216
2024-02-22 09:00:00,58.20455711947816
2024-02-22 10:00:00,53.084267948397084
2024-02-22 11:00:00,60.19899939771513
2024-02-22 12:00:00,72.02798904392752
2024-02-22 13:00:00,62.63857822920451
2024-02-22 14:00:00,60.32177758126268
2024-02-22 15:00:00,48.306993727138575
2024-02-22 16:00:00,66.21616755110166
2024-02-22 17:00:00,61.43940868371776
2024-02-22 18:00:00,69.26524609683581
2024-02-22 19:00:00,59.4697018205396
2024-02-22 20:00:00,68.29988132582547
2024-02-22 21:00:00,51.367225405750666
2024-02-22 22:00:00,26.767343853654147
2024-02-22 23:00:00,26.406698389680944
2024-02-23 00:00:00,27.846188036834405
2024-02-23 01:00:00,26.390190592876007
2024-02-23 02:00:00,28.84621976818621
2024-02-23 03:00:00,28.349598982841695
2024-02-23 04:00:00,28.43280278318315
2024-02-23 05:00:00,25.89109225774988
2024-02-23 06:00:00,29.343671021113188
2024-02-23 07:00:00,29.114720655394024
2024-02-23 08:00:00,26.58542541434108
2024-02-23 09:00:00,58.08503344832805
2024-02-23 10:00:00,53.86908096955696
2024-02-23 11:00:00,53.797545377261336
2024-02-23 12:00:00,61.50779901884448
2024-02-23 13:00:00,59.29357955761111
2024-02-23 14:00:00,71.23277844619344
2024-02-23 15:00:00,67.24325400469236
2024-02-23 16:00:00,60.47248601795203
2024-02-23 17:00:00,46.99574179484158
2024-02-23 18:00:00,60.50543885707512
2024-02-23 19:00:00,68.4433375828329
2024-02-23 20:00:00,54.903788946718365
2024-02-23 21:00:00,68.69610053964493
2024-02-23 22:00:00,27.313859027013553
2024-02-23 23:00:00,27.556674758403283
2024-02-24 00:00:00,26.088201100866947
2024-02-24 01:00:00,29.962092489122654
2024-02-24 02:00:00,28.652323310554884
2024-02-24 03:00:00,25.004868954187256
2024-02-24 04:00:00,29.25680699211167
2024-02-24 05:00:00,27.99683850711844
2024-02-24 06:00:00,27.978389159555554
2024-02-24 07:00:00,27.925312616027078
2024-02-24 08:00:00,26.185610240353896
2024-02-24 09:00:00,53.078212797414274
2024-02-24 10:00:00,71.37210646084002
2024-02-24 11:00:00,68.65922235340153
2024-02-24 12:00:00,67.75944373315099
2024-02-24 13:00:00,57.249125518081044
2024-02-24 14:00:00,54.02199257313521
2024-02-24 15:00:00,64.81943545436003
2024-02-24 16:00:00,74.26493092771437
2024-02-24 17:00:00,64.93492915333525
2024-02-24 18:00:00,68.43404419014377
2024-02-24 19:00:00,59.425689435865856
2024-02-24 20:00:00,53.82458773396813
2024-02-24 21:00:00,64.40189975319568
2024-02-24 22:00:00,26.572181977987775
2024-02-24 23:00:00,29.95626328228117
2024-02-25 00:00:00,27.62939760050683
2024-02-25 01:00:00,28.888626130952833
2024-02-25 02:00:00,29.933063330694576
2024-02-25 03:00:00,28.33535399514538
2024-02-25 04:00:00,27.008453427980818
2024-02-25 05:00:00,27.47975503951448
2024-02-25 06:00:00,26.96251472041144
2024-02-25 07:00:00,26.71728242748238
2024-02-25 08:00:00,27.09114930122768
2024-02-25 09:00:00,71.81161403908656
2024-02-25 10:00:00,68.05657693129808
2024-02-25 11:00:00,70.6706154488127
2024-02-25 12:00:00,63.594935437536016
2024-02-25 13:00:00,62.51346087273197
2024-02-25 14:00:00,58.44622568484359
2024-02-25 15:00:00,60.046386298521185
2024-02-25 16:00:00,58.826870256449425
2024-02-25 17:00:00,65.10690968338375
2024-02-25 18:00:00,61.2299120638927
2024-02-25 19:00:00,65.9335322064479
2024-02-25 20:00:00,61.57609962189817
2024-02-25 21:00:00,57.41554981602484
2024-02-25 22:00:00,29.880391245814337
2024-02-25 23:00:00,26.792945342040014
2024-02-26 00:00:00,28.453286381519845
2024-02-26 01:00:00,28.901389490603982
2024-02-26 02:00:00,28.51168448555068
2024-02-26 03:00:00,29.82875929400782
2024-02-26 04:00:00,25.15728125959363
2024-02-26 05:00:00,28.582953089130754
2024-02-26 06:00:00,29.95089493581382
2024-02-26 07:00:00,29.079897240994757
2024-02-26 08:00:00,26.206136103122333
2024-02-26 09:00:00,53.90594086463308
2024-02-26 10:00:00,68.57573309785832
2024-02-26 11:00:00,66.73334892162245
2024-02-26 12:00:00,67.87974076409512
2024-02-26 13:00:00,64.41185840214838
2024-02-26 14:00:00,61.15560024018189
2024-02-26 15:00:00,48.08720960071416
2024-02-26 16:00:00,64.27372025775921
2024-02-26 17:00:00,69.2026966635891
2024-02-26 18:00:00,71.38543738336395
2024-02-26 19:00:00,63.86160667039472
2024-02-26 20:00:00,58.964090025692414
2024-02-26 21:00:00,63.91470493662639
2024-02-26 22:00:00,25.56715483151122
2024-02-26 23:00:00,29.987777524471653
2024-02-27 00:00:00,26.418573846888783
2024-02-27 01:00:00,28.686293307370633
2024-02-27 02:00:00,26.85369501768861
2024-02-27 03:00:00,29.619526026827526
2024-02-27 04:00:00,29.851012859950817
2024-02-27 05:00:00,25.787659939461157
2024-02-27 06:00:00,29.76816166911645
2024-02-27 07:00:00,29.282806027968565
2024-02-27 08:00:00,25.37871843122552
2024-02-27 09:00:00,66.69176130648466
2024-02-27 10:00:00,59.81270119340033
2024-02-27 11:00:00,60.215892077399175
2024-02-27 12:00:00,64.30023568139598
2024-02-27 13:00:00,64.49893878865785
2024-02-27 14:00:00,61.373518586964636
2024-02-27 15:00:00,61.27821582102553
2024-02-27 16:00:00,59.04848242569547
2024-02-27 17:00:00,74.02899022937703
2024-02-27 18:00:00,60.77508750733796
2024-02-27 19:00:00,62.67426632436125
2024-02-27 20:00:00,62.980363378864034
2024-02-27 21:00:00,56.17104918060038
2024-02-27 22:00:00,29.11697092283542
2024-02-27 23:00:00,27.8459949900887
2024-02-28 00:00:00,25.94772728061989
2024-02-28 01:00:00,28.600260933817037
2024-02-28 02:00:00,28.584536694717734
2024-02-28 03:00:00,27.724245799754826
2024-02-28 04:00:00,27.02964769569651
2024-02-28 05:00:00,25.65650473555177
2024-02-28 06:00:00,27.38657521454952
2024-02-28 07:00:00,25.596953997330623
2024-02-28 08:00:00,29.5945230718429
2024-02-28 09:00:00,58.103755991667896
2024-02-28 10:00:00,79.70528425961521
2024-02-28 11:00:00,68.03186095214443
2024-02-28 12:00:00,70.63077413823436
2024-02-28 13:00:00,62.60137044830774
2024-02-28 14:00:00,58.12139167641308
2024-02-28 15:00:00,61.489724583448265
2024-02-28 16:00:00,60.86243087191481
2024-02-28 17:00:00,72.26518431449131
2024-02-28 18:00:00,58.014421515921704
2024-02-28 19:00:00,71.62365156353844
2024-02-28 20:00:00,71.9724333301869
2024-02-28 21:00:00,64.54665257362814
2024-02-28 22:00:00,25.565528550699426
2024-02-28 23:00:00,26.4681064329817
2024-02-29 00:00:00,26.95865832502732
2024-02-29 01:00:00,26.00867938889519
2024-02-29 02:00:00,29.562395862822306
2024-02-29 03:00:00,26.397813374365935
2024-02-29 04:00:00,25.21449918805432
2024-02-29 05:00:00,26.569146459647367
2024-02-29 06:00:00,26.337882418533084
2024-02-29 07:00:00,26.272323744695
2024-02-29 08:00:00,26.594694728726175
2024-02-29 09:00:00,72.87835564755369
2024-02-29 10:00:00,61.84047565513252
2024-02-29 11:00:00,59.13888595773997
2024-02-29 12:00:00,72.94407579327454
2024-02-29 13:00:00,78.22435567218315
2024-02-29 14:00:00,55.6002985801406
2024-02-29 15:00:00,53.01922326196078
2024-02-29 16:00:00,68.03547129953208
2024-02-29 17:00:00,59.36727432305095
2024-02-29 18:00:00,57.651563012618695
2024-02-29 19:00:00,50.853680556514256
2024-02-29 20:00:00,59.56300984718759
2024-02-29 21:00:00,51.74492295343519
2024-02-29 22:00:00,28.518494837343678
2024-02-29 23:00:00,29.337973637888233
2024-03-01 00:00:00,29.796067510430092
2024-03-01 01:00:00,26.153449658842504
2024-03-01 02:00:00,28.805061505153677
2024-03-01 03:00:00,28.49264144202994
2024-03-01 04:00:00,29.07158348892657
2024-03-01 05:00:00,29.338168083917253
2024-03-01 06:00:00,27.338028092749575
2024-03-01 07:00:00,25.13256019092914
2024-03-01 08:00:00,26.208508642563153
2024-03-01 09:00:00,64.58644673626783
2024-03-01 10:00:00,56.08711475081422
2024-03-01 11:00:00,62.65747126349294
2024-03-01 12:00:00,63.98303019930645
2024-03-01 13:00:00,54.546919171843754
2024-03-01 14:00:00,48.26769951390216
2024-03-01 15:00:00,77.17811259223444
2024-03-01 16:00:00,51.4430340708293
2024-03-01 17:00:00,67.57164068472122
2024-03-01 18:00:00,64.46505053840595
2024-03-01 19:00:00,67.5927385681988
2024-03-01 20:00:00,66.380531760053
2024-03-01 21:00:00,61.688941071423685
2024-03-01 22:00:00,28.55074994349876
2024-03-01 23:00:00,28.291880774494608
2024-03-02 00:00:00,29.95585025112146
2024-03-02 01:00:00,28.872992306176762
2024-03-02 02:00:00,25.18579611882228
2024-03-02 03:00:00,28.160091741459283
2024-03-02 04:00:00,27.11194840393139
2024-03-02 05:00:00,26.769813241494678
2024-03-02 06:00:00,28.772573408886856
2024-03-02 07:00:00,28.34937605152528
2024-03-02 08:00:00,26.708952749024746
2024-03-02 09:00:00,55.44414222402941
2024-03-02 10:00:00,55.88656464453443
2024-03-02 11:00:00,68.32905770633162
2024-03-02 12:00:00,55.320199702455305
2024-03-02 13:00:00,46.00886226311839
2024-03-02 14:00:00,56.596287764756156
2024-03-02 15:00:00,59.98400638531592
2024-03-02 16:00:00,57.155712221385016
2024-03-02 17:00:00,73.82286632632909
2024-03-02 18:00:00,70.44979993547425
2024-03-02 19:00:00,57.793441774299495
2024-03-02 20:00:00,47.21420749478165
2024-03-02 21:00:00,65.28538309865908
2024-03-02 22:00:00,27.18693909303861
2024-03-02 23:00:00,27.870636769415917
2024-03-03 00:00:00,27.659122007843237
2024-03-03 01:00:00,26.009948764368737
2024-03-03 02:00:00,29.806149640173093
2024-03-03 03:00:00,25.026731582882647
2024-03-03 04:00:00,26.115255059949472
2024-03-03 05:00:00,25.15317786661502
2024-03-03 06:00:00,27.918987662505387
2024-03-03 07:00:00,28.20531571311065
2024-03-03 08:00:00,26.447986071781756
2024-03-03 09:00:00,62.08642201726559
2024-03-03 10:00:00,46.012386664181776
2024-03-03 11:00:00,75.24273038616766
2024-03-03 12:00:00,60.0160589068481
2024-03-03 13:00:00,47.044488333463185
2024-03-03 14:00:00,66.08962469754569
2024-03-03 15:00:00,55.06498339569702
2024-03-03 16:00:00,46.27131731050568
2024-03-03 17:00:00,44.72990609294126
2024-03-03 18:00:00,66.85714690080229
2024-03-03 19:00:00,70.21339905108684
2024-03-03 20:00:00,67.9635717669357
2024-03-03 21:00:00,63.67396712793615
2024-03-03 22:00:00,26.948100964796335
2024-03-03 23:00:00,25.4832753510889
2024-03-04 00:00:00,28.655572731071278
2024-03-04 01:00:00,26.3404650938016
2024-03-04 02:00:00,26.10392830844959
2024-03-04 03:00:00,29.424729225362857
2024-03-04 04:00:00,25.31097128835333
2024-03-04 05:00:00,29.480702738599508
2024-03-04 06:00:00,27.84210424380541
2024-03-04 07:00:00,28.792425631402903
2024-03-04 08:00:00,28.290686560443024
2024-03-04 09:00:00,57.63392534118377
2024-03-04 10:00:00,60.95302177705063
2024-03-04 11:00:00,64.64309680154318
2024-03-04 12:00:00,58.825361659987664
2024-03-04 13:00:00,61.89133597852979
2024-03-04 14:00:00,56.60921820194966
2024-03-04 15:00:00,69.01103921309146
2024-03-04 16:00:00,62.74891292966508
2024-03-04 17:00:00,52.071222173607254
2024-03-04 18:00:00,67.4615980437067
2024-03-04 19:00:00,53.01396812830033
2024-03-04 20:00:00,66.88432911667265
2024-03-04 21:00:00,58.923410611600914
2024-03-04 22:00:00,25.461627409180473
2024-03-04 23:00:00,26.71819949067234
2024-03-05 00:00:00,27.798884706550638
2024-03-05 01:00:00,28.505495987516113
2024-03-05 02:00:00,25.000712730382155
2024-03-05 03:00:00,25.461843228279534
2024-03-05 04:00:00,25.737119499868243
2024-03-05 05:00:00,26.00684737141752
2024-03-05 06:00:00,28.787226568160108
2024-03-05 07:00:00,27.573673428628375
2024-03-05 08:00:00,26.941471573481607
2024-03-05 09:00:00,52.445544531455326
2024-03-05 10:00:00,72.30810253743222
2024-03-05 11:00:00,64.96070712832355
2024-03-05 12:00:00,74.04822485137302
2024-03-05 13:00:00,78.6846264115178
2024-03-05 14:00:00,57.73532609678689
2024-03-05 15:00:00,52.41368461260132
2024-03-05 16:00:00,63.63447432860063
2024-03-05 17:00:00,58.07225749343216
2024-03-05 18:00:00,63.27737965920361
2024-03-05 19:00:00,66.19708658692754
2024-03-05 20:00:00,59.32395286177237
2024-03-05 21:00:00,62.68623035301618
2024-03-05 22:00:00,26.067284739734447
2024-03-05 23:00:00,27.647210916548634
2024-03-06 00:00:00,25.62931407477129
2024-03-06 01:00:00,27.33319558674425
2024-03-06 02:00:00,25.415420278596002
2024-03-06 03:00:00,27.62779914513387
2024-03-06 04:00:00,26.010247901475324
2024-03-06 05:00:00,28.109328636872377
2024-03-06 06:00:00,27.41867843129765
2024-03-06 07:00:00,25.92563859608373
2024-03-06 08:00:00,26.385480631417277
2024-03-06 09:00:00,59.88917770864413
2024-03-06 10:00:00,61.2247295755785
2024-03-06 11:00:00,61.59298190053248
2024-03-06 12:00:00,61.57375060703322
2024-03-06 13:00:00,57.60119986288024
2024-03-06 14:00:00,61.317075141459725
2024-03-06 15:00:00,52.88566873726465
2024-03-06 16:00:00,63.860910563859335
2024-03-06 17:00:00,67.39424714545846
2024-03-06 18:00:00,66.3869083648588
2024-03-06 19:00:00,58.45835418106074
2024-03-06 20:00:00,58.56022927085106
2024-03-06 21:00:00,58.696358710942675
2024-03-06 22:00:00,28.176764877015987
2024-03-06 23:00:00,27.152545518005535
2024-03-07 00:00:00,29.819569990129693
2024-03-07 01:00:00,29.08013382015176
2024-03-07 02:00:00,26.52911157269898
2024-03-07 03:00:00,27.31515664237455
2024-03-07 04:00:00,29.658174348933276
2024-03-07 05:00:00,27.02044015770914
2024-03-07 06:00:00,28.226115878718016
2024-03-07 07:00:00,29.43268461994698
2024-03-07 08:00:00,26.312101085844233
2024-03-07 09:00:00,55.072073077034204
2024-03-07 10:00:00,63.566299930543046
2024-03-07 11:00:00,55.21449560860263
2024-03-07 12:00:00,63.08515654674006
2024-03-07 13:00:00,73.09277003560692
2024-03-07 14:00:00,60.00633067886277
2024-03-07 15:00:00,59.907405295070525
2024-03-07 16:00:00,65.89619024340371
2024-03-07 17:00:00,63.303634859649115
2024-03-07 18:00:00,56.792123269344586
2024-03-07 19:00:00,55.83843166005456
2024-03-07 20:00:00,57.55252164047759
2024-03-07 21:00:00,64.98575918422205
2024-03-07 22:00:00,25.338122028904998
2024-03-07 23:00:00,26.023864728587778
2024-03-08 00:00:00,29.138883585563995
2024-03-08 01:00:00,27.16412544199369
2024-03-08 02:00:00,25.860576966075087
2024-03-08 03:00:00,25.31260052257997
2024-03-08 04:00:00,29.707777750839252
2024-03-08 05:00:00,25.399552753238634
2024-03-08 06:00:00,27.526715364140053
2024-03-08 07:00:00,28.802905300310098
2024-03-08 08:00:00,25.37770747679467
2024-03-08 09:00:00,67.08590758600499
2024-03-08 10:00:00,58.199545119042156
2024-03-08 11:00:00,63.85815956254661
2024-03-08 12:00:00,50.710497398434086
2024-03-08 13:00:00,68.2665221948258
2024-03-08 14:00:00,63.19212003290994
2024-03-08 15:00:00,45.53783144015159
2024-03-08 16:00:00,55.59273857965485
2024-03-08 17:00:00,71.81291340224328
2024-03-08 18:00:00,56.57999696792581
2024-03-08 19:00:00,62.209998746798476
2024-03-08 20:00:00,59.83364187143601
2024-03-08 21:00:00,63.19207985425565
2024-03-08 22:00:00,29.681308499065793
2024-03-08 23:00:00,28.976259535558057
2024-03-09 00:00:00,29.2650077110926
2024-03-09 01:00:00,25.460330353298424
2024-03-09 02:00:00,29.08831260222541
2024-03-09 03:00:00,26.84152151382701
2024-03-09 04:00:00,26.793401984835796
2024-03-09 05:00:00,27.56924446031934
2024-03-09 06:00:00,29.321784607188143
2024-03-09 07:00:00,27.928172652167667
2024-03-09 08:00:00,26.518968742094074
2024-03-09 09:00:00,60.455960849486985
2024-03-09 10:00:00,57.87541957107834
2024-03-09 11:00:00,67.25745472269156
2024-03-09 12:00:00,59.50666654332532
2024-03-09 13:00:00,68.65331010692121
2024-03-09 14:00:00,50.00837195760603
2024-03-09 15:00:00,61.02712078730703
2024-03-09 16:00:00,56.388921863856034
2024-03-09 17:00:00,50.92510983265707
2024-03-09 18:00:00,50.42423048402226
2024-03-09 19:00:00,65.08410072314908
2024-03-09 20:00:00,60.775092853630014
2024-03-09 21:00:00,79.54648819949315
2024-03-09 22:00:00,26.777577858606904
2024-03-09 23:00:00,25.833236378467088
2024-03-10 00:00:00,28.12579565821317
2024-03-10 01:00:00,29.184190544755893
2024-03-10 02:00:00,26.247987471096863
2024-03-10 03:00:00,26.173362477588903
2024-03-10 04:00:00,26.94246764003166
2024-03-10 05:00:00,26.02851812154429
2024-03-10 06:00:00,25.491195631001553
2024-03-10 07:00:00,26.942777653503263
2024-03-10 08:00:00,25.660485671311584
2024-03-10 09:00:00,68.35685518083841
2024-03-10 10:00:00,63.47156468848404
2024-03-10 11:00:00,62.89448470584044
2024-03-10 12:00:00,62.826652732898935
2024-03-10 13:00:00,59.04811544678149
2024-03-10 14:00:00,55.24261139702025
2024-03-10 15:00:00,67.4270569067806
2024-03-10 16:00:00,56.27472008028005
2024-03-10 17:00:00,59.8911532136425
2024-03-10 18:00:00,55.727449749618
2024-03-10 19:00:00,50.5215378304159
2024-03-10 20:00:00,63.861358769950044
2024-03-10 21:00:00,58.660045860195126
2024-03-10 22:00:00,26.5005784843129
2024-03-10 23:00:00,27.763656973332143
2024-03-11 00:00:00,29.541210000438873
2024-03-11 01:00:00,29.977207983213177
2024-03-11 02:00:00,27.699836759562302
2024-03-11 03:00:00,25.635629535416122
2024-03-11 04:00:00,28.709074051055325
2024-03-11 05:00:00,28.956595825184436
2024-03-11 06:00:00,26.151827134444822
2024-03-11 07:00:00,27.539381303318223
2024-03-11 08:00:00,29.508067373500836
2024-03-11 09:00:00,54.464016308915774
2024-03-11 10:00:00,59.272012901224265
2024-03-11 11:00:00,57.04541364386569
2024-03-11 12:00:00,67.37265121101603
2024-03-11 13:00:00,55.704278425230726
2024-03-11 14:00:00,60.96443275746411
2024-03-11 15:00:00,53.87257461478838
2024-03-11 16:00:00,47.17106033362729
2024-03-11 17:00:00,54.669346372329365
2024-03-11 18:00:00,66.40243274306926
2024-03-11 19:00:00,58.45109447499341
2024-03-11 20:00:00,64.86865753670679
2024-03-11 21:00:00,65.50007843690798
2024-03-11 22:00:00,28.29334956230489
2024-03-11 23:00:00,25.594699613042426
2024-03-12 00:00:00,27.474450452379596
2024-03-12 01:00:00,29.714298196917127
2024-03-12 02:00:00,29.920738917595035
2024-03-12 03:00:00,27.41976459120169
2024-03-12 04:00:00,28.382820653697305
2024-03-12 05:00:00,29.185514074414886
2024-03-12 06:00:00,28.9415170552458
2024-03-12 07:00:00,25.513681340906405
2024-03-12 08:00:00,28.98391865820162
2024-03-12 09:00:00,71.12012355045975
2024-03-12 10:00:00,70.74729646029469
2024-03-12 11:00:00,58.760018603031845
2024-03-12 12:00:00,61.206921779033735
2024-03-12 13:00:00,47.7072085647097
2024-03-12 14:00:00,71.03305990061877
2024-03-12 15:00:00,70.54381473036646
2024-03-12 16:00:00,68.09423410925852
2024-03-12 17:00:00,68.57493115862428
2024-03-12 18:00:00,56.148924934830276
2024-03-12 19:00:00,57.824824506211314
2024-03-12 20:00:00,54.70212893927535
2024-03-12 21:00:00,66.35607992410226
2024-03-12 22:00:00,27.63699233736668
2024-03-12 23:00:00,29.091935590411538
2024-03-13 00:00:00,29.162999059332382
2024-03-13 01:00:00,27.893210941341568
2024-03-13 02:00:00,29.38341639691572
2024-03-13 03:00:00,27.571820091810196
2024-03-13 04:00:00,29.556968987964602
2024-03-13 05:00:00,29.16312696996144
2024-03-13 06:00:00,29.901528345704037
2024-03-13 07:00:00,27.26842694991644
2024-03-13 08:00:00,28.259558625691177
2024-03-13 09:00:00,67.6829976556586
2024-03-13 10:00:00,60.284950455362306
2024-03-13 11:00:00,68.45420920259724
2024-03-13 12:00:00,71.10401979923132
2024-03-13 13:00:00,56.58136279324069
2024-03-13 14:00:00,67.66243802606766
2024-03-13 15:00:00,70.6957562320712
2024-03-13 16:00:00,65.05437978064789
2024-03-13 17:00:00,65.24294759735943
2024-03-13 18:00:00,51.23089313436778
2024-03-13 19:00:00,54.9607699735046
2024-03-13 20:00:00,61.56245185271182
2024-03-13 21:00:00,63.1353100308058
2024-03-13 22:00:00,25.004405254675653
2024-03-13 23:00:00,25.19471613361675
2024-03-14 00:00:00,25.985022455660538
2024-03-14 01:00:00,28.1896528178897
2024-03-14 02:00:00,29.316139474327663
2024-03-14 03:00:00,29.793787320274333
2024-03-14 04:00:00,28.63677905325369
2024-03-14 05:00:00,26.816813380974356
2024-03-14 06:00:00,28.99768021877147
2024-03-14 07:00:00,27.78793114058704
2024-03-14 08:00:00,26.73446249577775
2024-03-14 09:00:00,73.0843670902481
2024-03-14 10:00:00,63.16847616913798
2024-03-14 11:00:00,53.40712551150429
2024-03-14 12:00:00,65.03882304145642
2024-03-14 13:00:00,48.69364915568575
2024-03-14 14:00:00,56.4249336451933
2024-03-14 15:00:00,64.30647982380376
2024-03-14 16:00:00,67.32396516719746
2024-03-14 17:00:00,57.22526424434468
2024-03-14 18:00:00,72.62761389206582
2024-03-14 19:00:00,59.88267373264699
2024-03-14 20:00:00,74.76052866993305
2024-03-14 21:00:00,63.366529989272806
2024-03-14 22:00:00,27.425869009464844
2024-03-14 23:00:00,25.564967082054558
2024-03-15 00:00:00,26.704872875808377
2024-03-15 01:00:00,29.90877685792844
2024-03-15 02:00:00,26.775282586327826
2024-03-15 03:00:00,25.052453544971367
2024-03-15 04:00:00,27.69942562996483
2024-03-15 05:00:00,28.390643298736194
2024-03-15 06:00:00,26.556125651192495
2024-03-15 07:00:00,26.559310983285158
2024-03-15 08:00:00,29.803094318541056
2024-03-15 09:00:00,57.46557793546242
2024-03-15 10:00:00,58.20609121708646
2024-03-15 11:00:00,71.08758186527527
2024-03-15 12:00:00,52.52365149543345
2024-03-15 13:00:00,75.23639150641341
2024-03-15 14:00:00,70.4481072880885
2024-03-15 15:00:00,64.8508242268817
2024-03-15 16:00:00,59.776650684486405
2024-03-15 17:00:00,59.24873686399113
2024-03-15 18:00:00,60.61785862312577
2024-03-15 19:00:00,69.01253906445854
2024-03-15 20:00:00,61.33122423004599
2024-03-15 21:00:00,64.19967776740714
2024-03-15 22:00:00,29.948107676740797
2024-03-15 23:00:00,29.563879692650428
2024-03-16 00:00:00,26.444753224082383
2024-03-16 01:00:00,28.330214068506184
2024-03-16 02:00:00,28.48455387846309
2024-03-16 03:00:00,27.614515528941432
2024-03-16 04:00:00,27.554636169856472
2024-03-16 05:00:00,25.296563147878594
2024-03-16 06:00:00,28.58458182516151
2024-03-16 07:00:00,26.75326395346331
2024-03-16 08:00:00,28.53599038916796
2024-03-16 09:00:00,60.50540677020234
2024-03-16 10:00:00,55.40186388578081
2024-03-16 11:00:00,65.35174344762258
2024-03-16 12:00:00,67.5805110483436
2024-03-16 13:00:00,69.90907014964102
2024-03-16 14:00:00,50.01121443222519
2024-03-16 15:00:00,57.851868615011384
2024-03-16 16:00:00,60.0430523592998
2024-03-16 17:00:00,55.00012230473935
2024-03-16 18:00:00,60.68607272781666
2024-03-16 19:00:00,70.24354457026874
2024-03-16 20:00:00,50.40531996839141
2024-03-16 21:00:00,70.181124556035
2024-03-16 22:00:00,27.703985183569923
2024-03-16 23:00:00,27.9138803318365
2024-03-17 00:00:00,29.119557993316928
2024-03-17 01:00:00,27.921201104031226
2024-03-17 02:00:00,27.67709143920616
2024-03-17 03:00:00,25.197633150584323
2024-03-17 04:00:00,29.26132691255688
2024-03-17 05:00:00,28.801817646122757
2024-03-17 06:00:00,25.79178469881989
2024-03-17 07:00:00,25.611841849556605
2024-03-17 08:00:00,28.4833976877706
2024-03-17 09:00:00,59.09904604253367
2024-03-17 10:00:00,75.64721111421878
2024-03-17 11:00:00,62.924222367231685
2024-03-17 12:00:00,72.75899035353457
2024-03-17 13:00:00,66.46630162912277
2024-03-17 14:00:00,62.68211946629849
2024-03-17 15:00:00,56.13564010965343
2024-03-17 16:00:00,73.80029034368638
2024-03-17 17:00:00,57.47459517521001
2024-03-17 18:00:00,59.822830283155795
2024-03-17 19:00:00,56.00494462861863
2024-03-17 20:00:00,71.29321156410555
2024-03-17 21:00:00,62.329075316995066
2024-03-17 22:00:00,29.20967537272475
2024-03-17 23:00:00,27.41172862398195
2024-03-18 00:00:00,26.0495292627732
2024-03-18 01:00:00,28.726630328660544
2024-03-18 02:00:00,28.533378405207436
2024-03-18 03:00:00,28.45384641267234
2024-03-18 04:00:00,25.839138229102918
2024-03-18 05:00:00,26.11525025211409
2024-03-18 06:00:00,26.330734986145657
2024-03-18 07:00:00,27.158029275760512
2024-03-18 08:00:00,29.89526997375112
2024-03-18 09:00:00,61.9530619403205
2024-03-18 10:00:00,57.11806231810814
2024-03-18 11:00:00,66.36726516841883
2024-03-18 12:00:00,63.14544755667116
2024-03-18 13:00:00,61.93279988532825
2024-03-18 14:00:00,57.77553138914831
2024-03-18 15:00:00,60.275662444798556
2024-03-18 16:00:00,68.13001780047927
2024-03-18 17:00:00,50.484532690439075
2024-03-18 18:00:00,51.59362252282951
2024-03-18 19:00:00,51.80806535169984
2024-03-18 20:00:00,56.653905430878545
2024-03-18 21:00:00,58.577439527911366
2024-03-18 22:00:00,29.568857524798076
2024-03-18 23:00:00,29.082625867704675
2024-03-19 00:00:00,26.27099525708466
2024-03-19 01:00:00,26.056140593498828
2024-03-19 02:00:00,26.224402060254413
2024-03-19 03:00:00,27.958521050194275
2024-03-19 04:00:00,26.871906269399446
2024-03-19 05:00:00,28.64645644507539
2024-03-19 06:00:00,25.79833281060683
2024-03-19 07:00:00,25.89947776363127
2024-03-19 08:00:00,28.378501624762485
2024-03-19 09:00:00,54.22806135499591
2024-03-19 10:00:00,70.86143631862518
2024-03-19 11:00:00,53.000493420561625
2024-03-19 12:00:00,54.57918529826095
2024-03-19 13:00:00,71.4645243115854
2024-03-19 14:00:00,71.13086875621272
2024-03-19 15:00:00,52.364621323948334
2024-03-19 16:00:00,63.70186579519154
2024-03-19 17:00:00,57.74781400247435
2024-03-19 18:00:00,64.23424412697622
2024-03-19 19:00:00,55.74571213029682
2024-03-19 20:00:00,62.366051407125305
2024-03-19 21:00:00,60.700942662460506
2024-03-19 22:00:00,25.752567065288662
2024-03-19 23:00:00,26.563755296446878
2024-03-20 00:00:00,25.50568865714352
2024-03-20 01:00:00,27.739626508920708
2024-03-20 02:00:00,27.20515530600984
2024-03-20 03:00:00,27.283176722649504
2024-03-20 04:00:00,25.202865548013435
2024-03-20 05:00:00,26.949653077399905
2024-03-20 06:00:00,28.58683216224457
2024-03-20 07:00:00,29.18314253260754
2024-03-20 08:00:00,26.316749373241795
2024-03-20 09:00:00,67.02907354679817
2024-03-20 10:00:00,70.7191853408584
2024-03-20 11:00:00,71.31446346133514
2024-03-20 12:00:00,53.72246167816546
2024-03-20 13:00:00,45.30404306058519
2024-03-20 14:00:00,67.45586944472427
2024-03-20 15:00:00,62.13300664169969
2024-03-20 16:00:00,54.030498240380794
2024-03-20 17:00:00,66.91502747687943
2024-03-20 18:00:00,61.813066148737505
2024-03-20 19:00:00,56.08066669338008
2024-03-20 20:00:00,65.22802329343787
2024-03-20 21:00:00,65.08296391605883
2024-03-20 22:00:00,29.15725467270497
2024-03-20 23:00:00,29.295022679621827
2024-03-21 00:00:00,28.736710466846
2024-03-21 01:00:00,29.72872962899918
2024-03-21 02:00:00,27.303379200812877
2024-03-21 03:00:00,28.539879982890543
2024-03-21 04:00:00,26.414120335240828
2024-03-21 05:00:00,29.867934466031784
2024-03-21 06:00:00,28.09716782535175
2024-03-21 07:00:00,27.003706418559506
2024-03-21 08:00:00,27.26619968330254
2024-03-21 09:00:00,61.251381118356335
2024-03-21 10:00:00,69.5268446047083
2024-03-21 11:00:00,64.87439938189192
2024-03-21 12:00:00,58.47361693369322
2024-03-21 13:00:00,52.94504867137973
2024-03-21 14:00:00,68.00370524139217
2024-03-21 15:00:00,53.901050976916665
2024-03-21 16:00:00,59.00154443280619
2024-03-21 17:00:00,61.707255691500364
2024-03-21 18:00:00,69.49536083797443
2024-03-21 19:00:00,65.77013172942509
2024-03-21 20:00:00,53.1078426918769
2024-03-21 21:00:00,72.50905857713022
2024-03-21 22:00:00,27.868142715990423
2024-03-21 23:00:00,25.355799283811482
2024-03-22 00:00:00,25.35535312219378
2024-03-22 01:00:00,29.40995435740492
2024-03-22 02:00:00,27.89871924961287
2024-03-22 03:00:00,28.33937200336916
2024-03-22 04:00:00,29.201831429006482
2024-03-22 05:00:00,26.138962235484556
2024-03-22 06:00:00,28.404787230107722
2024-03-22 07:00:00,29.81447205848751
2024-03-22 08:00:00,27.306553587032703
2024-03-22 09:00:00,59.018126174888444
2024-03-22 10:00:00,62.33359131938603
2024-03-22 11:00:00,69.43702477254915
2024-03-22 12:00:00,52.149052554091
2024-03-22 13:00:00,60.23385733797936
2024-03-22 14:00:00,65.70984444716171
2024-03-22 15:00:00,64.61239661334625
2024-03-22 16:00:00,56.00135757159251
2024-03-22 17:00:00,57.38235640370428
2024-03-22 18:00:00,64.02673959613006
2024-03-22 19:00:00,62.66740655064104
2024-03-22 20:00:00,58.92054370337189
2024-03-22 21:00:00,52.808609318536796
2024-03-22 22:00:00,26.427124559602227
2024-03-22 23:00:00,25.265538680476244
2024-03-23 00:00:00,28.042264416573666
2024-03-23 01:00:00,25.52420889131856
2024-03-23 02:00:00,29.441168741049072
2024-03-23 03:00:00,27.058475260145674
2024-03-23 04:00:00,29.141907832128673
2024-03-23 05:00:00,27.687503366286748
2024-03-23 06:00:00,29.486751928042764
2024-03-23 07:00:00,29.075686525974554
2024-03-23 08:00:00,28.22584844629623
2024-03-23 09:00:00,53.99596867619989
2024-03-23 10:00:00,61.81616645035503
2024-03-23 11:00:00,56.41234773770264
2024-03-23 12:00:00,51.47287927200745
2024-03-23 13:00:00,64.89138860366465
2024-03-23 14:00:00,74.89576423333936
2024-03-23 15:00:00,59.086237884692125
2024-03-23 16:00:00,62.56095947573478
2024-03-23 17:00:00,54.92008780904566
2024-03-23 18:00:00,49.89771833004014
2024-03-23 19:00:00,52.485295543923414
2024-03-23 20:00:00,58.48005654985704
2024-03-23 21:00:00,76.03514365759017
2024-03-23 22:00:00,29.264387230640253
2024-03-23 23:00:00,27.116472774769967
2024-03-24 00:00:00,26.772486191582544
2024-03-24 01:00:00,27.399108044537066
2024-03-24 02:00:00,26.078670861581237
2024-03-24 03:00:00,26.777391475151667
2024-03-24 04:00:00,25.421792454991675
2024-03-24 05:00:00,28.905908656949006
2024-03-24 06:00:00,26.24717097115806
2024-03-24 07:00:00,29.83470043036123
2024-03-24 08:00:00,28.910931075736755
2024-03-24 09:00:00,51.56901785136469
2024-03-24 10:00:00,60.80218333070753
2024-03-24 11:00:00,73.04292524095433
2024-03-24 12:00:00,67.51669339361555
2024-03-24 13:00:00,66.154817231284
2024-03-24 14:00:00,70.04303510888073
2024-03-24 15:00:00,46.16368582239697
2024-03-24 16:00:00,65.19407198801453
2024-03-24 17:00:00,56.54139609274041
2024-03-24 18:00:00,53.28275999906788
2024-03-24 19:00:00,67.4965179089241
2024-03-24 20:00:00,54.847145476067084
2024-03-24 21:00:00,66.49257972238736
2024-03-24 22:00:00,28.760718491932963
2024-03-24 23:00:00,27.238236630675566
2024-03-25 00:00:00,27.30360997804536
2024-03-25 01:00:00,28.30849022413093
2024-03-25 02:00:00,27.667434746441046
2024-03-25 03:00:00,28.77694926756945
2024-03-25 04:00:00,27.053949233619655
2024-03-25 05:00:00,29.049563145827626
2024-03-25 06:00:00,28.590597438871757
2024-03-25 07:00:00,27.500843245316617
2024-03-25 08:00:00,29.48324151532529
2024-03-25 09:00:00,53.50018040714393
2024-03-25 10:00:00,65.48652965883778
2024-03-25 11:00:00,56.953356187007145
2024-03-25 12:00:00,56.27113854973476
2024-03-25 13:00:00,65.28098662841187
2024-03-25 14:00:00,61.11150917832944
2024-03-25 15:00:00,50.85646825196572
2024-03-25 16:00:00,62.942617002231785
2024-03-25 17:00:00,63.74150038879684
2024-03-25 18:00:00,58.81888968793632
2024-03-25 19:00:00,59.00176318210597
2024-03-25 20:00:00,77.16142262703445
2024-03-25 21:00:00,52.10154773895897
2024-03-25 22:00:00,29.2438011955699
2024-03-25 23:00:00,26.01647974390192
2024-03-26 00:00:00,28.36257097112742
2024-03-26 01:00:00,29.843650279187344
2024-03-26 02:00:00,26.783252061932842
2024-03-26 03:00:00,27.332589156609593
2024-03-26 04:00:00,26.109474261527318
2024-03-26 05:00:00,25.006130313642124
2024-03-26 06:00:00,28.894190056704005
2024-03-26 07:00:00,29.958256043502445
2024-03-26 08:00:00,29.021059341284193
2024-03-26 09:00:00,60.711210519191205
2024-03-26 10:00:00,77.79755655681878
2024-03-26 11:00:00,67.49456259369185
2024-03-26 12:00:00,71.21668833603195
2024-03-26 13:00:00,71.2253286137419
2024-03-26 14:00:00,56.25110959618753
2024-03-26 15:00:00,62.63403169463746
2024-03-26 16:00:00,61.07286313849872
2024-03-26 17:00:00,77.0071098828615
2024-03-26 18:00:00,47.24681525281673
2024-03-26 19:00:00,75.42537485223988
2024-03-26 20:00:00,77.89081261374602
2024-03-26 21:00:00,68.02933611043989
2024-03-26 22:00:00,28.859369401599235
2024-03-26 23:00:00,28.83874657639255
2024-03-27 00:00:00,27.180465651322173
2024-03-27 01:00:00,29.921922802380816
2024-03-27 02:00:00,27.54718314216013
2024-03-27 03:00:00,28.865078417330132
2024-03-27 04:00:00,25.004085643491617
2024-03-27 05:00:00,29.624204811808397
2024-03-27 06:00:00,26.815232253462284
2024-03-27 07:00:00,27.79754770641507
2024-03-27 08:00:00,29.582832141438008
2024-03-27 09:00:00,58.94627675617637
2024-03-27 10:00:00,65.4341603947693
2024-03-27 11:00:00,71.72158518714741
2024-03-27 12:00:00,68.62185949381828
2024-03-27 13:00:00,58.96804580537425
2024-03-27 14:00:00,45.6615788068318
2024-03-27 15:00:00,67.71589283730327
2024-03-27 16:00:00,68.79131649532862
2024-03-27 17:00:00,64.69055841862439
2024-03-27 18:00:00,62.366827155079676
2024-03-27 19:00:00,63.102983276185945
2024-03-27 20:00:00,64.29041178699717
2024-03-27 21:00:00,61.34432152860789
2024-03-27 22:00:00,28.610811220588513
2024-03-27 23:00:00,27.08188256360817
2024-03-28 00:00:00,26.655141114359044
2024-03-28 01:00:00,26.15239021461779
2024-03-28 02:00:00,28.766145004649804
2024-03-28 03:00:00,26.602690494909798
2024-03-28 04:00:00,25.554612122284475
2024-03-28 05:00:00,27.288923347945225
2024-03-28 06:00:00,29.99614890794825
2024-03-28 07:00:00,29.33272829541157
2024-03-28 08:00:00,26.444763097197836
2024-03-28 09:00:00,76.0493446257945
2024-03-28 10:00:00,62.117495564008536
2024-03-28 11:00:00,79.12122757771465
2024-03-28 12:00:00,56.61518447286085
2024-03-28 13:00:00,53.33279240462821
2024-03-28 14:00:00,78.9105690320377
2024-03-28 15:00:00,69.6530511450088
2024-03-28 16:00:00,58.33041701595304
2024-03-28 17:00:00,56.67825146855965
2024-03-28 18:00:00,55.33835327612554
2024-03-28 19:00:00,53.68309450682554
2024-03-28 20:00:00,62.20572754337679
2024-03-28 21:00:00,49.878308507683926
2024-03-28 22:00:00,25.875207260794486
2024-03-28 23:00:00,28.62658648881945
2024-03-29 00:00:00,28.740293646642307
2024-03-29 01:00:00,29.846641837799403
2024-03-29 02:00:00,25.41258206477358
2024-03-29 03:00:00,26.932715818255918
2024-03-29 04:00:00,26.334082085057663
2024-03-29 05:00:00,27.96207280093583
2024-03-29 06:00:00,28.428688952069578
2024-03-29 07:00:00,29.38997418332164
2024-03-29 08:00:00,28.90142484783464
2024-03-29 09:00:00,54.00937421145998
2024-03-29 10:00:00,75.48327966019951
2024-03-29 11:00:00,60.74651756362736
2024-03-29 12:00:00,61.69189340976848
2024-03-29 13:00:00,78.16376615233159
2024-03-29 14:00:00,61.93592177949463
2024-03-29 15:00:00,58.8539428547972
2024-03-29 16:00:00,53.35729582056037
2024-03-29 17:00:00,64.65181041916405
2024-03-29 18:00:00,77.81447722013179
2024-03-29 19:00:00,49.01995859861469
2024-03-29 20:00:00,62.48525162788467
2024-03-29 21:00:00,53.96664056224044
2024-03-29 22:00:00,29.577776641814502
2024-03-29 23:00:00,27.812278023525312
2024-03-30 00:00:00,29.91636153000008
2024-03-30 01:00:00,25.942960877053636
2024-03-30 02:00:00,25.870677235906065
2024-03-30 03:00:00,28.553495471537136
2024-03-30 04:00:00,29.022909335589468
2024-03-30 05:00:00,26.084800298012702
2024-03-30 06:00:00,26.37635294180471
2024-03-30 07:00:00,28.482406246525787
2024-03-30 08:00:00,27.44678472010792
2024-03-30 09:00:00,65.66090182456242
2024-03-30 10:00:00,68.31676985469039
2024-03-30 11:00:00,68.83643131331596
2024-03-30 12:00:00,66.56822201627182
2024-03-30 13:00:00,67.41138753831419
2024-03-30 14:00:00,68.17231537637312
2024-03-30 15:00:00,59.45716034495325
2024-03-30 16:00:00,60.1706070139433
2024-03-30 17:00:00,75.29211179018104
2024-03-30 18:00:00,54.53928447701307
2024-03-30 19:00:00,49.582981833583816
2024-03-30 20:00:00,66.71528573019742
2024-03-30 21:00:00,63.45932971958919
2024-03-30 22:00:00,28.98989635642654
2024-03-30 23:00:00,26.58074063211591
2024-03-31 00:00:00,26.730704026200918
2024-03-31 01:00:00,28.544858700408852
2024-03-31 02:00:00,29.341402273631225
2024-03-31 03:00:00,25.74019225479961
2024-03-31 04:00:00,29.62192761578918
2024-03-31 05:00:00,28.796792340306467
2024-03-31 06:00:00,25.50872109665511
2024-03-31 07:00:00,25.58250432330482
2024-03-31 08:00:00,26.842138567228762
2024-03-31 09:00:00,56.47653314305846
2024-03-31 10:00:00,53.672570391942166
2024-03-31 11:00:00,63.4941478117396
2024-03-31 12:00:00,63.31626416687466
2024-03-31 13:00:00,56.010286138362105
2024-03-31 14:00:00,53.35054491969808
2024-03-31 15:00:00,51.09788578238722
2024-03-31 16:00:00,65.73249018150204
2024-03-31 17:00:00,73.98888904116868
2024-03-31 18:00:00,47.77743707435192
2024-03-31 19:00:00,69.10510796359627
2024-03-31 20:00:00,74.90310159759012
2024-03-31 21:00:00,58.470580365316096
2024-03-31 22:00:00,28.831742669542624
2024-03-31 23:00:00,26.93858941240371
2024-04-01 00:00:00,27.394034231126373
2024-04-01 01:00:00,25.056085546893204
2024-04-01 02:00:00,26.326047764331467
2024-04-01 03:00:00,25.364107953355845
2024-04-01 04:00:00,28.25473314509256
2024-04-01 05:00:00,29.617204128387527
2024-04-01 06:00:00,25.491410246010826
2024-04-01 07:00:00,29.559932867593425
2024-04-01 08:00:00,26.75845360573156
2024-04-01 09:00:00,46.32410812545277
2024-04-01 10:00:00,77.72045108973992
2024-04-01 11:00:00,54.066722264149
2024-04-01 12:00:00,63.65604207778968
2024-04-01 13:00:00,71.19077042586704
2024-04-01 14:00:00,59.98286819989712
2024-04-01 15:00:00,52.83443351410822
2024-04-01 16:00:00,54.45668350326906
2024-04-01 17:00:00,59.72527562217478
2024-04-01 18:00:00,59.527291422167366
2024-04-01 19:00:00,66.9363718632072
2024-04-01 20:00:00,59.5679731436263
2024-04-01 21:00:00,59.196172429410254
2024-04-01 22:00:00,26.517120177540242
2024-04-01 23:00:00,27.81464488428531
2024-04-02 00:00:00,27.04877904614257
2024-04-02 01:00:00,28.60073234539395
2024-04-02 02:00:00,27.736249545706514
2024-04-02 03:00:00,25.148654112015212
2024-04-02 04:00:00,27.55587603215122
2024-04-02 05:00:00,29.143865620891745
2024-04-02 06:00:00,25.830080828353413
2024-04-02 07:00:00,26.76247393453155
2024-04-02 08:00:00,26.74071908765784
2024-04-02 09:00:00,70.97861597847466
2024-04-02 10:00:00,50.33434977375531
2024-04-02 11:00:00,59.020196705866425
2024-04-02 12:00:00,74.26695687354862
2024-04-02 13:00:00,64.56155356068062
2024-04-02 14:00:00,57.33242740518644
2024-04-02 15:00:00,59.13835261791372
2024-04-02 16:00:00,58.235710663570856
2024-04-02 17:00:00,59.079502515036346
2024-04-02 18:00:00,59.83538809034049
2024-04-02 19:00:00,64.3985227388838
2024-04-02 20:00:00,65.05185986705519
2024-04-02 21:00:00,58.959955189956695
2024-04-02 22:00:00,27.955169708491503
2024-04-02 23:00:00,28.581413524041054
2024-04-03 00:00:00,27.81580242748699
2024-04-03 01:00:00,28.009810015504506
2024-04-03 02:00:00,26.13961835082612
2024-04-03 03:00:00,27.099637531111966
2024-04-03 04:00:00,27.861509598311006
2024-04-03 05:00:00,25.06378383605507
2024-04-03 06:00:00,26.010367736109444
2024-04-03 07:00:00,25.308943984545234
2024-04-03 08:00:00,27.439445717116428
2024-04-03 09:00:00,63.69761344800948
2024-04-03 10:00:00,52.05075299523597
2024-04-03 11:00:00,67.03933719759365
2024-04-03 12:00:00,64.41532897343475
2024-04-03 13:00:00,57.24097958100463
2024-04-03 14:00:00,75.6584294709944
2024-04-03 15:00:00,60.283705754322284
2024-04-03 16:00:00,50.320301019109976
2024-04-03 17:00:00,69.14598476713536
2024-04-03 18:00:00,54.61646134702676
2024-04-03 19:00:00,59.7424968867941
2024-04-03 20:00:00,55.1389992613982
2024-04-03 21:00:00,55.19667675526867
2024-04-03 22:00:00,28.21832865328833
2024-04-03 23:00:00,25.315895942536685
2024-04-04 00:00:00,26.662268513075844
2024-04-04 01:00:00,29.5972339158215
2024-04-04 02:00:00,25.71786030711127
2024-04-04 03:00:00,28.51498615735511
2024-04-04 04:00:00,27.189855473682705
2024-04-04 05:00:00,26.201616611397863
2024-04-04 06:00:00,26.84597383177877
2024-04-04 07:00:00,27.709977529552184
2024-04-04 08:00:00,27.288564237462793
2024-04-04 09:00:00,62.01278267158211
2024-04-04 10:00:00,71.80488727602543
2024-04-04 11:00:00,57.6776881583681
2024-04-04 12:00:00,69.5572452336987
2024-04-04 13:00:00,70.29548992241712
2024-04-04 14:00:00,51.37943921498011
2024-04-04 15:00:00,62.08502965944924
2024-04-04 16:00:00,65.87641032296577
2024-04-04 17:00:00,59.134410805968386
2024-04-04 18:00:00,71.08333914831792
2024-04-04 19:00:00,63.301828687300926
2024-04-04 20:00:00,66.5488304692324
2024-04-04 21:00:00,51.70984595889473
2024-04-04 22:00:00,29.8176430085809
2024-04-04 23:00:00,28.96175584925254
2024-04-05 00:00:00,29.053449092783865
2024-04-05 01:00:00,27.840154274876305
2024-04-05 02:00:00,27.44753602429992
2024-04-05 03:00:00,25.275608093318557
2024-04-05 04:00:00,26.766408125100853
2024-04-05 05:00:00,29.46134861210837
2024-04-05 06:00:00,25.53407946764702
2024-04-05 07:00:00,26.987722549962484
2024-04-05 08:00:00,27.921637225405888
2024-04-05 09:00:00,49.67953182031425
2024-04-05 10:00:00,60.6934166673958
2024-04-05 11:00:00,65.57722278145022
2024-04-05 12:00:00,58.852604801824995
2024-04-05 13:00:00,63.72477181814656
2024-04-05 14:00:00,63.95707423001687
2024-04-05 15:00:00,67.32041779862533
2024-04-05 16:00:00,60.79941004953053
2024-04-05 17:00:00,59.63384621716913
2024-04-05 18:00:00,61.95790952283288
2024-04-05 19:00:00,64.72993597878312
2024-04-05 20:00:00,59.839792691292004
2024-04-05 21:00:00,65.8465845551354
2024-04-05 22:00:00,26.34707120708412
2024-04-05 23:00:00,29.494028250789768
2024-04-06 00:00:00,29.76648463543625
2024-04-06 01:00:00,27.923514366942534
2024-04-06 02:00:00,28.04969720530312
2024-04-06 03:00:00,26.682847838833528
2024-04-06 04:00:00,28.9721993443114
2024-04-06 05:00:00,26.654787712034395
2024-04-06 06:00:00,25.772230364495282
2024-04-06 07:00:00,27.31954107162786
2024-04-06 08:00:00,26.965991944883093
2024-04-06 09:00:00,60.40706383503574
2024-04-06 10:00:00,47.24023106193033
2024-04-06 11:00:00,58.58706567702852
2024-04-06 12:00:00,70.8491577505369
2024-04-06 13:00:00,54.27728258016023
2024-04-06 14:00:00,61.31847070492567
2024-04-06 15:00:00,56.928929400761135
2024-04-06 16:00:00,60.760357400377224
2024-04-06 17:00:00,60.004574347413026
2024-04-06 18:00:00,59.705546847959546
2024-04-06 19:00:00,50.5601689251834
2024-04-06 20:00:00,67.4818501947551
2024-04-06 21:00:00,61.33770879908778
2024-04-06 22:00:00,27.96088234548798
2024-04-06 23:00:00,29.715852751641982
2024-04-07 00:00:00,28.228989902467504
2024-04-07 01:00:00,28.513443850553838
2024-04-07 02:00:00,25.482227228139326
2024-04-07 03:00:00,27.68542309112893
2024-04-07 04:00:00,25.086570365169553
2024-04-07 05:00:00,27.526882342387047
2024-04-07 06:00:00,29.153823820297077
2024-04-07 07:00:00,27.183645838136165
2024-04-07 08:00:00,25.065696306246394
2024-04-07 09:00:00,54.83308702581928
2024-04-07 10:00:00,70.5956488551448
2024-04-07 11:00:00,63.73241691792206
2024-04-07 12:00:00,67.52263068125043
2024-04-07 13:00:00,62.0912696077213
2024-04-07 14:00:00,63.97056599112966
2024-04-07 15:00:00,59.467421220262295
2024-04-07 16:00:00,67.03689434069534
2024-04-07 17:00:00,69.32043630959728
2024-04-07 18:00:00,66.00666863330518
2024-04-07 19:00:00,64.11000671658226
2024-04-07 20:00:00,55.790040644704334
2024-04-07 21:00:00,55.91519022901451
2024-04-07 22:00:00,25.32796960794002
2024-04-07 23:00:00,27.132638653338454
2024-04-08 00:00:00,27.792982259524596
2024-04-08 01:00:00,25.41746449056094
2024-04-08 02:00:00,28.677408064922346
2024-04-08 03:00:00,28.51742047720362
2024-04-08 04:00:00,25.83742974704329
2024-04-08 05:00:00,26.41225924760773
2024-04-08 06:00:00,29.99981651597337
2024-04-08 07:00:00,29.51535655508335
2024-04-08 08:00:00,28.65503190701528
2024-04-08 09:00:00,65.87869776293475
2024-04-08 10:00:00,57.71417465427534
2024-04-08 11:00:00,54.34336374321663
2024-04-08 12:00:00,64.68476491129046
2024-04-08 13:00:00,56.71495962532694
2024-04-08 14:00:00,64.8098939303328
2024-04-08 15:00:00,66.09327630196395
2024-04-08 16:00:00,68.90639712643427
2024-04-08 17:00:00,54.49749527189442
2024-04-08 18:00:00,65.81402321417269
2024-04-08 19:00:00,69.82632050664805
2024-04-08 20:00:00,61.27024359288228
2024-04-08 21:00:00,70.99415223495025
2024-04-08 22:00:00,25.257746323386606
2024-04-08 23:00:00,29.932415944847303
2024-04-09 00:00:00,27.13456431345734
2024-04-09 01:00:00,29.627813339186297
2024-04-09 02:00:00,25.307291056410953
2024-04-09 03:00:00,26.45456633805709
2024-04-09 04:00:00,27.68724883764545
2024-04-09 05:00:00,25.394174849859244
2024-04-09 06:00:00,29.81775937369641
2024-04-09 07:00:00,26.967444768900307
2024-04-09 08:00:00,25.198214990848616
2024-04-09 09:00:00,64.90108865040635
2024-04-09 10:00:00,73.14023552748705
2024-04-09 11:00:00,49.55084543876018
2024-04-09 12:00:00,64.47195536731857
2024-04-09 13:00:00,53.057506535979144
2024-04-09 14:00:00,50.653939951001206
2024-04-09 15:00:00,74.6033647124725
2024-04-09 16:00:00,68.54402519156307
2024-04-09 17:00:00,57.20040228711466
2024-04-09 18:00:00,55.6811193089884
2024-04-09 19:00:00,77.24400725646625
2024-04-09 20:00:00,45.93594782998889
2024-04-09 21:00:00,68.59326849488438
2024-04-09 22:00:00,25.90153794616755
2024-04-09 23:00:00,29.911896582288687
2024-04-10 00:00:00,25.563129208961612
2024-04-10 01:00:00,29.2746862017653
2024-04-10 02:00:00,27.209742322467257
2024-04-10 03:00:00,29.194515891255193
2024-04-10 04:00:00,29.8081245038693
2024-04-10 05:00:00,29.633736624079727
2024-04-10 06:00:00,29.243363062512234
2024-04-10 07:00:00,29.358260682669645
2024-04-10 08:00:00,28.117145738283
2024-04-10 09:00:00,76.74602931240436
2024-04-10 10:00:00,60.441960020574825
2024-04-10 11:00:00,58.99779595044717
2024-04-10 12:00:00,64.53379712313793
2024-04-10 13:00:00,51.56063836721557
2024-04-10 14:00:00,61.36414266611787
2024-04-10 15:00:00,66.9902274603946
2024-04-10 16:00:00,51.1511704411172
2024-04-10 17:00:00,47.33200974953163
2024-04-10 18:00:00,60.99465355316312
2024-04-10 19:00:00,70.70880215390633
2024-04-10 20:00:00,56.58498090187124
2024-04-10 21:00:00,57.945456543951884
2024-04-10 22:00:00,26.239608108635267
2024-04-10 23:00:00,26.341651368403262
2024-04-11 00:00:00,27.04591801720074
2024-04-11 01:00:00,29.228341395297377
2024-04-11 02:00:00,25.2269379483713
2024-04-11 03:00:00,25.941791909466776
2024-04-11 04:00:00,25.045748151556516
2024-04-11 05:00:00,28.560859744922396
2024-04-11 06:00:00,29.048912038936496
2024-04-11 07:00:00,29.661620058026003
2024-04-11 08:00:00,28.04895116863392
2024-04-11 09:00:00,55.35898858918915
2024-04-11 10:00:00,61.2184628801608
2024-04-11 11:00:00,67.40287032282461
2024-04-11 12:00:00,48.21942845058754
2024-04-11 13:00:00,58.593594036751156
2024-04-11 14:00:00,69.4591053595047
2024-04-11 15:00:00,62.5459778750935
2024-04-11 16:00:00,71.71916669737249
2024-04-11 17:00:00,61.07632055669831
2024-04-11 18:00:00,48.97342788440734
2024-04-11 19:00:00,53.75944685257413
2024-04-11 20:00:00,63.38351840533719
2024-04-11 21:00:00,66.29410743815777
2024-04-11 22:00:00,25.419030931192005
2024-04-11 23:00:00,28.676770151315637
2024-04-12 00:00:00,28.284052352070493
2024-04-12 01:00:00,28.96499625493865
2024-04-12 02:00:00,26.187554997376864
2024-04-12 03:00:00,25.939136500475474
2024-04-12 04:00:00,26.81486427461514
2024-04-12 05:00:00,28.95470828480034
2024-04-12 06:00:00,28.12157478739034
2024-04-12 07:00:00,29.102388434232058
2024-04-12 08:00:00,25.720981590192252
2024-04-12 09:00:00,63.3959935263534
2024-04-12 10:00:00,63.583831315091146
2024-04-12 11:00:00,62.46210530937675
2024-04-12 12:00:00,77.77439492697012
2024-04-12 13:00:00,62.225535921962546
2024-04-12 14:00:00,67.23532452255506
2024-04-12 15:00:00,61.15384665261068
2024-04-12 16:00:00,57.64343104766863
2024-04-12 17:00:00,51.658784174224415
2024-04-12 18:00:00,68.52052360098783
2024-04-12 19:00:00,47.19337633427747
2024-04-12 20:00:00,62.25895835383881
2024-04-12 21:00:00,73.31495504423295
2024-04-12 22:00:00,29.044495607729854
2024-04-12 23:00:00,25.701328922214163
2024-04-13 00:00:00,28.88110464300283
2024-04-13 01:00:00,27.73495147472557
2024-04-13 02:00:00,27.46672472405843
2024-04-13 03:00:00,28.949794341801024
2024-04-13 04:00:00,26.530905112579944
2024-04-13 05:00:00,29.03742698932216
2024-04-13 06:00:00,26.95098039083098
2024-04-13 07:00:00,26.441688448231595
2024-04-13 08:00:00,28.597508991738916
2024-04-13 09:00:00,64.02165672050995
2024-04-13 10:00:00,60.826474193007016
2024-04-13 11:00:00,61.323090180023385
2024-04-13 12:00:00,51.9113105447595
2024-04-13 13:00:00,64.75728043807584
2024-04-13 14:00:00,65.3420950350297
2024-04-13 15:00:00,60.18480452740587
2024-04-13 16:00:00,60.09823638267173
2024-04-13 17:00:00,46.61028846946736
2024-04-13 18:00:00,59.519216142608244
2024-04-13 19:00:00,59.14595775361667
2024-04-13 20:00:00,67.465935369562
2024-04-13 21:00:00,53.616516937987285
2024-04-13 22:00:00,27.054404695709636
2024-04-13 23:00:00,26.829130075160307
2024-04-14 00:00:00,27.55338514370684
2024-04-14 01:00:00,27.56199070863491
2024-04-14 02:00:00,28.46116216905992
2024-04-14 03:00:00,25.73666113114008
2024-04-14 04:00:00,29.42587081946193
2024-04-14 05:00:00,27.72110318229288
2024-04-14 06:00:00,26.078192407472564
2024-04-14 07:00:00,25.6744077416775
2024-04-14 08:00:00,28.556794232393266
2024-04-14 09:00:00,61.728838662016315
2024-04-14 10:00:00,64.69784907890828
2024-04-14 11:00:00,79.82547580696013
2024-04-14 12:00:00,59.65012360291927
2024-04-14 13:00:00,61.70456450465889
2024-04-14 14:00:00,65.32616144069362
2024-04-14 15:00:00,64.62595893307329
2024-04-14 16:00:00,67.98111600733387
2024-04-14 17:00:00,61.73640124459669
2024-04-14 18:00:00,60.87376003512978
2024-04-14 19:00:00,55.00748167783948
2024-04-14 20:00:00,66.8244824022104
2024-04-14 21:00:00,56.273414432744886
2024-04-14 22:00:00,26.282186786403585
2024-04-14 23:00:00,26.06754662193759
2024-04-15 00:00:00,43.096393485587
2024-04-15 01:00:00,49.697617978635776
2024-04-15 02:00:00,44.42515487830693
2024-04-15 03:00:00,43.029405816786166
2024-04-15 04:00:00,58.491362309597385
2024-04-15 05:00:00,51.08157366491355
2024-04-15 06:00:00,48.84263392654364
2024-04-15 07:00:00,58.80199087109927
2024-04-15 08:00:00,78.74563583374835
2024-04-15 09:00:00,73.93741474926492
2024-04-15 10:00:00,86.18294856867107
2024-04-15 11:00:00,98.6164605730579
2024-04-15 12:00:00,70.2217399303724
2024-04-15 13:00:00,81.41774021612652
2024-04-15 14:00:00,84.76187166852833
2024-04-15 15:00:00,82.92921042169978
2024-04-15 16:00:00,90.70733320542121
2024-04-15 17:00:00,77.3614816874442
2024-04-15 18:00:00,70.57183981558575
2024-04-15 19:00:00,92.61141942278087
2024-04-15 20:00:00,82.38392038098631
2024-04-15 21:00:00,88.94649677786688
2024-04-15 22:00:00,100.67810309293831
2024-04-15 23:00:00,82.86713220900418
2024-04-16 00:00:00,55.04640699965515
2024-04-16 01:00:00,58.38130909076453
2024-04-16 02:00:00,48.84997433690705
2024-04-16 03:00:00,50.728257025079294
2024-04-16 04:00:00,48.15566463551407
2024-04-16 05:00:00,48.94777764709366
2024-04-16 06:00:00,45.83028609968296
2024-04-16 07:00:00,50.4027961267447
2024-04-16 08:00:00,99.93273237648668
2024-04-16 09:00:00,80.25857009153722
2024-04-16 10:00:00,90.57422217765719
2024-04-16 11:00:00,93.62092847975977
2024-04-16 12:00:00,91.566836401981
2024-04-16 13:00:00,99.8203481532034
2024-04-16 14:00:00,102.5763176630721
2024-04-16 15:00:00,76.63121693651368
2024-04-16 16:00:00,92.51846894036794
2024-04-16 17:00:00,93.3421946281388
2024-04-16 18:00:00,72.77810853848784
2024-04-16 19:00:00,89.62694515978504
2024-04-16 20:00:00,81.61030745897527
2024-04-16 21:00:00,72.78117577613492
2024-04-16 22:00:00,90.74476664146052
2024-04-16 23:00:00,91.6493897600993
2024-04-17 00:00:00,48.071787928611
2024-04-17 01:00:00,42.52849143590687
2024-04-17 02:00:00,52.55175477961007
2024-04-17 03:00:00,45.9740150798788
2024-04-17 04:00:00,52.24874371506648
2024-04-17 05:00:00,47.6301335784149
2024-04-17 06:00:00,52.28644470061154
2024-04-17 07:00:00,40.90352712925939
2024-04-17 08:00:00,77.94841161783152
2024-04-17 09:00:00,88.80013143319341
2024-04-17 10:00:00,84.27783843244968
2024-04-17 11:00:00,73.38229146617707
2024-04-17 12:00:00,83.9300726472752
2024-04-17 13:00:00,76.9662625600395
2024-04-17 14:00:00,75.85626562982569
2024-04-17 15:00:00,81.0777671912127
2024-04-17 16:00:00,95.89335851891255
2024-04-17 17:00:00,77.88889509335473
2024-04-17 18:00:00,100.26799773798595
2024-04-17 19:00:00,91.99119833774196
2024-04-17 20:00:00,75.30497819153678
2024-04-17 21:00:00,89.04380085644806
2024-04-17 22:00:00,78.11748880731565
2024-04-17 23:00:00,81.93138815027089
2024-04-18 00:00:00,56.00455317503487
2024-04-18 01:00:00,50.27710071093129
2024-04-18 02:00:00,46.55739511761841
2024-04-18 03:00:00,54.1728168414866
2024-04-18 04:00:00,52.6599446677826
2024-04-18 05:00:00,54.66107960222338
2024-04-18 06:00:00,54.82909550625931
2024-04-18 07:00:00,52.903441776679045
2024-04-18 08:00:00,69.62401161221406
2024-04-18 09:00:00,83.50718900037774
2024-04-18 10:00:00,89.64406040296171
2024-04-18 11:00:00,78.78007585928032
2024-04-18 12:00:00,72.93871565386456
2024-04-18 13:00:00,80.79786609686968
2024-04-18 14:00:00,87.00591572911497
2024-04-18 15:00:00,93.68178556101552
2024-04-18 16:00:00,96.9264167746039
2024-04-18 17:00:00,95.14999443956489
2024-04-18 18:00:00,87.79153505358912
2024-04-18 19:00:00,99.77638527525258
2024-04-18 20:00:00,81.8277023475168
2024-04-18 21:00:00,84.60186170256594
2024-04-18 22:00:00,81.08597742859192
2024-04-18 23:00:00,87.13253875768771
2024-04-19 00:00:00,53.988551392761565
2024-04-19 01:00:00,44.896673251582314
2024-04-19 02:00:00,47.70874810275027
2024-04-19 03:00:00,54.137087050340085
2024-04-19 04:00:00,42.405716201281386
2024-04-19 05:00:00,46.0177621447111
2024-04-19 06:00:00,43.21511107468952
2024-04-19 07:00:00,48.652473050870945
2024-04-19 08:00:00,100.72332503498711
2024-04-19 09:00:00,75.09642000324425
2024-04-19 10:00:00,75.337607544901
2024-04-19 11:00:00,92.98581996060464
2024-04-19 12:00:00,75.13997905370417
2024-04-19 13:00:00,73.17654257336144
2024-04-19 14:00:00,68.39026249351629
2024-04-19 15:00:00,79.59756016861448
2024-04-19 16:00:00,94.36457402042151
2024-04-19 17:00:00,76.57818249406697
2024-04-19 18:00:00,97.50356662010836
2024-04-19 19:00:00,97.18468284053492
2024-04-19 20:00:00,79.82218054596075
2024-04-19 21:00:00,77.94957341296292
2024-04-19 22:00:00,103.22110309443909
2024-04-19 23:00:00,88.4469590454583
2024-04-20 00:00:00,51.54032813900899
2024-04-20 01:00:00,50.57804021005654
2024-04-20 02:00:00,47.75965207711889
2024-04-20 03:00:00,44.0237918042572
2024-04-20 04:00:00,43.697131489984876
2024-04-20 05:00:00,54.23565090790469
2024-04-20 06:00:00,58.043004014853274
2024-04-20 07:00:00,42.65909932820349
2024-04-20 08:00:00,84.41550239025709
2024-04-20 09:00:00,89.8767677628423
2024-04-20 10:00:00,100.49207530376032
2024-04-20 11:00:00,69.1268701869911
2024-04-20 12:00:00,72.90319577128342
2024-04-20 13:00:00,102.92465367476478
2024-04-20 14:00:00,83.8408076501606
2024-04-20 15:00:00,70.74185521405172
2024-04-20 16:00:00,75.48478801153954
2024-04-20 17:00:00,75.90691193400517
2024-04-20 18:00:00,100.81947327251318
2024-04-20 19:00:00,81.99402941686338
2024-04-20 20:00:00,86.33758045921145
2024-04-20 21:00:00,87.99353304627604
2024-04-20 22:00:00,71.72318950884232
2024-04-20 23:00:00,72.31454076542423
2024-04-21 00:00:00,41.902382862423536
2024-04-21 01:00:00,57.47575230074321
2024-04-21 02:00:00,49.55936402093895
2024-04-21 03:00:00,49.23342609930798
2024-04-21 04:00:00,46.067778735323586
2024-04-21 05:00:00,52.287782314961404
2024-04-21 06:00:00,54.56914804925977
2024-04-21 07:00:00,50.341060346309
2024-04-21 08:00:00,84.34460309020511
2024-04-21 09:00:00,76.61298099532078
2024-04-21 10:00:00,81.00703008701619
2024-04-21 11:00:00,90.7591679505591
2024-04-21 12:00:00,92.1535528047456
2024-04-21 13:00:00,68.2415224080852
2024-04-21 14:00:00,80.86962865322468
2024-04-21 15:00:00,85.21789721498192
2024-04-21 16:00:00,94.45652048575211
2024-04-21 17:00:00,71.86052244600779
2024-04-21 18:00:00,94.62544792864537
2024-04-21 19:00:00,98.41089592746656
2024-04-21 20:00:00,96.02097719858924
2024-04-21 21:00:00,75.35331595110772
2024-04-21 22:00:00,86.80047069495703
2024-04-21 23:00:00,83.905483519374
2024-04-22 00:00:00,52.810690510033936
2024-04-22 01:00:00,47.20835845206996
2024-04-22 02:00:00,54.326592038053526
2024-04-22 03:00:00,56.521214449930866
2024-04-22 04:00:00,49.142970442084625
2024-04-22 05:00:00,53.17243391600939
2024-04-22 06:00:00,53.986402912018264
2024-04-22 07:00:00,48.822361876406916
2024-04-22 08:00:00,89.01583798262487
2024-04-22 09:00:00,90.9383345014041
2024-04-22 10:00:00,92.75881639601684
2024-04-22 11:00:00,98.51048491447285
2024-04-22 12:00:00,93.40575742660629
2024-04-22 13:00:00,85.52470903938384
2024-04-22 14:00:00,73.20946309109021
2024-04-22 15:00:00,71.38769814307419
2024-04-22 16:00:00,89.90650135356104
2024-04-22 17:00:00,75.51544120068853
2024-04-22 18:00:00,96.76691875633026
2024-04-22 19:00:00,76.06941277399444
2024-04-22 20:00:00,79.27638872912527
2024-04-22 21:00:00,68.48537469479913
2024-04-22 22:00:00,70.71722437894016
2024-04-22 23:00:00,83.24315804265186
2024-04-23 00:00:00,51.14537778397923
2024-04-23 01:00:00,53.55633269754466
2024-04-23 02:00:00,57.42260119093642
2024-04-23 03:00:00,60.82737108244485
2024-04-23 04:00:00,45.70019222657879
2024-04-23 05:00:00,47.467226266096446
2024-04-23 06:00:00,53.74125104077257
2024-04-23 07:00:00,49.26374976521181
2024-04-23 08:00:00,96.7011893881473
2024-04-23 09:00:00,93.32753182545888
2024-04-23 10:00:00,79.32988409916015
2024-04-23 11:00:00,80.03208360731975
2024-04-23 12:00:00,82.52851678796311
2024-04-23 13:00:00,80.67998172595406
2024-04-23 14:00:00,88.2754567806127
2024-04-23 15:00:00,83.30215899014905
2024-04-23 16:00:00,94.0879635349366
2024-04-23 17:00:00,90.20709698659117
2024-04-23 18:00:00,90.49683188235258
2024-04-23 19:00:00,87.06537497313796
2024-04-23 20:00:00,75.00332080218567
2024-04-23 21:00:00,68.19564381610314
2024-04-23 22:00:00,82.30051690323486
2024-04-23 23:00:00,93.90245079547039
2024-04-24 00:00:00,51.72874747697603
2024-04-24 01:00:00,60.069366757151755
2024-04-24 02:00:00,44.382794222532254
2024-04-24 03:00:00,58.0314707672341
2024-04-24 04:00:00,57.76663899907494
2024-04-24 05:00:00,56.48019461068664
2024-04-24 06:00:00,45.762588027652185
2024-04-24 07:00:00,46.72142682825965
2024-04-24 08:00:00,96.10593372007895
2024-04-24 09:00:00,73.90761899878004
2024-04-24 10:00:00,92.34165116274636
2024-04-24 11:00:00,95.48650534248279
2024-04-24 12:00:00,102.20070306078611
2024-04-24 13:00:00,98.040150642803
2024-04-24 14:00:00,95.04048509779565
2024-04-24 15:00:00,91.00045263085552
2024-04-24 16:00:00,69.45694464429485
2024-04-24 17:00:00,94.75638401076907
2024-04-24 18:00:00,99.24955804221918
2024-04-24 19:00:00,80.19767530372928
2024-04-24 20:00:00,67.73756322497884
2024-04-24 21:00:00,81.35223957830993
2024-04-24 22:00:00,95.03554002919134
2024-04-24 23:00:00,77.19511188300706
2024-04-25 00:00:00,41.084311295667746
2024-04-25 01:00:00,55.866729105940195
2024-04-25 02:00:00,56.80113408472196
2024-04-25 03:00:00,44.84956381421461
2024-04-25 04:00:00,41.97024916802328
2024-04-25 05:00:00,55.100723352755814
2024-04-25 06:00:00,50.450130783511284
2024-04-25 07:00:00,54.13490856677956
2024-04-25 08:00:00,89.56803579483625
2024-04-25 09:00:00,90.47306816200094
2024-04-25 10:00:00,101.34306359705488
2024-04-25 11:00:00,80.3462957186388
2024-04-25 12:00:00,88.55609189367169
2024-04-25 13:00:00,77.07144457954723
2024-04-25 14:00:00,85.71127017592045
2024-04-25 15:00:00,77.55909834062386
2024-04-25 16:00:00,68.57247382843731
2024-04-25 17:00:00,78.65427134138307
2024-04-25 18:00:00,92.48735689962686
2024-04-25 19:00:00,75.94428975679398
2024-04-25 20:00:00,83.41986574750027
2024-04-25 21:00:00,93.25398468385619
2024-04-25 22:00:00,73.85224234715398
2024-04-25 23:00:00,80.60273569710884
2024-04-26 00:00:00,53.82144281788899
2024-04-26 01:00:00,50.24430883307892
2024-04-26 02:00:00,44.12599009400796
2024-04-26 03:00:00,46.621951970336454
2024-04-26 04:00:00,57.7368038597329
2024-04-26 05:00:00,49.6612265951523
2024-04-26 06:00:00,49.53950212880579
2024-04-26 07:00:00,55.577900981283264
2024-04-26 08:00:00,88.03195629785407
2024-04-26 09:00:00,80.0702763793972
2024-04-26 10:00:00,72.84702359652809
2024-04-26 11:00:00,94.68470789210448
2024-04-26 12:00:00,84.28826797450647
2024-04-26 13:00:00,69.23083959011771
2024-04-26 14:00:00,84.53141570280066
2024-04-26 15:00:00,93.96031400186605
2024-04-26 16:00:00,89.20914389053979
2024-04-26 17:00:00,95.33719921353946
2024-04-26 18:00:00,75.90215111531325
2024-04-26 19:00:00,96.2000915009435
2024-04-26 20:00:00,86.82408098190491
2024-04-26 21:00:00,90.087469191586
2024-04-26 22:00:00,75.15505211333675
2024-04-26 23:00:00,80.12730095054377
2024-04-27 00:00:00,50.66728629912316
2024-04-27 01:00:00,56.79520804575441
2024-04-27 02:00:00,41.96776978674726
2024-04-27 03:00:00,47.075024065296596
2024-04-27 04:00:00,55.58327492093599
2024-04-27 05:00:00,50.189807541307545
2024-04-27 06:00:00,49.70629914405558
2024-04-27 07:00:00,54.80416576211695
2024-04-27 08:00:00,72.80128616101896
2024-04-27 09:00:00,87.48135597313555
2024-04-27 10:00:00,81.09038354756585
2024-04-27 11:00:00,96.14105423247464
2024-04-27 12:00:00,75.41841092060415
2024-04-27 13:00:00,91.55845433217192
2024-04-27 14:00:00,92.22656037027198
2024-04-27 15:00:00,87.76775565667762
2024-04-27 16:00:00,76.8396379484154
2024-04-27 17:00:00,84.40919873335523
2024-04-27 18:00:00,102.73865805949697
2024-04-27 19:00:00,70.66336638845951
2024-04-27 20:00:00,86.93663057872998
2024-04-27 21:00:00,90.46672133198722
2024-04-27 22:00:00,84.61987973364953
2024-04-27 23:00:00,83.01104768909778
2024-04-28 00:00:00,47.865546800524896
2024-04-28 01:00:00,49.11647390744446
2024-04-28 02:00:00,53.241099181115935
2024-04-28 03:00:00,51.19590260603566
2024-04-28 04:00:00,48.37843608129828
2024-04-28 05:00:00,50.99196484823255
2024-04-28 06:00:00,50.3047346926859
2024-04-28 07:00:00,53.83042723111757
2024-04-28 08:00:00,78.5306791606462
2024-04-28 09:00:00,74.00619949732572
2024-04-28 10:00:00,77.99059968937337
2024-04-28 11:00:00,94.67438603025998
2024-04-28 12:00:00,99.06232805984749
2024-04-28 13:00:00,79.0007878399366
2024-04-28 14:00:00,87.82789741009529
2024-04-28 15:00:00,68.08773267256574
2024-04-28 16:00:00,67.34549713395921
2024-04-28 17:00:00,77.99626730682195
2024-04-28 18:00:00,87.08944623508675
2024-04-28 19:00:00,78.36790853539274
2024-04-28 20:00:00,91.90403398413994
2024-04-28 21:00:00,74.24630139572852
2024-04-28 22:00:00,98.76944804391493
2024-04-28 23:00:00,78.62687091770309
2024-04-29 00:00:00,51.78962589501712
2024-04-29 01:00:00,42.49709634667352
2024-04-29 02:00:00,59.69224610720972
2024-04-29 03:00:00,48.76885760390755
2024-04-29 04:00:00,44.45590805452211
2024-04-29 05:00:00,58.244145535720676
2024-04-29 06:00:00,53.10163388676113
2024-04-29 07:00:00,47.73070500422988
2024-04-29 08:00:00,82.86655941648395
2024-04-29 09:00:00,68.93033873222707
2024-04-29 10:00:00,72.19746333932373
2024-04-29 11:00:00,77.64148401484772
2024-04-29 12:00:00,75.33960896253365
2024-04-29 13:00:00,89.4465886827818
2024-04-29 14:00:00,92.00799272530315
2024-04-29 15:00:00,100.47170936838864
2024-04-29 16:00:00,90.362987238562
2024-04-29 17:00:00,87.63683477455535
2024-04-29 18:00:00,73.44188493776723
2024-04-29 19:00:00,93.04120906884518
2024-04-29 20:00:00,73.55270201395274
2024-04-29 21:00:00,91.41243428504869
2024-04-29 22:00:00,90.6869596597441
2024-04-29 23:00:00,90.62550114531672
2024-04-30 00:00:00,40.20250790797715
2024-04-30 01:00:00,56.914312171469575
2024-04-30 02:00:00,49.21765527312793
2024-04-30 03:00:00,54.5455656095236
2024-04-30 04:00:00,58.68651913537706
2024-04-30 05:00:00,52.63480190459657
2024-04-30 06:00:00,49.005018459766035
2024-04-30 07:00:00,54.702997357129156
2024-04-30 08:00:00,83.32408071849727
2024-04-30 09:00:00,88.52974219338222
2024-04-30 10:00:00,88.11647052645104
2024-04-30 11:00:00,79.41764427744837
2024-04-30 12:00:00,96.32164906172571
2024-04-30 13:00:00,74.68088256829574
2024-04-30 14:00:00,71.29677388544587
2024-04-30 15:00:00,95.38129979128333
2024-04-30 16:00:00,94.1320700971682
2024-04-30 17:00:00,69.09828568131924
2024-04-30 18:00:00,69.56082190367631
2024-04-30 19:00:00,97.32180210005538
2024-04-30 20:00:00,74.86391401119282
2024-04-30 21:00:00,70.39631454487647
2024-04-30 22:00:00,91.83902769966784
2024-04-30 23:00:00,89.56058090603564
2024-05-01 00:00:00,54.57904858310365
2024-05-01 01:00:00,57.83200366268351
2024-05-01 02:00:00,48.97346569372254
2024-05-01 03:00:00,43.48155499869037
2024-05-01 04:00:00,53.64216951601692
2024-05-01 05:00:00,44.40901437678117
2024-05-01 06:00:00,46.65225398098049
2024-05-01 07:00:00,54.17556012552404
2024-05-01 08:00:00,72.32092913698757
2024-05-01 09:00:00,71.59844893885716
2024-05-01 10:00:00,90.29392009815356
2024-05-01 11:00:00,70.97561443813777
2024-05-01 12:00:00,71.31241892255392
2024-05-01 13:00:00,85.16711130517457
2024-05-01 14:00:00,84.12484239111669
2024-05-01 15:00:00,67.67006347796246
2024-05-01 16:00:00,92.6666336720343
2024-05-01 17:00:00,92.63935703299286
2024-05-01 18:00:00,76.75086190702798
2024-05-01 19:00:00,70.04306722555813
2024-05-01 20:00:00,84.41970053575761
2024-05-01 21:00:00,88.7946101894965
2024-05-01 22:00:00,98.8329823283041
2024-05-01 23:00:00,77.04570236203298
2024-05-02 00:00:00,48.83520646702755
2024-05-02 01:00:00,54.560707572006436
2024-05-02 02:00:00,43.561076757353135
2024-05-02 03:00:00,60.526411106792274
2024-05-02 04:00:00,53.56854178133854
2024-05-02 05:00:00,46.76355122939776
2024-05-02 06:00:00,58.12919406586341
2024-05-02 07:00:00,55.30766028397478
2024-05-02 08:00:00,88.54284908930059
2024-05-02 09:00:00,98.39358407301464
2024-05-02 10:00:00,99.27095152614075
2024-05-02 11:00:00,92.58510764136115
2024-05-02 12:00:00,77.7404143373696
2024-05-02 13:00:00,89.709918274294
2024-05-02 14:00:00,93.10337555557122
2024-05-02 15:00:00,100.90773761662695
2024-05-02 16:00:00,100.00946096892048
2024-05-02 17:00:00,87.304275390597
2024-05-02 18:00:00,91.48172749357812
2024-05-02 19:00:00,85.31595945497624
2024-05-02 20:00:00,85.97636823678229
2024-05-02 21:00:00,77.70142113949449
2024-05-02 22:00:00,96.94572674711472
2024-05-02 23:00:00,74.20892028017533
2024-05-03 00:00:00,51.87413871614032
2024-05-03 01:00:00,56.692143793480255
2024-05-03 02:00:00,52.613090198322574
2024-05-03 03:00:00,58.81855066643973
2024-05-03 04:00:00,53.94928460813857
2024-05-03 05:00:00,45.18187872385898
2024-05-03 06:00:00,45.5725919179393
2024-05-03 07:00:00,57.87557702144825
2024-05-03 08:00:00,87.04553973366794
2024-05-03 09:00:00,93.07089286935246
2024-05-03 10:00:00,99.35130215662923
2024-05-03 11:00:00,81.96497741322025
2024-05-03 12:00:00,99.61769778759259
2024-05-03 13:00:00,83.28752254544206
2024-05-03 14:00:00,85.10531571383981
2024-05-03 15:00:00,91.10999285782816
2024-05-03 16:00:00,93.5630745565917
2024-05-03 17:00:00,97.85284943925686
2024-05-03 18:00:00,85.81834401579599
2024-05-03 19:00:00,79.67492309240455
2024-05-03 20:00:00,89.63497343313713
2024-05-03 21:00:00,77.816398280139
2024-05-03 22:00:00,89.97083356866054
2024-05-03 23:00:00,91.49348927948841
2024-05-04 00:00:00,58.7773181434984
2024-05-04 01:00:00,47.655337867540155
2024-05-04 02:00:00,44.615076326991016
2024-05-04 03:00:00,53.46506135430643
2024-05-04 04:00:00,53.35046354431275
2024-05-04 05:00:00,48.45938502960927
2024-05-04 06:00:00,46.41223018348707
2024-05-04 07:00:00,50.53928009272797
2024-05-04 08:00:00,89.64013250916193
2024-05-04 09:00:00,84.75315373659672
2024-05-04 10:00:00,78.65372649780016
2024-05-04 11:00:00,81.40662015789925
2024-05-04 12:00:00,90.59041680631987
2024-05-04 13:00:00,81.31281958789988
2024-05-04 14:00:00,98.12634624446947
2024-05-04 15:00:00,70.37359916131757
2024-05-04 16:00:00,85.88157385251026
2024-05-04 17:00:00,92.30075134129319
2024-05-04 18:00:00,78.1688743957032
2024-05-04 19:00:00,98.05804048540924
2024-05-04 20:00:00,69.3720368384509
2024-05-04 21:00:00,76.71935315479517
2024-05-04 22:00:00,69.81494065750195
2024-05-04 23:00:00,93.42247584334095
2024-05-05 00:00:00,54.815737115379605
2024-05-05 01:00:00,53.17137922606341
2024-05-05 02:00:00,49.555787231104276
2024-05-05 03:00:00,44.45430846040452
2024-05-05 04:00:00,61.49622606663456
2024-05-05 05:00:00,40.70568949958505
2024-05-05 06:00:00,59.00064844350513
2024-05-05 07:00:00,46.733882874073075
2024-05-05 08:00:00,89.39167172225311
2024-05-05 09:00:00,76.36499711382379
2024-05-05 10:00:00,77.97401518245596
2024-05-05 11:00:00,82.70945440306116
2024-05-05 12:00:00,96.39332532838786
2024-05-05 13:00:00,74.83998973629204
2024-05-05 14:00:00,83.75617017680179
2024-05-05 15:00:00,97.96505812187903
2024-05-05 16:00:00,79.76296574898853
2024-05-05 17:00:00,68.44575944806124
2024-05-05 18:00:00,79.01139013725539
2024-05-05 19:00:00,92.75517136163062
2024-05-05 20:00:00,86.7250844080626
2024-05-05 21:00:00,91.86417846843113
2024-05-05 22:00:00,92.08002373079161
2024-05-05 23:00:00,76.9443278656371
2024-05-06 00:00:00,30.592401503815665
2024-05-06 01:00:00,31.71267436604067
2024-05-06 02:00:00,31.428078248472744
2024-05-06 03:00:00,29.72813313864082
2024-05-06 04:00:00,32.166608894355605
2024-05-06 05:00:00,32.431666393419135
2024-05-06 06:00:00,28.32760186291754
2024-05-06 07:00:00,31.49032881747033
2024-05-06 08:00:00,26.67580858476753
2024-05-06 09:00:00,31.79384817560328
2024-05-06 10:00:00,30.996412367887032
2024-05-06 11:00:00,34.18027564586155
2024-05-06 12:00:00,29.96733291028675
2024-05-06 13:00:00,30.10398898047975
2024-05-06 14:00:00,30.684396045667633
2024-05-06 15:00:00,34.67857827666576
2024-05-06 16:00:00,31.413638480873836
2024-05-06 17:00:00,25.16625303106388
2024-05-06 18:00:00,32.504899823642226
2024-05-06 19:00:00,31.96942305191417
2024-05-06 20:00:00,31.634652227225196
2024-05-06 21:00:00,30.930587391625348
2024-05-06 22:00:00,31.06764294910553
2024-05-06 23:00:00,26.051900954650115
2024-05-07 00:00:00,34.924590053433
2024-05-07 01:00:00,28.790417126986583
2024-05-07 02:00:00,30.70776120884498
2024-05-07 03:00:00,30.08681000737994
2024-05-07 04:00:00,30.28375258271927
2024-05-07 05:00:00,33.4805810267172
2024-05-07 06:00:00,29.642764734064805
2024-05-07 07:00:00,30.434479272332794
2024-05-07 08:00:00,26.328474514417834
2024-05-07 09:00:00,29.54236407248724
2024-05-07 10:00:00,27.37459154032898
2024-05-07 11:00:00,34.49969363613296
2024-05-07 12:00:00,31.342708342150704
2024-05-07 13:00:00,31.082607528393773
2024-05-07 14:00:00,28.056815640560814
2024-05-07 15:00:00,32.4143318753799
2024-05-07 16:00:00,32.22400669359123
2024-05-07 17:00:00,30.759789329164732
2024-05-07 18:00:00,27.447717705657546
2024-05-07 19:00:00,25.71445972318834
2024-05-07 20:00:00,25.442671505572086
2024-05-07 21:00:00,34.44236236468536
2024-05-07 22:00:00,29.18880505147138
2024-05-07 23:00:00,31.681425307100625
2024-05-08 00:00:00,29.71100811210304
2024-05-08 01:00:00,31.380422919898663
2024-05-08 02:00:00,25.531569609473845
2024-05-08 03:00:00,31.64276020865171
2024-05-08 04:00:00,30.045358909412307
2024-05-08 05:00:00,28.20836721485853
2024-05-08 06:00:00,28.88484694371344
2024-05-08 07:00:00,31.56485779358259
2024-05-08 08:00:00,33.03976909182006
2024-05-08 09:00:00,32.605214202571645
2024-05-08 10:00:00,34.16900956767431
2024-05-08 11:00:00,30.510922655065066
2024-05-08 12:00:00,31.525269262579396
2024-05-08 13:00:00,25.48034689603098
2024-05-08 14:00:00,31.739492632718036
2024-05-08 15:00:00,31.004971677459938
2024-05-08 16:00:00,30.96236389781956
2024-05-08 17:00:00,34.145985348417405
2024-05-08 18:00:00,26.65720279327525
2024-05-08 19:00:00,33.928287359904544
2024-05-08 20:00:00,29.634233590537065
2024-05-08 21:00:00,27.643347306251258
2024-05-08 22:00:00,33.76340320115001
2024-05-08 23:00:00,26.751712355620143
2024-05-09 00:00:00,31.679812873297422
2024-05-09 01:00:00,28.763381061613437
2024-05-09 02:00:00,31.479171050308274
2024-05-09 03:00:00,33.383901783440734
2024-05-09 04:00:00,25.480240677027865
2024-05-09 05:00:00,32.4439495573782
2024-05-09 06:00:00,34.50264606460068
2024-05-09 07:00:00,29.869340781900476
2024-05-09 08:00:00,25.375876319135873
2024-05-09 09:00:00,25.878989686462823
2024-05-09 10:00:00,26.898209415365947
2024-05-09 11:00:00,32.92406138929147
2024-05-09 12:00:00,29.81473263966257
2024-05-09 13:00:00,31.809917285336162
2024-05-09 14:00:00,30.315189052362584
2024-05-09 15:00:00,30.67751975644626
2024-05-09 16:00:00,25.419313746654037
2024-05-09 17:00:00,33.81227029768837
2024-05-09 18:00:00,29.31352263423923
2024-05-09 19:00:00,34.53782192451389
2024-05-09 20:00:00,30.85297466409383
2024-05-09 21:00:00,33.289590227452095
2024-05-09 22:00:00,30.17688510983401
2024-05-09 23:00:00,33.74408294159461
2024-05-10 00:00:00,32.90173732474693
2024-05-10 01:00:00,27.733511544972966
2024-05-10 02:00:00,30.74240399643988
2024-05-10 03:00:00,25.771634358497266
2024-05-10 04:00:00,27.512336717648925
2024-05-10 05:00:00,30.118964101148674
2024-05-10 06:00:00,32.23931035336122
2024-05-10 07:00:00,25.7938829385939
2024-05-10 08:00:00,31.16697544874377
2024-05-10 09:00:00,27.697707915159103
2024-05-10 10:00:00,26.809401205926708
2024-05-10 11:00:00,28.911009672167786
2024-05-10 12:00:00,30.489439343507797
2024-05-10 13:00:00,28.61252104186417
2024-05-10 14:00:00,29.36911803564858
2024-05-10 15:00:00,31.080577390761142
2024-05-10 16:00:00,28.07949086597081
2024-05-10 17:00:00,31.81903396222986
2024-05-10 18:00:00,32.18795170388975
2024-05-10 19:00:00,25.834848434567455
2024-05-10 20:00:00,27.705533408092673
2024-05-10 21:00:00,32.59117658251359
2024-05-10 22:00:00,28.90424591570028
2024-05-10 23:00:00,33.556841435278564
2024-05-11 00:00:00,28.70899487965223
2024-05-11 01:00:00,34.38416661981934
2024-05-11 02:00:00,34.20215787093819
2024-05-11 03:00:00,27.32439207185105
2024-05-11 04:00:00,32.00858427254986
2024-05-11 05:00:00,25.934754438523242
2024-05-11 06:00:00,34.68817926557223
2024-05-11 07:00:00,27.69669612642299
2024-05-11 08:00:00,30.715180793205036
2024-05-11 09:00:00,26.165256151240325
2024-05-11 10:00:00,32.18781465685955
2024-05-11 11:00:00,26.687034315027397
2024-05-11 12:00:00,25.299162710281202
2024-05-11 13:00:00,33.35955588653715
2024-05-11 14:00:00,25.61993494706106
2024-05-11 15:00:00,28.090978712791916
2024-05-11 16:00:00,32.28975474386137
2024-05-11 17:00:00,28.430420337608844
2024-05-11 18:00:00,31.857713663524045
2024-05-11 19:00:00,29.568378885415413
2024-05-11 20:00:00,33.35559919002916
2024-05-11 21:00:00,29.52437365307273
2024-05-11 22:00:00,27.031968320575018
2024-05-11 23:00:00,31.27164824316999
2024-05-12 00:00:00,30.64029780036875
2024-05-12 01:00:00,32.741373749269734
2024-05-12 02:00:00,33.15892448277704
2024-05-12 03:00:00,30.818673587882003
2024-05-12 04:00:00,26.758966476562588
2024-05-12 05:00:00,26.226249368958968
2024-05-12 06:00:00,33.98194592197507
2024-05-12 07:00:00,26.75043385218533
2024-05-12 08:00:00,33.00823468122201
2024-05-12 09:00:00,28.06424976693721
2024-05-12 10:00:00,25.72867382436635
2024-05-12 11:00:00,34.790254138731655
2024-05-12 12:00:00,32.75747537997301
2024-05-12 13:00:00,33.773837711693204
2024-05-12 14:00:00,25.054793146262668
2024-05-12 15:00:00,33.739173838123335
2024-05-12 16:00:00,27.5230280144237
2024-05-12 17:00:00,28.6867115682988
2024-05-12 18:00:00,32.41963894319397
2024-05-12 19:00:00,26.70962406328797
2024-05-12 20:00:00,28.079136761555475
2024-05-12 21:00:00,27.994040624228766
2024-05-12 22:00:00,28.884839128549945
2024-05-12 23:00:00,34.77524192902058
2024-05-13 00:00:00,33.90119472199126
2024-05-13 01:00:00,32.66255119127949
2024-05-13 02:00:00,34.230569212769964
2024-05-13 03:00:00,30.934284830465348
2024-05-13 04:00:00,31.08539150096494
2024-05-13 05:00:00,33.70171321044711
2024-05-13 06:00:00,31.29293285387483
2024-05-13 07:00:00,27.373051872208293
2024-05-13 08:00:00,28.651245233248346
2024-05-13 09:00:00,29.474417166776714
2024-05-13 10:00:00,34.267284551516575
2024-05-13 11:00:00,28.652131887883076
2024-05-13 12:00:00,27.096323009945277
2024-05-13 13:00:00,30.940045871410035
2024-05-13 14:00:00,31.27737370080192
2024-05-13 15:00:00,29.697534693293424
2024-05-13 16:00:00,31.243492424873747
2024-05-13 17:00:00,29.831907251269914
2024-05-13 18:00:00,27.66926560536774
2024-05-13 19:00:00,32.84056941712939
2024-05-13 20:00:00,28.731394214887576
2024-05-13 21:00:00,26.107190268533166
2024-05-13 22:00:00,28.982783647933083
2024-05-13 23:00:00,31.65410110566848
2024-05-14 00:00:00,33.19666061489787
2024-05-14 01:00:00,28.66725969323184
2024-05-14 02:00:00,28.197638101966547
2024-05-14 03:00:00,25.55877413765865
2024-05-14 04:00:00,26.337494961312768
2024-05-14 05:00:00,32.32589800377488
2024-05-14 06:00:00,33.71162691145382
2024-05-14 07:00:00,33.5821894007243
2024-05-14 08:00:00,34.484312598193114
2024-05-14 09:00:00,33.93653665405449
2024-05-14 10:00:00,27.232671344137813
2024-05-14 11:00:00,34.39869783848243
2024-05-14 12:00:00,32.06595324556992
2024-05-14 13:00:00,29.948733077847482
2024-05-14 14:00:00,34.82777535023265
2024-05-14 15:00:00,26.561202235656943
2024-05-14 16:00:00,34.03625472256278
2024-05-14 17:00:00,34.50230730863433
2024-05-14 18:00:00,26.63824776669142
2024-05-14 19:00:00,32.40113181470997
2024-05-14 20:00:00,29.27336815771584
2024-05-14 21:00:00,26.229101582111348
2024-05-14 22:00:00,33.33824358653385
2024-05-14 23:00:00,28.114906425650545
2024-05-15 00:00:00,27.94727332455864
2024-05-15 01:00:00,26.79361378104191
2024-05-15 02:00:00,32.74934654391652
2024-05-15 03:00:00,25.424957910077516
2024-05-15 04:00:00,27.279012699921886
2024-05-15 05:00:00,25.96690509159714
2024-05-15 06:00:00,30.659961590536952
2024-05-15 07:00:00,29.42652560057678
2024-05-15 08:00:00,33.43934577134797
2024-05-15 09:00:00,31.45745958565598
2024-05-15 10:00:00,27.04348153332618
2024-05-15 11:00:00,28.596377878722755
2024-05-15 12:00:00,34.10099897919726
2024-05-15 13:00:00,28.222933930717886
2024-05-15 14:00:00,25.818238729715752
2024-05-15 15:00:00,25.86980167161385
2024-05-15 16:00:00,29.844089879796826
2024-05-15 17:00:00,25.951645342085108
2024-05-15 18:00:00,30.57181804945661
2024-05-15 19:00:00,33.63621644972161
2024-05-15 20:00:00,25.343109666275744
2024-05-15 21:00:00,32.98954769070209
2024-05-15 22:00:00,30.940674555876733
2024-05-15 23:00:00,33.58351719422037
2024-05-16 00:00:00,29.13474491647554
2024-05-16 01:00:00,34.02901045117642
2024-05-16 02:00:00,32.02308626816752
2024-05-16 03:00:00,29.616165341992847
2024-05-16 04:00:00,32.59583076472987
2024-05-16 05:00:00,27.54917668069529
2024-05-16 06:00:00,27.111119253837874
2024-05-16 07:00:00,26.53314928070218
2024-05-16 08:00:00,28.001489354151406
2024-05-16 09:00:00,34.23514336357843
2024-05-16 10:00:00,34.699091488738134
2024-05-16 11:00:00,29.463893024969764
2024-05-16 12:00:00,31.851383926773565
2024-05-16 13:00:00,31.36887565551646
2024-05-16 14:00:00,30.99321311816854
2024-05-16 15:00:00,28.136569916943095
2024-05-16 16:00:00,30.0332175764321
2024-05-16 17:00:00,33.945336723936634
2024-05-16 18:00:00,32.28024985183953
2024-05-16 19:00:00,32.56231106492687
2024-05-16 20:00:00,31.49319144056953
2024-05-16 21:00:00,33.293354477820834
2024-05-16 22:00:00,29.92908389614826
2024-05-16 23:00:00,34.508534698704544
2024-05-17 00:00:00,29.032684651784006
2024-05-17 01:00:00,33.30463054540859
2024-05-17 02:00:00,28.879819224179478
2024-05-17 03:00:00,34.178812399170866
2024-05-17 04:00:00,31.30091486938598
2024-05-17 05:00:00,31.92467510728028
2024-05-17 06:00:00,27.94725516839296
2024-05-17 07:00:00,34.7195789687739
2024-05-17 08:00:00,33.749844937147614
2024-05-17 09:00:00,30.293546244333974
2024-05-17 10:00:00,25.97200740572771
2024-05-17 11:00:00,30.512834056531197
2024-05-17 12:00:00,32.64103576571797
2024-05-17 13:00:00,29.194279794297014
2024-05-17 14:00:00,28.849592467690094
2024-05-17 15:00:00,31.24397121943013
2024-05-17 16:00:00,33.46440899327544
2024-05-17 17:00:00,34.68445776993468
2024-05-17 18:00:00,26.20169635846782
2024-05-17 19:00:00,33.98252253350108
2024-05-17 20:00:00,25.222635274102274
2024-05-17 21:00:00,28.88269408671207
2024-05-17 22:00:00,31.09623333434462
2024-05-17 23:00:00,28.47377387475486
2024-05-18 00:00:00,31.541049702686024
2024-05-18 01:00:00,31.03241758879288
2024-05-18 02:00:00,31.25933235896126
2024-05-18 03:00:00,30.807303050769214
2024-05-18 04:00:00,26.036903573883514
2024-05-18 05:00:00,33.24628302933707
2024-05-18 06:00:00,28.73774569541946
2024-05-18 07:00:00,33.05317953259288
2024-05-18 08:00:00,30.45175918780308
2024-05-18 09:00:00,26.923286742515117
2024-05-18 10:00:00,30.777050417983
2024-05-18 11:00:00,34.75423209181381
2024-05-18 12:00:00,31.245130848530323
2024-05-18 13:00:00,34.948807851445615
2024-05-18 14:00:00,30.863068626755265
2024-05-18 15:00:00,25.9009701619647
2024-05-18 16:00:00,34.290745226706015
2024-05-18 17:00:00,30.12915672427253
2024-05-18 18:00:00,27.507547288003423
2024-05-18 19:00:00,33.920888302033184
2024-05-18 20:00:00,28.493711948848357
2024-05-18 21:00:00,25.269886553089705
2024-05-18 22:00:00,26.26890265467054
2024-05-18 23:00:00,31.104578152755227
2024-05-19 00:00:00,25.01268824180955
2024-05-19 01:00:00,26.032984419805594
2024-05-19 02:00:00,26.23554854423891
2024-05-19 03:00:00,26.892830262004676
2024-05-19 04:00:00,25.227648877785434
2024-05-19 05:00:00,30.007909036783452
2024-05-19 06:00:00,34.327761592569786
2024-05-19 07:00:00,32.03503254243794
2024-05-19 08:00:00,28.85027904862083
2024-05-19 09:00:00,30.297620324173334
2024-05-19 10:00:00,25.463486088753314
2024-05-19 11:00:00,27.665981606336214
2024-05-19 12:00:00,32.99917599178752
2024-05-19 13:00:00,32.35861631622676
2024-05-19 14:00:00,30.447977325391985
2024-05-19 15:00:00,29.572150650754985
2024-05-19 16:00:00,28.125743290471817
2024-05-19 17:00:00,34.05495702289091
2024-05-19 18:00:00,26.58648884348781
2024-05-19 19:00:00,26.974062699070867
2024-05-19 20:00:00,29.362938924652727
2024-05-19 21:00:00,26.126919389627854
2024-05-19 22:00:00,34.442525282127185
2024-05-19 23:00:00,33.09603198141155
2024-05-20 00:00:00,25.62619241655077
2024-05-20 01:00:00,33.37950264441638
2024-05-20 02:00:00,28.234266224111707
2024-05-20 03:00:00,26.963263636038814
2024-05-20 04:00:00,27.531306420258666
2024-05-20 05:00:00,31.596915622598907
2024-05-20 06:00:00,32.567337977529895
2024-05-20 07:00:00,30.380328258496956
2024-05-20 08:00:00,25.98795612076963
2024-05-20 09:00:00,34.75801592871729
2024-05-20 10:00:00,28.699603274090755
2024-05-20 11:00:00,29.43326400664563
2024-05-20 12:00:00,33.391265528574344
2024-05-20 13:00:00,33.752682215078764
2024-05-20 14:00:00,31.703290989395168
2024-05-20 15:00:00,29.49882426760194
2024-05-20 16:00:00,28.459236335422425
2024-05-20 17:00:00,29.639443692799997
2024-05-20 18:00:00,32.907809136124825
2024-05-20 19:00:00,28.897937583167142
2024-05-20 20:00:00,26.31314312660148
2024-05-20 21:00:00,33.33381898094117
2024-05-20 22:00:00,30.943390232720077
2024-05-20 23:00:00,26.598174287092696
2024-05-21 00:00:00,26.86031424389513
2024-05-21 01:00:00,27.66335908841786
2024-05-21 02:00:00,28.764358402065824
2024-05-21 03:00:00,31.779479947351447
2024-05-21 04:00:00,29.438890450290742
2024-05-21 05:00:00,26.184033834540877
2024-05-21 06:00:00,30.291339677862652
2024-05-21 07:00:00,28.967521503056872
2024-05-21 08:00:00,28.121530916234658
2024-05-21 09:00:00,32.11332125005156
2024-05-21 10:00:00,33.87094102856041
2024-05-21 11:00:00,30.477228383112244
2024-05-21 12:00:00,25.538574512481993
2024-05-21 13:00:00,33.954852605631544
2024-05-21 14:00:00,32.34508186820963
2024-05-21 15:00:00,28.84590817055107
2024-05-21 16:00:00,30.60443127421226
2024-05-21 17:00:00,29.484341089156036
2024-05-21 18:00:00,25.003077129514914
2024-05-21 19:00:00,29.042516279529057
2024-05-21 20:00:00,27.06127799006931
2024-05-21 21:00:00,26.24508021088336
2024-05-21 22:00:00,26.079572054073683
2024-05-21 23:00:00,27.67414100245326
2024-05-22 00:00:00,28.082234680746883
2024-05-22 01:00:00,33.36440854802281
2024-05-22 02:00:00,32.76853224731491
2024-05-22 03:00:00,26.623003578013503
2024-05-22 04:00:00,30.550426549105058
2024-05-22 05:00:00,30.589752350009817
2024-05-22 06:00:00,29.059852442712856
2024-05-22 07:00:00,32.76347265717603
2024-05-22 08:00:00,25.346656727396336
2024-05-22 09:00:00,29.8862169764568
2024-05-22 10:00:00,29.494075203255893
2024-05-22 11:00:00,26.66631122476642
2024-05-22 12:00:00,34.567520163333874
2024-05-22 13:00:00,27.49592328652715
2024-05-22 14:00:00,30.32743843577478
2024-05-22 15:00:00,34.19181696775047
2024-05-22 16:00:00,25.234291662788312
2024-05-22 17:00:00,32.43762508522289
2024-05-22 18:00:00,33.621123142162475
2024-05-22 19:00:00,29.833766957228484
2024-05-22 20:00:00,30.052265439822555
2024-05-22 21:00:00,25.539910374862906
2024-05-22 22:00:00,32.30500945818655
2024-05-22 23:00:00,34.13244768520953
2024-05-23 00:00:00,29.787798131201246
2024-05-23 01:00:00,32.97495369168055
2024-05-23 02:00:00,33.38665864368872
2024-05-23 03:00:00,29.894418816496568
2024-05-23 04:00:00,34.41772301073224
2024-05-23 05:00:00,30.677347395394357
2024-05-23 06:00:00,31.548385380135983
2024-05-23 07:00:00,31.71360162999303
2024-05-23 08:00:00,33.92604671058112
2024-05-23 09:00:00,34.276612548293265
2024-05-23 10:00:00,27.242872743713363
2024-05-23 11:00:00,25.80617476049514
2024-05-23 12:00:00,26.9899342470457
2024-05-23 13:00:00,31.00802666050921
2024-05-23 14:00:00,33.5170404517026
2024-05-23 15:00:00,25.33626565945388
2024-05-23 16:00:00,26.7979367821438
2024-05-23 17:00:00,26.11832989690315
2024-05-23 18:00:00,29.17214885205415
2024-05-23 19:00:00,26.072653562858264
2024-05-23 20:00:00,25.10995678297875
2024-05-23 21:00:00,29.96508331300995
2024-05-23 22:00:00,34.631400354458115
2024-05-23 23:00:00,34.35334452969579
2024-05-24 00:00:00,32.657292737561534
2024-05-24 01:00:00,27.412536899940598
2024-05-24 02:00:00,27.757331091884645
2024-05-24 03:00:00,34.1946967783865
2024-05-24 04:00:00,31.533180529979884
2024-05-24 05:00:00,29.42662242278939
2024-05-24 06:00:00,32.407993653626214
2024-05-24 07:00:00,26.40025519749328
2024-05-24 08:00:00,32.884544322363155
2024-05-24 09:00:00,33.361641419962574
2024-05-24 10:00:00,31.444762862863925
2024-05-24 11:00:00,25.348467804131293
2024-05-24 12:00:00,32.18186127824868
2024-05-24 13:00:00,26.00725672414844
2024-05-24 14:00:00,33.0383076241494
2024-05-24 15:00:00,32.04725473281861
2024-05-24 16:00:00,32.228275827717624
2024-05-24 17:00:00,28.05111764358604
2024-05-24 18:00:00,25.89914678809862
2024-05-24 19:00:00,28.036066424750395
2024-05-24 20:00:00,31.744723269335978
2024-05-24 21:00:00,26.235196134754926
2024-05-24 22:00:00,33.849237185494886
2024-05-24 23:00:00,26.54693663649949
2024-05-25 00:00:00,32.397944168467404
2024-05-25 01:00:00,34.79980784576612
2024-05-25 02:00:00,32.104383716488826
2024-05-25 03:00:00,27.293301508880752
2024-05-25 04:00:00,27.605723591113524
2024-05-25 05:00:00,30.960376962041174
2024-05-25 06:00:00,27.21464415177486
2024-05-25 07:00:00,30.437918368291413
2024-05-25 08:00:00,27.082931013802742
2024-05-25 09:00:00,32.47154537585401
2024-05-25 10:00:00,28.129009987461522
2024-05-25 11:00:00,25.27968425840896
2024-05-25 12:00:00,27.34212758080875
2024-05-25 13:00:00,27.033934068829495
2024-05-25 14:00:00,32.78126885544498
2024-05-25 15:00:00,29.149210967844127
2024-05-25 16:00:00,26.528894265880286
2024-05-25 17:00:00,25.19754897904017
2024-05-25 18:00:00,31.25471204969778
2024-05-25 19:00:00,25.08628539699784
2024-05-25 20:00:00,33.16287212180876
2024-05-25 21:00:00,27.07257531903675
2024-05-25 22:00:00,30.563911823611445
2024-05-25 23:00:00,27.79366920037683
2024-05-26 00:00:00,26.7526404840336
2024-05-26 01:00:00,32.3613325368609
2024-05-26 02:00:00,29.804948846198236
2024-05-26 03:00:00,28.048728058001153
2024-05-26 04:00:00,28.824830112618294
2024-05-26 05:00:00,34.7038450360257
2024-05-26 06:00:00,30.14480548411305
2024-05-26 07:00:00,28.040342755965472
2024-05-26 08:00:00,34.86497726663194
2024-05-26 09:00:00,25.19753314148941
2024-05-26 10:00:00,28.323616314270605
2024-05-26 11:00:00,31.175787743440615
2024-05-26 12:00:00,27.084501191869688
2024-05-26 13:00:00,31.183935368216037
2024-05-26 14:00:00,29.46598312846077
2024-05-26 15:00:00,32.80557354474667
2024-05-26 16:00:00,29.642829198608
2024-05-26 17:00:00,25.869097144194416
2024-05-26 18:00:00,31.160110850614856
2024-05-26 19:00:00,26.973081819477642
2024-05-26 20:00:00,25.13309539155101
2024-05-26 21:00:00,29.097576575731168
2024-05-26 22:00:00,27.84276405277223
2024-05-26 23:00:00,28.870855856904086
2024-05-27 00:00:00,28.58653075302574
2024-05-27 01:00:00,27.060376606243565
2024-05-27 02:00:00,34.77741157505721
2024-05-27 03:00:00,32.80267719593011
2024-05-27 04:00:00,28.988615407338433
2024-05-27 05:00:00,33.123289148969604
2024-05-27 06:00:00,26.88424266146106
2024-05-27 07:00:00,26.638802227771688
2024-05-27 08:00:00,32.48180582775393
2024-05-27 09:00:00,25.784435246891626
2024-05-27 10:00:00,32.99829547715312
2024-05-27 11:00:00,33.615873669365335
2024-05-27 12:00:00,30.743114985530422
2024-05-27 13:00:00,29.324521798526604
2024-05-27 14:00:00,30.572005931366178
2024-05-27 15:00:00,27.657940573689466
2024-05-27 16:00:00,27.7357739808469
2024-05-27 17:00:00,25.19974456507954
2024-05-27 18:00:00,33.927524264007154
2024-05-27 19:00:00,31.00807997744921
2024-05-27 20:00:00,31.78431643452697
2024-05-27 21:00:00,25.408522955373282
2024-05-27 22:00:00,29.037222205250274
2024-05-27 23:00:00,32.33088910464132
2024-05-28 00:00:00,29.913022850748554
2024-05-28 01:00:00,33.23508672286006
2024-05-28 02:00:00,33.518727065488676
2024-05-28 03:00:00,33.82344996645679
2024-05-28 04:00:00,27.097136069578944
2024-05-28 05:00:00,26.019852357970798
2024-05-28 06:00:00,28.803142954958112
2024-05-28 07:00:00,34.36683587793539
2024-05-28 08:00:00,32.88225896071458
2024-05-28 09:00:00,27.82609362666574
2024-05-28 10:00:00,31.10515169694255
2024-05-28 11:00:00,28.962398628725794
2024-05-28 12:00:00,34.001847751927755
2024-05-28 13:00:00,31.28196307221107
2024-05-28 14:00:00,26.051892513259244
2024-05-28 15:00:00,34.51109346578902
2024-05-28 16:00:00,29.666451910905117
2024-05-28 17:00:00,27.490335841076572
2024-05-28 18:00:00,34.47961023158743
2024-05-28 19:00:00,28.286678871429345
2024-05-28 20:00:00,26.152340961796668
2024-05-28 21:00:00,32.875754338015156
2024-05-28 22:00:00,33.80680888674274
2024-05-28 23:00:00,31.834320107066674
2024-05-29 00:00:00,32.402463308002076
2024-05-29 01:00:00,33.222522933863225
2024-05-29 02:00:00,25.305766364659434
2024-05-29 03:00:00,29.98422325634412
2024-05-29 04:00:00,32.14294587024821
2024-05-29 05:00:00,28.56762498308742
2024-05-29 06:00:00,34.68559742581631
2024-05-29 07:00:00,31.196407416007226
2024-05-29 08:00:00,27.0121478567417
2024-05-29 09:00:00,33.58106772268948
2024-05-29 10:00:00,26.046595409151
2024-05-29 11:00:00,25.207471007297457
2024-05-29 12:00:00,29.423522002836343
2024-05-29 13:00:00,26.629483332334267
2024-05-29 14:00:00,26.400776455477704
2024-05-29 15:00:00,26.743108779318824
2024-05-29 16:00:00,25.094654054423508
2024-05-29 17:00:00,26.601715881089326
2024-05-29 18:00:00,32.6955101253955
2024-05-29 19:00:00,33.435791358375255
2024-05-29 20:00:00,28.69366014119401
2024-05-29 21:00:00,28.42648358854094
2024-05-29 22:00:00,29.62068925120055
2024-05-29 23:00:00,27.74394064755267
2024-05-30 00:00:00,27.30566372348776
2024-05-30 01:00:00,32.48199139780857
2024-05-30 02:00:00,29.33395987645755
2024-05-30 03:00:00,27.54461764603292
2024-05-30 04:00:00,33.91605464768339
2024-05-30 05:00:00,25.141999101538715
2024-05-30 06:00:00,28.76964953882542
2024-05-30 07:00:00,28.73792970267108
2024-05-30 08:00:00,31.96617425234547
2024-05-30 09:00:00,34.398080622369946
2024-05-30 10:00:00,27.548183336732514
2024-05-30 11:00:00,29.56417979171666
2024-05-30 12:00:00,28.80389305913152
2024-05-30 13:00:00,27.09077430331262
2024-05-30 14:00:00,26.431043653183792
2024-05-30 15:00:00,32.82470549209208
2024-05-30 16:00:00,28.84938892653998
2024-05-30 17:00:00,25.890127488357173
2024-05-30 18:00:00,26.391293103644912
2024-05-30 19:00:00,34.82586322784649
2024-05-30 20:00:00,25.981786687208604
2024-05-30 21:00:00,29.159711384119298
2024-05-30 22:00:00,26.29737365221916
2024-05-30 23:00:00,30.33450754266697
2024-05-31 00:00:00,29.45821632127973
2024-05-31 01:00:00,32.08722256747818
2024-05-31 02:00:00,25.900982241066934
2024-05-31 03:00:00,28.254625565658152
2024-05-31 04:00:00,33.3939321877127
2024-05-31 05:00:00,33.42035386241464
2024-05-31 06:00:00,25.904521032665414
2024-05-31 07:00:00,29.342229453781936
2024-05-31 08:00:00,28.499219386413134
2024-05-31 09:00:00,33.55659973017123
2024-05-31 10:00:00,26.4755475478806
2024-05-31 11:00:00,33.20023592668448
2024-05-31 12:00:00,25.226257129315666
2024-05-31 13:00:00,25.411281820813027
2024-05-31 14:00:00,26.192750127773945
2024-05-31 15:00:00,30.424886481556356
2024-05-31 16:00:00,30.373693877423058
2024-05-31 17:00:00,31.949825690107787
2024-05-31 18:00:00,27.26545487410536
2024-05-31 19:00:00,34.647354928728454
2024-05-31 20:00:00,34.03436936854344
2024-05-31 21:00:00,32.815123282188296
2024-05-31 22:00:00,28.634075746500045
2024-05-31 23:00:00,26.314864832092187
2024-06-01 00:00:00,33.456662520378835
2024-06-01 01:00:00,34.53694467837251
2024-06-01 02:00:00,31.66288816742882
2024-06-01 03:00:00,32.42566598246871
2024-06-01 04:00:00,28.168431195414378
2024-06-01 05:00:00,27.180076839634076
2024-06-01 06:00:00,26.421559325114174
2024-06-01 07:00:00,26.113927141345638
2024-06-01 08:00:00,33.52307606872158
2024-06-01 09:00:00,28.183873114345136
2024-06-01 10:00:00,27.793636085685
2024-06-01 11:00:00,29.47999644850282
2024-06-01 12:00:00,30.31449322100073
2024-06-01 13:00:00,31.678249012695424
2024-06-01 14:00:00,27.019938592506097
2024-06-01 15:00:00,29.900826953131734
2024-06-01 16:00:00,28.56781312458615
2024-06-01 17:00:00,25.235924253085955
2024-06-01 18:00:00,25.917615358082426
2024-06-01 19:00:00,34.37980626552563
2024-06-01 20:00:00,31.036058546226243
2024-06-01 21:00:00,26.458075976340098
2024-06-01 22:00:00,28.573610721325384
2024-06-01 23:00:00,34.60284620254037
2024-06-02 00:00:00,34.76622600480144
2024-06-02 01:00:00,28.40990316514835
2024-06-02 02:00:00,33.58716249825992
2024-06-02 03:00:00,32.204515897456744
2024-06-02 04:00:00,32.02605011639255
2024-06-02 05:00:00,29.289892240026603
2024-06-02 06:00:00,29.646281640030573
2024-06-02 07:00:00,28.602462447659533
2024-06-02 08:00:00,25.629922190686194
2024-06-02 09:00:00,26.101990170217796
2024-06-02 10:00:00,31.900171284883392
2024-06-02 11:00:00,33.393319388727235
2024-06-02 12:00:00,26.815255348130542
2024-06-02 13:00:00,25.07649990392199
2024-06-02 14:00:00,31.47127073889552
2024-06-02 15:00:00,31.66716704287136
2024-06-02 16:00:00,29.86452023957028
2024-06-02 17:00:00,32.25106587911341
2024-06-02 18:00:00,34.27273875843949
2024-06-02 19:00:00,28.635124015943447
2024-06-02 20:00:00,25.441347533600588
2024-06-02 21:00:00,30.73391015730962
2024-06-02 22:00:00,33.9339792503921
2024-06-02 23:00:00,27.90188399571041
2024-06-03 00:00:00,30.393926320437203
2024-06-03 01:00:00,33.818007572982765
2024-06-03 02:00:00,27.278126827698557
2024-06-03 03:00:00,34.059340220852675
2024-06-03 04:00:00,28.815961979162026
2024-06-03 05:00:00,30.09575048010636
2024-06-03 06:00:00,34.95295523709542
2024-06-03 07:00:00,33.794773154270196
2024-06-03 08:00:00,30.65672255726223
2024-06-03 09:00:00,29.285681643264788
2024-06-03 10:00:00,33.92780983414703
2024-06-03 11:00:00,28.505156491904298
2024-06-03 12:00:00,30.280016544453442
2024-06-03 13:00:00,30.33532356574728
2024-06-03 14:00:00,25.146005984391913
2024-06-03 15:00:00,34.08826321575125
2024-06-03 16:00:00,31.015333825049602
2024-06-03 17:00:00,26.39125728714977
2024-06-03 18:00:00,34.076693670979196
2024-06-03 19:00:00,30.91375454804131
2024-06-03 20:00:00,26.082494402853673
2024-06-03 21:00:00,27.016318062702716
2024-06-03 22:00:00,28.96114929354408
2024-06-03 23:00:00,33.939189978933726
2024-06-04 00:00:00,27.197610129556452
2024-06-04 01:00:00,30.07372676992629
2024-06-04 02:00:00,33.24812270114807
2024-06-04 03:00:00,26.58528867776718
2024-06-04 04:00:00,32.71628208253939
2024-06-04 05:00:00,26.724422705617584
2024-06-04 06:00:00,33.45193664363762
2024-06-04 07:00:00,30.906977132084034
2024-06-04 08:00:00,28.320763228110124
2024-06-04 09:00:00,31.815346709814005
2024-06-04 10:00:00,31.390485111171373
2024-06-04 11:00:00,31.44254341102302
2024-06-04 12:00:00,26.900256389747607
2024-06-04 13:00:00,28.684307671604962
2024-06-04 14:00:00,25.616728636947165
2024-06-04 15:00:00,27.67368161370719
2024-06-04 16:00:00,25.84447321119365
2024-06-04 17:00:00,26.63898643379028
2024-06-04 18:00:00,33.10885126938936
2024-06-04 19:00:00,27.335467092482045
2024-06-04 20:00:00,27.284724405005306
2024-06-04 21:00:00,30.298676321595337
2024-06-04 22:00:00,27.427441247626355
2024-06-04 23:00:00,25.818961846873734
2024-06-05 00:00:00,29.566619894878087
2024-06-05 01:00:00,31.712404541311148
2024-06-05 02:00:00,30.2922988628489
2024-06-05 03:00:00,29.626130812720636
2024-06-05 04:00:00,26.608348343088856
2024-06-05 05:00:00,32.69200428003292
2024-06-05 06:00:00,29.866830708572635
2024-06-05 07:00:00,34.142359325376766
2024-06-05 08:00:00,29.23365021214005
2024-06-05 09:00:00,32.056398350568585
2024-06-05 10:00:00,27.951224817272063
2024-06-05 11:00:00,25.58955309694656
2024-06-05 12:00:00,25.422529245366356
2024-06-05 13:00:00,33.38379575320779
2024-06-05 14:00:00,25.187339353839306
2024-06-05 15:00:00,31.489721598762312
2024-06-05 16:00:00,28.146095603957054
2024-06-05 17:00:00,25.908435614139513
2024-06-05 18:00:00,25.076464487435388
2024-06-05 19:00:00,28.060837339599107
2024-06-05 20:00:00,30.842246245863883
2024-06-05 21:00:00,26.371936223935716
2024-06-05 22:00:00,31.711259702518586
2024-06-05 23:00:00,25.255946302651544
2024-06-06 00:00:00,34.65459779095072
2024-06-06 01:00:00,31.163689897763387
2024-06-06 02:00:00,32.427808114262774
2024-06-06 03:00:00,34.859892938520986
2024-06-06 04:00:00,25.879296295937536
2024-06-06 05:00:00,29.365556337640154
2024-06-06 06:00:00,25.28643920223088
2024-06-06 07:00:00,26.84355938355588
2024-06-06 08:00:00,27.449254625045857
2024-06-06 09:00:00,28.655035684032608
2024-06-06 10:00:00,26.548947556726215
2024-06-06 11:00:00,27.754572418340903
2024-06-06 12:00:00,30.282288282013738
2024-06-06 13:00:00,26.578893891139096
2024-06-06 14:00:00,26.148815986564056
2024-06-06 15:00:00,29.272812314117722
2024-06-06 16:00:00,26.1602361194145
2024-06-06 17:00:00,33.12661530097966
2024-06-06 18:00:00,33.85745791926522
2024-06-06 19:00:00,26.24059710265048
2024-06-06 20:00:00,34.819993384578126
2024-06-06 21:00:00,27.78511977124427
2024-06-06 22:00:00,33.1785702946104
2024-06-06 23:00:00,25.4048428200636
2024-06-07 00:00:00,33.53226179088788
2024-06-07 01:00:00,29.4112705048925
2024-06-07 02:00:00,25.513302517061685
2024-06-07 03:00:00,32.44568305746584
2024-06-07 04:00:00,25.50889445540005
2024-06-07 05:00:00,33.36453512192847
2024-06-07 06:00:00,33.1370140227587
2024-06-07 07:00:00,29.509734536872774
2024-06-07 08:00:00,32.701054672136856
2024-06-07 09:00:00,25.507369919831575
2024-06-07 10:00:00,34.508660329520154
2024-06-07 11:00:00,25.68048344669227
2024-06-07 12:00:00,29.759486281167064
2024-06-07 13:00:00,25.838503430352482
2024-06-07 14:00:00,31.83257755114159
2024-06-07 15:00:00,29.123645786096947
2024-06-07 16:00:00,30.536076025349576
2024-06-07 17:00:00,28.37840315678857
2024-06-07 18:00:00,30.88227113964171
2024-06-07 19:00:00,25.286923253355354
2024-06-07 20:00:00,25.10232283494218
2024-06-07 21:00:00,31.392993858127276
2024-06-07 22:00:00,33.43839896780423
2024-06-07 23:00:00,33.90947657889632
2024-06-08 00:00:00,25.043130939699452
2024-06-08 01:00:00,34.74523828367853
2024-06-08 02:00:00,25.650791688213978
2024-06-08 03:00:00,26.291541898838126
2024-06-08 04:00:00,27.484103376095845
2024-06-08 05:00:00,30.06801173103587
2024-06-08 06:00:00,31.729110730360986
2024-06-08 07:00:00,29.060572323497418
2024-06-08 08:00:00,31.132264712244204
2024-06-08 09:00:00,31.83206326333373
2024-06-08 10:00:00,28.595640631633092
2024-06-08 11:00:00,33.935262407893504
2024-06-08 12:00:00,27.62700596342802
2024-06-08 13:00:00,31.06627008983997
2024-06-08 14:00:00,33.56961587321301
2024-06-08 15:00:00,27.939474363579777
2024-06-08 16:00:00,30.545457889182707
2024-06-08 17:00:00,26.800573137375935
2024-06-08 18:00:00,31.724507100340404
2024-06-08 19:00:00,33.017249186640825
2024-06-08 20:00:00,30.36803547162006
2024-06-08 21:00:00,26.369128661953937
2024-06-08 22:00:00,34.79691907699257
2024-06-08 23:00:00,27.274788572243963
2024-06-09 00:00:00,28.815316591049523
2024-06-09 01:00:00,27.140522461894662
2024-06-09 02:00:00,27.720794537363936
2024-06-09 03:00:00,33.32016235510179
2024-06-09 04:00:00,33.50929949058553
2024-06-09 05:00:00,29.304167289948495
2024-06-09 06:00:00,25.286335164543168
2024-06-09 07:00:00,30.566516479376077
2024-06-09 08:00:00,27.382324562444317
2024-06-09 09:00:00,34.84559932951362
2024-06-09 10:00:00,34.26729832432876
2024-06-09 11:00:00,31.99222302962237
2024-06-09 12:00:00,32.72494661274335
2024-06-09 13:00:00,31.43956648477
2024-06-09 14:00:00,32.96501778156876
2024-06-09 15:00:00,33.1728946632987
2024-06-09 16:00:00,27.864216593514293
2024-06-09 17:00:00,34.661955152354196
2024-06-09 18:00:00,33.30018838226928
2024-06-09 19:00:00,25.183875779488204
2024-06-09 20:00:00,31.065310084457618
2024-06-09 21:00:00,29.309441921018653
2024-06-09 22:00:00,30.25596314942492
2024-06-09 23:00:00,31.928729103303024
2024-06-10 00:00:00,33.419918698245915
2024-06-10 01:00:00,29.08437891378135
2024-06-10 02:00:00,33.14427706364309
2024-06-10 03:00:00,26.585212194415966
2024-06-10 04:00:00,30.848020456453234
2024-06-10 05:00:00,33.24127520434813
2024-06-10 06:00:00,26.077743278551395
2024-06-10 07:00:00,27.356776172253326
2024-06-10 08:00:00,33.453015607214304
2024-06-10 09:00:00,31.845575315048812
2024-06-10 10:00:00,26.428492655966714
2024-06-10 11:00:00,26.654792003031712
2024-06-10 12:00:00,31.240481310529773
2024-06-10 13:00:00,32.410624027861
2024-06-10 14:00:00,33.89776028722197
2024-06-10 15:00:00,33.831028382266354
2024-06-10 16:00:00,25.90053241127247
2024-06-10 17:00:00,33.556653182413264
2024-06-10 18:00:00,29.998616000492326
2024-06-10 19:00:00,33.069600028458304
2024-06-10 20:00:00,34.94744613912642
2024-06-10 21:00:00,29.349340565156297
2024-06-10 22:00:00,32.49810078881825
2024-06-10 23:00:00,27.154331008988827
2024-06-11 00:00:00,32.57795903887322
2024-06-11 01:00:00,30.341601378704667
2024-06-11 02:00:00,29.798619275767155
2024-06-11 03:00:00,29.92930365666365
2024-06-11 04:00:00,29.935397346393337
2024-06-11 05:00:00,33.759212023156714
2024-06-11 06:00:00,29.412600395328578
2024-06-11 07:00:00,32.134107244850846
2024-06-11 08:00:00,28.533638685745515
2024-06-11 09:00:00,34.5456047703143
2024-06-11 10:00:00,29.311951732450236
2024-06-11 11:00:00,32.06875149751496
2024-06-11 12:00:00,34.62765920862478
2024-06-11 13:00:00,28.505089106415163
2024-06-11 14:00:00,28.412566950886404
2024-06-11 15:00:00,27.005150701826583
2024-06-11 16:00:00,31.53210042132446
2024-06-11 17:00:00,33.42267065713715
2024-06-11 18:00:00,30.82391582504688
2024-06-11 19:00:00,31.875730013662704
2024-06-11 20:00:00,26.510834684774764
2024-06-11 21:00:00,32.96310840019075
2024-06-11 22:00:00,33.90136675599713
2024-06-11 23:00:00,27.70254324785757
2024-06-12 00:00:00,31.006255275652993
2024-06-12 01:00:00,29.329683854427113
2024-06-12 02:00:00,32.82643027898347
2024-06-12 03:00:00,26.826415039580226
2024-06-12 04:00:00,31.28284401873374
2024-06-12 05:00:00,31.711361152891794
2024-06-12 06:00:00,25.236611753685423
2024-06-12 07:00:00,26.828436857183668
2024-06-12 08:00:00,28.76694252870297
2024-06-12 09:00:00,25.911410426841783
2024-06-12 10:00:00,33.098476627724395
2024-06-12 11:00:00,30.51183351081122
2024-06-12 12:00:00,33.29976942881591
2024-06-12 13:00:00,26.21836183787832
2024-06-12 14:00:00,28.435776205281517
2024-06-12 15:00:00,32.94461671999164
2024-06-12 16:00:00,32.97024037102982
2024-06-12 17:00:00,26.05451585300123
2024-06-12 18:00:00,27.441099512250194
2024-06-12 19:00:00,34.87989805238522
2024-06-12 20:00:00,30.299968900658833
2024-06-12 21:00:00,34.09408965161067
2024-06-12 22:00:00,28.473012306997802
2024-06-12 23:00:00,27.375908708364072
2024-06-13 00:00:00,30.682961412917418
2024-06-13 01:00:00,31.141000123335854
2024-06-13 02:00:00,25.896944277969858
2024-06-13 03:00:00,25.072554780622273
2024-06-13 04:00:00,27.972898772998608
2024-06-13 05:00:00,33.77726905060065
2024-06-13 06:00:00,30.561444986445675
2024-06-13 07:00:00,26.890855053424822
2024-06-13 08:00:00,34.77005043213552
2024-06-13 09:00:00,28.276150519997078
2024-06-13 10:00:00,25.901320485287805
2024-06-13 11:00:00,26.96387475731946
2024-06-13 12:00:00,34.71453693054106
2024-06-13 13:00:00,29.647234442509706
2024-06-13 14:00:00,25.013988132185453
2024-06-13 15:00:00,34.730690481745555
2024-06-13 16:00:00,27.0704091300245
2024-06-13 17:00:00,27.01566479268788
2024-06-13 18:00:00,29.211516104520218
2024-06-13 19:00:00,28.90987776353776
2024-06-13 20:00:00,34.11589682644241
2024-06-13 21:00:00,28.750742817978228
2024-06-13 22:00:00,26.922458555427
2024-06-13 23:00:00,32.856751578321145
2024-06-14 00:00:00,30.096738270442046
2024-06-14 01:00:00,28.811803563583446
2024-06-14 02:00:00,30.174458928826873
2024-06-14 03:00:00,26.065565171695688
2024-06-14 04:00:00,26.08987157542616
2024-06-14 05:00:00,30.507156722657516
2024-06-14 06:00:00,32.170783921477366
2024-06-14 07:00:00,28.0892388710648
2024-06-14 08:00:00,30.180458365747214
2024-06-14 09:00:00,25.54135997158129
2024-06-14 10:00:00,27.141437735475176
2024-06-14 11:00:00,33.337131503458274
2024-06-14 12:00:00,26.014948788442663
2024-06-14 13:00:00,32.33506477463251
2024-06-14 14:00:00,28.838440866088426
2024-06-14 15:00:00,30.790715718480925
2024-06-14 16:00:00,25.95680686668667
2024-06-14 17:00:00,25.220939381038207
2024-06-14 18:00:00,31.472298848787872
2024-06-14 19:00:00,31.56736292199685
2024-06-14 20:00:00,32.86475209804987
2024-06-14 21:00:00,29.24846068805293
2024-06-14 22:00:00,34.539854261453385
2024-06-14 23:00:00,30.26566303217465
2024-06-15 00:00:00,29.398608275612247
2024-06-15 01:00:00,34.597055424575856
2024-06-15 02:00:00,26.870647179727776
2024-06-15 03:00:00,33.38337921563672
2024-06-15 04:00:00,26.601731152858566
2024-06-15 05:00:00,31.215085774167417
2024-06-15 06:00:00,28.982967975619886
2024-06-15 07:00:00,26.42293785063248
2024-06-15 08:00:00,31.018810399835473
2024-06-15 09:00:00,27.366133955529218
2024-06-15 10:00:00,29.71589088105789
2024-06-15 11:00:00,31.043640024172618
2024-06-15 12:00:00,26.136425412650226
2024-06-15 13:00:00,34.22496059659116
2024-06-15 14:00:00,30.61127072922979
2024-06-15 15:00:00,25.98679894691931
2024-06-15 16:00:00,30.347744734724728
2024-06-15 17:00:00,25.970720205817084
2024-06-15 18:00:00,33.941908236092885
2024-06-15 19:00:00,27.60246397104954
2024-06-15 20:00:00,25.82208761926933
2024-06-15 21:00:00,33.12554746970586
2024-06-15 22:00:00,25.408852865075314
2024-06-15 23:00:00,31.493133946059118
2024-06-16 00:00:00,34.16722794601707
2024-06-16 01:00:00,34.51628854213215
2024-06-16 02:00:00,31.25379341161998
2024-06-16 03:00:00,25.594815293581526
2024-06-16 04:00:00,29.986005675946643
2024-06-16 05:00:00,31.004179700194
2024-06-16 06:00:00,31.73054803132934
2024-06-16 07:00:00,27.997119065135507
2024-06-16 08:00:00,26.622892884862452
2024-06-16 09:00:00,25.00395864635404
2024-06-16 10:00:00,32.27221426433046
2024-06-16 11:00:00,25.927116053788144
2024-06-16 12:00:00,26.649997433888956
2024-06-16 13:00:00,30.20778955433341
2024-06-16 14:00:00,30.118986939910982
2024-06-16 15:00:00,33.616800596768144
2024-06-16 16:00:00,29.666757340787704
2024-06-16 17:00:00,33.856259368476884
2024-06-16 18:00:00,26.312616595261048
2024-06-16 19:00:00,29.151286084209744
2024-06-16 20:00:00,30.336211806393486
2024-06-16 21:00:00,33.80412785659766
2024-06-16 22:00:00,29.866303492849028
2024-06-16 23:00:00,26.852227681944075
2024-06-17 00:00:00,30.026036997124272
2024-06-17 01:00:00,32.79793970834716
2024-06-17 02:00:00,31.223266831636785
2024-06-17 03:00:00,29.63962618145552
2024-06-17 04:00:00,27.71835053385017
2024-06-17 05:00:00,34.275653287823964
2024-06-17 06:00:00,32.084541025442924
2024-06-17 07:00:00,32.140422846187754
2024-06-17 08:00:00,26.13520670655906
2024-06-17 09:00:00,30.63669336833398
2024-06-17 10:00:00,25.901987644057485
2024-06-17 11:00:00,25.012525937594276
2024-06-17 12:00:00,28.348239235380465
2024-06-17 13:00:00,30.051515518155625
2024-06-17 14:00:00,32.21707817675209
2024-06-17 15:00:00,33.215078139186005
2024-06-17 16:00:00,30.31135427837266
2024-06-17 17:00:00,32.42557867450928
2024-06-17 18:00:00,29.026896993561294
2024-06-17 19:00:00,29.09074187287596
2024-06-17 20:00:00,32.42703674554102
2024-06-17 21:00:00,26.138120880409097
2024-06-17 22:00:00,26.91021500694953
2024-06-17 23:00:00,29.164670315608323
2024-06-18 00:00:00,33.225021899058305
2024-06-18 01:00:00,33.23428523726431
2024-06-18 02:00:00,26.144036940874347
2024-06-18 03:00:00,34.69997914919066
2024-06-18 04:00:00,27.055106943827976
2024-06-18 05:00:00,31.690332184591156
2024-06-18 06:00:00,25.28087630380657
2024-06-18 07:00:00,32.83936940388744
2024-06-18 08:00:00,26.63370559216661
2024-06-18 09:00:00,27.54320516386268
2024-06-18 10:00:00,25.68390293989147
2024-06-18 11:00:00,27.755864763445537
2024-06-18 12:00:00,33.1304678181049
2024-06-18 13:00:00,25.475337795568052
2024-06-18 14:00:00,26.685644913917983
2024-06-18 15:00:00,27.161899106071367
2024-06-18 16:00:00,25.883125733829687
2024-06-18 17:00:00,27.032377037795825
2024-06-18 18:00:00,28.21430779528642
2024-06-18 19:00:00,33.62015258815456
2024-06-18 20:00:00,32.47396174940605
2024-06-18 21:00:00,30.83987982520911
2024-06-18 22:00:00,30.118507073355527
2024-06-18 23:00:00,30.176178714769165
2024-06-19 00:00:00,26.901073944574428
2024-06-19 01:00:00,33.76720625027637
2024-06-19 02:00:00,33.333036034219916
2024-06-19 03:00:00,26.351998273685137
2024-06-19 04:00:00,25.19680718424905
2024-06-19 05:00:00,30.368192075322384
2024-06-19 06:00:00,32.22411299987047
2024-06-19 07:00:00,32.94033707258344
2024-06-19 08:00:00,33.43304534716229
2024-06-19 09:00:00,32.97392815640781
2024-06-19 10:00:00,30.047174192481897
2024-06-19 11:00:00,32.47357059217347
2024-06-19 12:00:00,26.21386880361617
2024-06-19 13:00:00,29.66551076307945
2024-06-19 14:00:00,28.480227197563185
2024-06-19 15:00:00,25.049487972893143
2024-06-19 16:00:00,31.964156972532233
2024-06-19 17:00:00,30.467658596014495
2024-06-19 18:00:00,33.33112837484851
2024-06-19 19:00:00,25.50821735541018
2024-06-19 20:00:00,30.290929546228977
2024-06-19 21:00:00,30.251828009425452
2024-06-19 22:00:00,29.012913328157158
2024-06-19 23:00:00,29.595912320940148
2024-06-20 00:00:00,29.134764567983876
2024-06-20 01:00:00,33.68407687130755
2024-06-20 02:00:00,33.36741400632739
2024-06-20 03:00:00,29.942171860143613
2024-06-20 04:00:00,25.58467909221332
2024-06-20 05:00:00,29.71182897668057
2024-06-20 06:00:00,31.630303276255866
2024-06-20 07:00:00,33.80279773246631
2024-06-20 08:00:00,30.1042301151387
2024-06-20 09:00:00,33.119530509018325
2024-06-20 10:00:00,30.514141315997662
2024-06-20 11:00:00,30.45026297544423
2024-06-20 12:00:00,33.92783427519824
2024-06-20 13:00:00,31.77334992883184
2024-06-20 14:00:00,26.17911965366262
2024-06-20 15:00:00,31.81668798480075
2024-06-20 16:00:00,25.33703696914036
2024-06-20 17:00:00,32.1515461838526
2024-06-20 18:00:00,30.63079026135508
2024-06-20 19:00:00,29.00871219874233
2024-06-20 20:00:00,34.34059067125909
2024-06-20 21:00:00,28.47740002850014
2024-06-20 22:00:00,31.118253573890435
2024-06-20 23:00:00,33.416764338760196
2024-06-21 00:00:00,31.740926498085525
2024-06-21 01:00:00,30.07080691658702
2024-06-21 02:00:00,25.34399608747032
2024-06-21 03:00:00,31.67608723893008
2024-06-21 04:00:00,25.15646864163474
2024-06-21 05:00:00,29.945851432499058
2024-06-21 06:00:00,30.294466945067384
2024-06-21 07:00:00,29.493391177344694
2024-06-21 08:00:00,27.49322232061469
2024-06-21 09:00:00,29.62099305933448
2024-06-21 10:00:00,32.94288913578308
2024-06-21 11:00:00,26.881608253323243
2024-06-21 12:00:00,30.333951156644986
2024-06-21 13:00:00,34.71208092467529
2024-06-21 14:00:00,28.864061569410744
2024-06-21 15:00:00,27.380423818185143
2024-06-21 16:00:00,29.907958967873505
2024-06-21 17:00:00,31.393854123346472
2024-06-21 18:00:00,32.595450593469586
2024-06-21 19:00:00,29.274288499348337
2024-06-21 20:00:00,33.913119669520626
2024-06-21 21:00:00,29.058363764640433
2024-06-21 22:00:00,28.63475397924264
2024-06-21 23:00:00,28.88436309379695
2024-06-22 00:00:00,31.106774067391374
2024-06-22 01:00:00,26.228030235739457
2024-06-22 02:00:00,31.795729754261988
2024-06-22 03:00:00,32.572407776739595
2024-06-22 04:00:00,33.66861094235074
2024-06-22 05:00:00,27.703912016126182
2024-06-22 06:00:00,30.885812853110092
2024-06-22 07:00:00,30.55194611803876
2024-06-22 08:00:00,25.360315066094163
2024-06-22 09:00:00,34.47586172902554
2024-06-22 10:00:00,28.891337390580667
2024-06-22 11:00:00,34.04461687254526
2024-06-22 12:00:00,30.8722499391014
2024-06-22 13:00:00,26.92230099728599
2024-06-22 14:00:00,25.224950117089907
2024-06-22 15:00:00,34.89391055880703
2024-06-22 16:00:00,31.402586627669223
2024-06-22 17:00:00,32.998718902079204
2024-06-22 18:00:00,30.53400677764752
2024-06-22 19:00:00,34.75297370370518
2024-06-22 20:00:00,31.544864397602772
2024-06-22 21:00:00,32.956263524408286
2024-06-22 22:00:00,33.46223851528116
2024-06-22 23:00:00,33.96448753156497
2024-06-23 00:00:00,27.080539514867034
2024-06-23 01:00:00,32.240753569511
2024-06-23 02:00:00,25.151434835123954
2024-06-23 03:00:00,29.222890958380574
2024-06-23 04:00:00,27.796945200647
2024-06-23 05:00:00,28.781513983230127
2024-06-23 06:00:00,26.237570406395204
2024-06-23 07:00:00,34.22509436165976
2024-06-23 08:00:00,30.889461831575318
2024-06-23 09:00:00,33.341936374412235
2024-06-23 10:00:00,28.874094841572198
2024-06-23 11:00:00,30.176869072619787
2024-06-23 12:00:00,31.10159132830436
2024-06-23 13:00:00,27.275433976394115
2024-06-23 14:00:00,32.44817050952268
2024-06-23 15:00:00,31.99383152606736
2024-06-23 16:00:00,34.84818695273647
2024-06-23 17:00:00,29.445934998457926
2024-06-23 18:00:00,34.42867310086243
2024-06-23 19:00:00,28.707758330573903
2024-06-23 20:00:00,27.724502598803458
2024-06-23 21:00:00,27.907308731720274
2024-06-23 22:00:00,31.440759276174845
2024-06-23 23:00:00,25.36291635866209
2024-06-24 00:00:00,25.51213169324318
2024-06-24 01:00:00,33.741068004739816
2024-06-24 02:00:00,26.90463164636405
2024-06-24 03:00:00,32.21095097358333
2024-06-24 04:00:00,33.97464575564931
2024-06-24 05:00:00,34.51947569153918
2024-06-24 06:00:00,26.934143896383052
2024-06-24 07:00:00,26.017371447291517
2024-06-24 08:00:00,25.081956667930907
2024-06-24 09:00:00,26.439692614518762
2024-06-24 10:00:00,33.039996835283326
2024-06-24 11:00:00,33.62055694185388
2024-06-24 12:00:00,32.22655845258095
2024-06-24 13:00:00,30.585983347801395
2024-06-24 14:00:00,26.792294139908435
2024-06-24 15:00:00,32.56705891855353
2024-06-24 16:00:00,34.92062198417023
2024-06-24 17:00:00,29.662908417151954
2024-06-24 18:00:00,34.7648397597324
2024-06-24 19:00:00,33.67211185063569
2024-06-24 20:00:00,27.850163217048586
2024-06-24 21:00:00,32.20568013834621
2024-06-24 22:00:00,31.239668221187372
2024-06-24 23:00:00,34.51989156009402
2024-06-25 00:00:00,32.151467733755055
2024-06-25 01:00:00,34.88988972602879
2024-06-25 02:00:00,28.39034361517494
2024-06-25 03:00:00,30.6931323946177
2024-06-25 04:00:00,32.018644155740475
2024-06-25 05:00:00,26.960253274988254
2024-06-25 06:00:00,26.633304056093515
2024-06-25 07:00:00,29.808205719456637
2024-06-25 08:00:00,26.81783819785584
2024-06-25 09:00:00,28.007478735701866
2024-06-25 10:00:00,32.343952771325064
2024-06-25 11:00:00,30.352119439081825
2024-06-25 12:00:00,31.488511116385084
2024-06-25 13:00:00,31.824016228678932
2024-06-25 14:00:00,30.5565900289489
2024-06-25 15:00:00,27.81443016783017
2024-06-25 16:00:00,34.63300131646238
2024-06-25 17:00:00,27.771687501747284
2024-06-25 18:00:00,32.72132504381501
2024-06-25 19:00:00,27.189299545345378
2024-06-25 20:00:00,26.26685740875841
2024-06-25 21:00:00,34.700284086078454
2024-06-25 22:00:00,25.436470501847666
2024-06-25 23:00:00,27.36162681918457
2024-06-26 00:00:00,30.98976201981937
2024-06-26 01:00:00,33.651814217855154
2024-06-26 02:00:00,28.383423130437308
2024-06-26 03:00:00,34.18592476703715
2024-06-26 04:00:00,32.0931694985894
2024-06-26 05:00:00,34.96590465454384
2024-06-26 06:00:00,29.067493627401593
2024-06-26 07:00:00,26.918804745868286
2024-06-26 08:00:00,33.73151871762106
2024-06-26 09:00:00,32.21035727338176
2024-06-26 10:00:00,29.205070393179675
2024-06-26 11:00:00,30.608929427400327
2024-06-26 12:00:00,34.40574386224635
2024-06-26 13:00:00,31.945360085052666
2024-06-26 14:00:00,30.91208089436181
2024-06-26 15:00:00,28.462692430767255
2024-06-26 16:00:00,28.807995184684295
2024-06-26 17:00:00,28.49227787693283
2024-06-26 18:00:00,31.346157808461534
2024-06-26 19:00:00,25.170342934698834
2024-06-26 20:00:00,33.65487076979473
2024-06-26 21:00:00,25.046969144265177
2024-06-26 22:00:00,28.94489690328577
2024-06-26 23:00:00,28.20506971420822
2024-06-27 00:00:00,26.21055421309591
2024-06-27 01:00:00,34.66623779653187
2024-06-27 02:00:00,31.989372181362818
2024-06-27 03:00:00,27.383106832331443
2024-06-27 04:00:00,31.325370006945512
2024-06-27 05:00:00,34.6918300690795
2024-06-27 06:00:00,29.86228519390026
2024-06-27 07:00:00,32.54423814701048
2024-06-27 08:00:00,27.708949541727222
2024-06-27 09:00:00,32.44977483585202
2024-06-27 10:00:00,28.7680665447961
2024-06-27 11:00:00,28.402543729884016
2024-06-27 12:00:00,31.55061614605131
2024-06-27 13:00:00,26.145484090100403
2024-06-27 14:00:00,31.76242962823463
2024-06-27 15:00:00,28.674277752503407
2024-06-27 16:00:00,34.39965621101853
2024-06-27 17:00:00,28.5269417928639
2024-06-27 18:00:00,32.348092392383215
2024-06-27 19:00:00,28.71325422593079
2024-06-27 20:00:00,28.654668900258052
2024-06-27 21:00:00,30.777144939454715
2024-06-27 22:00:00,34.123485546730066
2024-06-27 23:00:00,28.37286330190075
2024-06-28 00:00:00,32.82182398175475
2024-06-28 01:00:00,31.89260399882274
2024-06-28 02:00:00,26.761700746698242
2024-06-28 03:00:00,30.695151391494832
2024-06-28 04:00:00,28.640845014771894
2024-06-28 05:00:00,33.04465992584469
2024-06-28 06:00:00,26.526743450884098
2024-06-28 07:00:00,32.20457445077919
2024-06-28 08:00:00,30.978098574824863
2024-06-28 09:00:00,28.57194067229099
2024-06-28 10:00:00,34.900384887266156
2024-06-28 11:00:00,29.07799911216946
2024-06-28 12:00:00,33.25055825258782
2024-06-28 13:00:00,29.370261030699922
2024-06-28 14:00:00,31.518876723522293
2024-06-28 15:00:00,32.43811114955267
2024-06-28 16:00:00,29.736149209952615
2024-06-28 17:00:00,28.483647883239026
2024-06-28 18:00:00,32.95168925966696
2024-06-28 19:00:00,27.63573673425722
2024-06-28 20:00:00,28.949039985729797
2024-06-28 21:00:00,25.326578523374348
2024-06-28 22:00:00,25.922006841518012
2024-06-28 23:00:00,32.89071354565725
2024-06-29 00:00:00,26.705352107221728
2024-06-29 01:00:00,27.517915911961367
2024-06-29 02:00:00,30.753300622074565
2024-06-29 03:00:00,27.80343907908506
2024-06-29 04:00:00,26.74392948689747
2024-06-29 05:00:00,30.096750561344017
2024-06-29 06:00:00,28.233560047469116
2024-06-29 07:00:00,25.537832568178196
2024-06-29 08:00:00,29.813538457654307
2024-06-29 09:00:00,34.129002692710586
2024-06-29 10:00:00,25.7369746390758
2024-06-29 11:00:00,26.972328172376383
2024-06-29 12:00:00,26.26522962870096
2024-06-29 13:00:00,34.959767257265526
2024-06-29 14:00:00,27.868433158441917
2024-06-29 15:00:00,27.950862151679146
2024-06-29 16:00:00,28.931287920043978
2024-06-29 17:00:00,27.468017822972122
2024-06-29 18:00:00,31.693235884543398
2024-06-29 19:00:00,28.976293506323387
2024-06-29 20:00:00,27.863411604816218
2024-06-29 21:00:00,31.938907511548084
2024-06-29 22:00:00,32.45252947253494
2024-06-29 23:00:00,27.79960179903081
2024-06-30 00:00:00,29.198395924339998
2024-06-30 01:00:00,30.91628054263107
2024-06-30 02:00:00,31.000208230980423
2024-06-30 03:00:00,34.43016795338295
2024-06-30 04:00:00,28.173026258676707
2024-06-30 05:00:00,27.412471415410796
2024-06-30 06:00:00,26.23653391144499
2024-06-30 07:00:00,28.666773504538313
2024-06-30 08:00:00,30.820240562708744
2024-06-30 09:00:00,32.89403649802166
2024-06-30 10:00:00,29.80108149212815
2024-06-30 11:00:00,27.477750531627958
2024-06-30 12:00:00,34.43400107706125
2024-06-30 13:00:00,25.397520799505536
2024-06-30 14:00:00,31.593352057690886
2024-06-30 15:00:00,31.796548187955096
2024-06-30 16:00:00,28.844164678430392
2024-06-30 17:00:00,32.112330101520584
2024-06-30 18:00:00,32.940469445381176
2024-06-30 19:00:00,30.927664823926214
2024-06-30 20:00:00,32.771863588716435
2024-06-30 21:00:00,25.804837055954586
2024-06-30 22:00:00,32.618727072867586
2024-06-30 23:00:00,33.736288387390935
2024-07-01 00:00:00,34.104120745824645
2024-07-01 01:00:00,29.87606384544079
2024-07-01 02:00:00,25.86812923688502
2024-07-01 03:00:00,26.66997875276835
2024-07-01 04:00:00,34.26419447340433
2024-07-01 05:00:00,34.46262091985952
2024-07-01 06:00:00,34.721959884881784
2024-07-01 07:00:00,33.53227298491359
2024-07-01 08:00:00,30.27668251399799
2024-07-01 09:00:00,26.2123104701431
2024-07-01 10:00:00,28.74329143595142
2024-07-01 11:00:00,25.1901530854553
2024-07-01 12:00:00,28.521811087917175
2024-07-01 13:00:00,33.64714516567268
2024-07-01 14:00:00,27.326546653933026
2024-07-01 15:00:00,26.80474183190045
2024-07-01 16:00:00,34.86677770362867
2024-07-01 17:00:00,31.762638765252415
2024-07-01 18:00:00,32.5331726262815
2024-07-01 19:00:00,31.06721209536184
2024-07-01 20:00:00,25.431347785975944
2024-07-01 21:00:00,32.3667758213939
2024-07-01 22:00:00,25.818326239020347
2024-07-01 23:00:00,34.070711548560794
2024-07-02 00:00:00,27.906945391510874
2024-07-02 01:00:00,27.36234228084468
2024-07-02 02:00:00,32.28392930897542
2024-07-02 03:00:00,26.878039250399155
2024-07-02 04:00:00,25.19339821895135
2024-07-02 05:00:00,33.7293345854459
2024-07-02 06:00:00,33.74366280648112
2024-07-02 07:00:00,30.86014884599147
2024-07-02 08:00:00,29.430733897298467
2024-07-02 09:00:00,25.343478026879204
2024-07-02 10:00:00,33.57232948647195
2024-07-02 11:00:00,27.338087458746436
2024-07-02 12:00:00,34.81790404328279
2024-07-02 13:00:00,28.858227005281776
2024-07-02 14:00:00,33.159394708353375
2024-07-02 15:00:00,31.550971080891514
2024-07-02 16:00:00,25.64457241038747
2024-07-02 17:00:00,26.65573971605669
2024-07-02 18:00:00,26.823335692481155
2024-07-02 19:00:00,30.542231552639876
2024-07-02 20:00:00,32.16553607735611
2024-07-02 21:00:00,34.00262193857032
2024-07-02 22:00:00,32.992833202623515
2024-07-02 23:00:00,30.09486897579398
2024-07-03 00:00:00,28.67028671296717
2024-07-03 01:00:00,28.32948570364119
2024-07-03 02:00:00,31.73748237773966
2024-07-03 03:00:00,26.445319930272415
2024-07-03 04:00:00,28.42839823082213
2024-07-03 05:00:00,32.36088746426087
2024-07-03 06:00:00,25.337101688160644
2024-07-03 07:00:00,34.651148891903816
2024-07-03 08:00:00,30.66476592630743
2024-07-03 09:00:00,28.95402369596524
2024-07-03 10:00:00,33.368202699998086
2024-07-03 11:00:00,27.66898852264171
2024-07-03 12:00:00,25.092899387134196
2024-07-03 13:00:00,32.367074912173564
2024-07-03 14:00:00,32.41853422490687
2024-07-03 15:00:00,31.744500725627777
2024-07-03 16:00:00,31.47417663587577
2024-07-03 17:00:00,31.858377177450457
2024-07-03 18:00:00,30.068680405876677
2024-07-03 19:00:00,29.20775903323438
2024-07-03 20:00:00,33.75917606626871
2024-07-03 21:00:00,25.493404919442856
2024-07-03 22:00:00,26.920227954911507
2024-07-03 23:00:00,29.944502462673526
2024-07-04 00:00:00,28.80635273402651
2024-07-04 01:00:00,30.300740324153864
2024-07-04 02:00:00,34.00362722346263
2024-07-04 03:00:00,30.111306875152614
2024-07-04 04:00:00,28.517362890421335
2024-07-04 05:00:00,30.923529356036774
2024-07-04 06:00:00,28.631380792482105
2024-07-04 07:00:00,31.292215293297012
2024-07-04 08:00:00,30.797560383861743
2024-07-04 09:00:00,28.256904077406567
2024-07-04 10:00:00,25.83600746260256
2024-07-04 11:00:00,30.504800627963956
2024-07-04 12:00:00,33.644974600679966
2024-07-04 13:00:00,30.542063111089632
2024-07-04 14:00:00,32.74405584538252
2024-07-04 15:00:00,27.73263979421641
2024-07-04 16:00:00,30.630212306326356
2024-07-04 17:00:00,27.384420636785944
2024-07-04 18:00:00,34.91576767201121
2024-07-04 19:00:00,32.63627640309302
2024-07-04 20:00:00,29.02883129777327
2024-07-04 21:00:00,27.37307627459198
2024-07-04 22:00:00,26.55204888868384
2024-07-04 23:00:00,30.518734602527907
2024-07-05 00:00:00,32.932226305824344
2024-07-05 01:00:00,30.154725353862787
2024-07-05 02:00:00,26.863828856470935
2024-07-05 03:00:00,31.63084719985696
2024-07-05 04:00:00,25.189289874487283
2024-07-05 05:00:00,32.383608881196686
2024-07-05 06:00:00,25.12754097272945
2024-07-05 07:00:00,30.945940083877286
2024-07-05 08:00:00,31.144139117666096
2024-07-05 09:00:00,31.715213682150903
2024-07-05 10:00:00,32.726479915472524
2024-07-05 11:00:00,26.319695155542256
2024-07-05 12:00:00,32.1320470273986
2024-07-05 13:00:00,29.82040134761643
2024-07-05 14:00:00,28.929436877068312
2024-07-05 15:00:00,29.90644156880963
2024-07-05 16:00:00,29.70303345971141
2024-07-05 17:00:00,28.593829498471052
2024-07-05 18:00:00,26.558403845515322
2024-07-05 19:00:00,30.932302149847153
2024-07-05 20:00:00,33.40977496746741
2024-07-05 21:00:00,30.85544559380829
2024-07-05 22:00:00,34.24666285741176
2024-07-05 23:00:00,30.65345076005922
2024-07-06 00:00:00,31.515297133040548
2024-07-06 01:00:00,29.596286655933454
2024-07-06 02:00:00,25.010355536485164
2024-07-06 03:00:00,29.510274237882264
2024-07-06 04:00:00,25.29776803549725
2024-07-06 05:00:00,32.851481021842496
2024-07-06 06:00:00,29.80238193270167
2024-07-06 07:00:00,31.638122711987535
2024-07-06 08:00:00,29.74122656589379
2024-07-06 09:00:00,30.599433989202282
2024-07-06 10:00:00,34.2720697211444
2024-07-06 11:00:00,25.238383276784432
2024-07-06 12:00:00,34.12390951397894
2024-07-06 13:00:00,34.69586291623654
2024-07-06 14:00:00,32.51628858081149
2024-07-06 15:00:00,26.248797620752093
2024-07-06 16:00:00,27.447727300882708
2024-07-06 17:00:00,33.63065699231837
2024-07-06 18:00:00,26.05201031228289
2024-07-06 19:00:00,34.263349638973125
2024-07-06 20:00:00,27.874176325751833
2024-07-06 21:00:00,26.031230668578146
2024-07-06 22:00:00,27.8507677941027
2024-07-06 23:00:00,29.836157818351158
2024-07-07 00:00:00,31.369316348629937
2024-07-07 01:00:00,32.991697716978074
2024-07-07 02:00:00,27.5097199917921
2024-07-07 03:00:00,30.138255267052394
2024-07-07 04:00:00,30.225380268213616
2024-07-07 05:00:00,30.003781189623435
2024-07-07 06:00:00,26.956552092172693
2024-07-07 07:00:00,26.564157990070406
2024-07-07 08:00:00,26.850561382685658
2024-07-07 09:00:00,28.958985833209656
2024-07-07 10:00:00,26.51640583499485
2024-07-07 11:00:00,26.068117317481622
2024-07-07 12:00:00,25.615755433167138
2024-07-07 13:00:00,32.682752835637395
2024-07-07 14:00:00,32.522775994670724
2024-07-07 15:00:00,28.96651770395812
2024-07-07 16:00:00,28.53662810996573
2024-07-07 17:00:00,28.33427077594432
2024-07-07 18:00:00,25.11201708218208
2024-07-07 19:00:00,26.589146467068723
2024-07-07 20:00:00,27.390538929721494
2024-07-07 21:00:00,30.618404530926973
2024-07-07 22:00:00,26.055458709567233
2024-07-07 23:00:00,32.953629473547046
2024-07-08 00:00:00,27.884261558859333
2024-07-08 01:00:00,31.890215248822358
2024-07-08 02:00:00,27.496763392435643
2024-07-08 03:00:00,27.07281407738921
2024-07-08 04:00:00,28.038754201171997
2024-07-08 05:00:00,26.89701996275236
2024-07-08 06:00:00,28.903983574143105
2024-07-08 07:00:00,29.320805343819266
2024-07-08 08:00:00,30.809055301844044
2024-07-08 09:00:00,31.06070415768339
2024-07-08 10:00:00,30.396264523748172
2024-07-08 11:00:00,30.16356245572352
2024-07-08 12:00:00,29.602592667065824
2024-07-08 13:00:00,32.18661039428558
2024-07-08 14:00:00,33.024888654639476
2024-07-08 15:00:00,29.41630584339039
2024-07-08 16:00:00,33.32589633250013
2024-07-08 17:00:00,29.791523637219413
2024-07-08 18:00:00,32.31622491691694
2024-07-08 19:00:00,32.30984603724341
2024-07-08 20:00:00,33.287074606982685
2024-07-08 21:00:00,34.754183597144305
2024-07-08 22:00:00,29.707205157163468
2024-07-08 23:00:00,29.17258544108403
2024-07-09 00:00:00,34.58239303170652
2024-07-09 01:00:00,32.384896688010215
2024-07-09 02:00:00,27.874115694110586
2024-07-09 03:00:00,25.48908090964199
2024-07-09 04:00:00,31.353661869971603
2024-07-09 05:00:00,27.59287109941226
2024-07-09 06:00:00,31.39014730659783
2024-07-09 07:00:00,25.854579884617763
2024-07-09 08:00:00,26.83394315826157
2024-07-09 09:00:00,29.780109537496685
2024-07-09 10:00:00,25.617666112745013
2024-07-09 11:00:00,28.463007720244686
2024-07-09 12:00:00,32.32412420195496
2024-07-09 13:00:00,27.37356070096723
2024-07-09 14:00:00,28.22777291176149
2024-07-09 15:00:00,32.179750364239766
2024-07-09 16:00:00,32.70018544370812
2024-07-09 17:00:00,33.30282794451764
2024-07-09 18:00:00,26.20160651394582
2024-07-09 19:00:00,32.05544176371487
2024-07-09 20:00:00,26.615139186709747
2024-07-09 21:00:00,26.566342698871438
2024-07-09 22:00:00,25.48203632954918
2024-07-09 23:00:00,29.656050951027815
2024-07-10 00:00:00,25.579086860345082
2024-07-10 01:00:00,32.62446300196602
2024-07-10 02:00:00,33.37791285465779
2024-07-10 03:00:00,34.06192859846355
2024-07-10 04:00:00,26.09651789161652
2024-07-10 05:00:00,30.078308057302596
2024-07-10 06:00:00,30.841157855337606
2024-07-10 07:00:00,31.16547806444174
2024-07-10 08:00:00,31.00219666466375
2024-07-10 09:00:00,26.247029888396902
2024-07-10 10:00:00,33.118777103099035
2024-07-10 11:00:00,31.38358028198435
2024-07-10 12:00:00,30.96078919167163
2024-07-10 13:00:00,29.025553002728742
2024-07-10 14:00:00,25.912457331227404
2024-07-10 15:00:00,31.630667469148204
2024-07-10 16:00:00,28.672281863983688
2024-07-10 17:00:00,33.383263647443286
2024-07-10 18:00:00,32.70904978198593
2024-07-10 19:00:00,27.47518633349823
2024-07-10 20:00:00,27.803571207034437
2024-07-10 21:00:00,33.94462109579382
2024-07-10 22:00:00,31.31684549483133
2024-07-10 23:00:00,28.038781624616163
2024-07-11 00:00:00,31.760770826359703
2024-07-11 01:00:00,28.4749898460749
2024-07-11 02:00:00,33.567412028968
2024-07-11 03:00:00,26.930646659427122
2024-07-11 04:00:00,32.78437629264683
2024-07-11 05:00:00,31.792747063610424
2024-07-11 06:00:00,26.067592546488772
2024-07-11 07:00:00,25.165172701127116
2024-07-11 08:00:00,27.060914035361126
2024-07-11 09:00:00,30.134633097527917
2024-07-11 10:00:00,34.23936442209195
2024-07-11 11:00:00,25.154158164785876
2024-07-11 12:00:00,26.68755674134483
2024-07-11 13:00:00,27.851037992099208
2024-07-11 14:00:00,33.19858229301092
2024-07-11 15:00:00,28.113272096089908
2024-07-11 16:00:00,25.64377620504118
2024-07-11 17:00:00,26.420451833143247
2024-07-11 18:00:00,33.79725322323425
2024-07-11 19:00:00,32.29720210483691
2024-07-11 20:00:00,33.536353400868464
2024-07-11 21:00:00,29.502248782712606
2024-07-11 22:00:00,33.31121188399154
2024-07-11 23:00:00,29.353274112764062
2024-07-12 00:00:00,25.873681371687887
2024-07-12 01:00:00,26.05996427042376
2024-07-12 02:00:00,31.865490060319125
2024-07-12 03:00:00,33.5266807408423
2024-07-12 04:00:00,29.555026450896477
2024-07-12 05:00:00,32.16112976181315
2024-07-12 06:00:00,26.934094985743364
2024-07-12 07:00:00,28.780151926705265
2024-07-12 08:00:00,29.830689319120008
2024-07-12 09:00:00,32.322076191781065
2024-07-12 10:00:00,26.184658621780905
2024-07-12 11:00:00,26.231299160118212
2024-07-12 12:00:00,28.643402389166486
2024-07-12 13:00:00,29.644535035929653
2024-07-12 14:00:00,29.454507176814296
2024-07-12 15:00:00,34.00116615235166
2024-07-12 16:00:00,29.61408119014782
2024-07-12 17:00:00,26.21777158427963
2024-07-12 18:00:00,30.460072553098605
2024-07-12 19:00:00,33.409340628283076
2024-07-12 20:00:00,29.01527693180792
2024-07-12 21:00:00,26.970836668210353
2024-07-12 22:00:00,30.529337579400064
2024-07-12 23:00:00,31.393201764338077
2024-07-13 00:00:00,27.62262568812302
2024-07-13 01:00:00,32.317584368456735
2024-07-13 02:00:00,29.657882089698383
2024-07-13 03:00:00,31.34164904194828
2024-07-13 04:00:00,29.617465939832357
2024-07-13 05:00:00,26.24352592657961
2024-07-13 06:00:00,34.334374089521525
2024-07-13 07:00:00,27.039045737677412
2024-07-13 08:00:00,29.35078824787841
2024-07-13 09:00:00,29.850480471905144
2024-07-13 10:00:00,25.595826566393427
2024-07-13 11:00:00,34.711526470772384
2024-07-13 12:00:00,29.750595300541423
2024-07-13 13:00:00,30.209315452224082
2024-07-13 14:00:00,33.140659622769576
2024-07-13 15:00:00,27.490504799254907
2024-07-13 16:00:00,29.44901480175045
2024-07-13 17:00:00,30.628569587997006
2024-07-13 18:00:00,32.70018189197461
2024-07-13 19:00:00,31.430352163128177
2024-07-13 20:00:00,27.906100058310464
2024-07-13 21:00:00,28.49369406122934
2024-07-13 22:00:00,29.443623421346036
2024-07-13 23:00:00,29.060447239610873
2024-07-14 00:00:00,26.28191518734996
2024-07-14 01:00:00,34.213941360842576
2024-07-14 02:00:00,25.400269313111895
2024-07-14 03:00:00,28.25840064949892
2024-07-14 04:00:00,28.33178937971723
2024-07-14 05:00:00,31.561903886564586
2024-07-14 06:00:00,27.238935737329484
2024-07-14 07:00:00,31.307633557943667
2024-07-14 08:00:00,30.53946183303124
2024-07-14 09:00:00,31.206109356230236
2024-07-14 10:00:00,34.767840254454946
2024-07-14 11:00:00,25.72595023875405
2024-07-14 12:00:00,34.53404414148196
2024-07-14 13:00:00,32.378125040998555
2024-07-14 14:00:00,26.998439884115427
2024-07-14 15:00:00,27.438142119516563
2024-07-14 16:00:00,31.96073679002502
2024-07-14 17:00:00,27.03939514799221
2024-07-14 18:00:00,30.144265031792358
2024-07-14 19:00:00,32.94503517322845
2024-07-14 20:00:00,27.742777353868014
2024-07-14 21:00:00,26.69589464149682
2024-07-14 22:00:00,30.49099944564282
2024-07-14 23:00:00,34.69699626260282
2024-07-15 00:00:00,34.68753309660375
2024-07-15 01:00:00,30.238226317227983
2024-07-15 02:00:00,27.75699074260979
2024-07-15 03:00:00,33.76534862849905
2024-07-15 04:00:00,28.89110653503905
2024-07-15 05:00:00,33.02839705129596
2024-07-15 06:00:00,26.44883467303119
2024-07-15 07:00:00,29.63139659851223
2024-07-15 08:00:00,30.988610276502023
2024-07-15 09:00:00,31.17828983233467
2024-07-15 10:00:00,29.819993671665266
2024-07-15 11:00:00,26.550047087979053
2024-07-15 12:00:00,28.570241804739283
2024-07-15 13:00:00,27.581530866867862
2024-07-15 14:00:00,30.399085529563663
2024-07-15 15:00:00,30.414533459721163
2024-07-15 16:00:00,25.66869537036424
2024-07-15 17:00:00,33.199975384396
2024-07-15 18:00:00,26.094024784611356
2024-07-15 19:00:00,30.885781140885385
2024-07-15 20:00:00,33.0124649644114
2024-07-15 21:00:00,26.878707678140017
2024-07-15 22:00:00,27.466843804897856
2024-07-15 23:00:00,33.26753098241765
2024-07-16 00:00:00,33.723609245524436
2024-07-16 01:00:00,30.002145744611873
2024-07-16 02:00:00,28.693753258236562
2024-07-16 03:00:00,33.89656450970436
2024-07-16 04:00:00,34.11095892078186
2024-07-16 05:00:00,33.23347024064944
2024-07-16 06:00:00,28.986760531349997
2024-07-16 07:00:00,26.084654501491432
2024-07-16 08:00:00,29.965949157788952
2024-07-16 09:00:00,25.604752849798274
2024-07-16 10:00:00,26.386454000174645
2024-07-16 11:00:00,31.574839413817685
2024-07-16 12:00:00,33.92299911253224
2024-07-16 13:00:00,33.95829969904348
2024-07-16 14:00:00,31.36605602449003
2024-07-16 15:00:00,26.763185331531236
2024-07-16 16:00:00,29.652048777583904
2024-07-16 17:00:00,27.370806720115606
2024-07-16 18:00:00,33.599276497003345
2024-07-16 19:00:00,27.937131829845583
2024-07-16 20:00:00,29.760726614165627
2024-07-16 21:00:00,28.898276676573772
2024-07-16 22:00:00,29.939735279130147
2024-07-16 23:00:00,26.903711129065982
2024-07-17 00:00:00,26.056758670624557
2024-07-17 01:00:00,33.35998520027617
2024-07-17 02:00:00,27.724095990607765
2024-07-17 03:00:00,32.03847608826808
2024-07-17 04:00:00,28.62208292651615
2024-07-17 05:00:00,33.42385636698836
2024-07-17 06:00:00,25.627933614118543
2024-07-17 07:00:00,25.78097480169029
2024-07-17 08:00:00,34.28467026805774
2024-07-17 09:00:00,32.21264381507721
2024-07-17 10:00:00,29.558653255980946
2024-07-17 11:00:00,31.66322014201078
2024-07-17 12:00:00,30.58244851265411
2024-07-17 13:00:00,34.128285884643084
2024-07-17 14:00:00,26.928835601321804
2024-07-17 15:00:00,25.407493209416685
2024-07-17 16:00:00,33.89980028091987
2024-07-17 17:00:00,34.51247868968054
2024-07-17 18:00:00,25.519806341836315
2024-07-17 19:00:00,34.987229147535665
2024-07-17 20:00:00,32.15593805421494
2024-07-17 21:00:00,30.962666054099273
2024-07-17 22:00:00,25.950781876069787
2024-07-17 23:00:00,26.98044840717261
2024-07-18 00:00:00,34.40236963885724
2024-07-18 01:00:00,28.397053865687287
2024-07-18 02:00:00,29.57703490287971
2024-07-18 03:00:00,27.47462521618218
2024-07-18 04:00:00,29.715021893997605
2024-07-18 05:00:00,26.588504794112502
2024-07-18 06:00:00,28.752557412731576
2024-07-18 07:00:00,31.73336495380786
2024-07-18 08:00:00,32.816553283673954
2024-07-18 09:00:00,33.906963832034734
2024-07-18 10:00:00,32.40538958464008
2024-07-18 11:00:00,30.22886767010328
2024-07-18 12:00:00,28.28354513568599
2024-07-18 13:00:00,26.410929468876475
2024-07-18 14:00:00,27.748965495617597
2024-07-18 15:00:00,33.57202067058191
2024-07-18 16:00:00,27.166690810673177
2024-07-18 17:00:00,30.95381621149258
2024-07-18 18:00:00,27.113535377065514
2024-07-18 19:00:00,28.241117590086667
2024-07-18 20:00:00,29.251305200930652
2024-07-18 21:00:00,26.388189471255906
2024-07-18 22:00:00,26.39236593268503
2024-07-18 23:00:00,30.0959829778542
2024-07-19 00:00:00,27.956266486541388
2024-07-19 01:00:00,25.1788459305236
2024-07-19 02:00:00,33.7057725214784
2024-07-19 03:00:00,29.646456661061038
2024-07-19 04:00:00,27.912163389855287
2024-07-19 05:00:00,33.46145382770759
2024-07-19 06:00:00,29.974643960160332
2024-07-19 07:00:00,31.319860206393617
2024-07-19 08:00:00,25.7368636639438
2024-07-19 09:00:00,26.634897418686894
2024-07-19 10:00:00,25.337384113515608
2024-07-19 11:00:00,34.842190024302944
2024-07-19 12:00:00,26.262336330294676
2024-07-19 13:00:00,25.761942625776655
2024-07-19 14:00:00,28.385275634101905
2024-07-19 15:00:00,27.724516527569705
2024-07-19 16:00:00,28.662699902260357
2024-07-19 17:00:00,28.94620380518755
2024-07-19 18:00:00,28.601084726762878
2024-07-19 19:00:00,31.528484797997265
2024-07-19 20:00:00,33.83323069742745
2024-07-19 21:00:00,31.422192944681598
2024-07-19 22:00:00,29.506087983549477
2024-07-19 23:00:00,26.307646335551034
2024-07-20 00:00:00,29.52491574273151
2024-07-20 01:00:00,28.776168277493234
2024-07-20 02:00:00,31.35989032840503
2024-07-20 03:00:00,25.700545139806557
2024-07-20 04:00:00,34.512242548848405
2024-07-20 05:00:00,34.153056843541556
2024-07-20 06:00:00,25.427711615622506
2024-07-20 07:00:00,33.361856519765695
2024-07-20 08:00:00,29.387315751593462
2024-07-20 09:00:00,31.603908073873477
2024-07-20 10:00:00,34.21037996007143
2024-07-20 11:00:00,30.220599156393128
2024-07-20 12:00:00,30.428474564046248
2024-07-20 13:00:00,27.80098953525496
2024-07-20 14:00:00,28.083361358106643
2024-07-20 15:00:00,33.78587723291686
2024-07-20 16:00:00,27.75944213524852
2024-07-20 17:00:00,34.42318654500057
2024-07-20 18:00:00,30.509280368264598
2024-07-20 19:00:00,31.22374581716092
2024-07-20 20:00:00,26.04956480594468
2024-07-20 21:00:00,30.077095100007863
2024-07-20 22:00:00,26.753790401312315
2024-07-20 23:00:00,32.49085924925409
2024-07-21 00:00:00,34.02570478376737
2024-07-21 01:00:00,26.215806827614863
2024-07-21 02:00:00,31.63773964492409
2024-07-21 03:00:00,27.947108832035283
2024-07-21 04:00:00,28.465601149941715
2024-07-21 05:00:00,25.410188340418003
2024-07-21 06:00:00,25.15911167458704
2024-07-21 07:00:00,26.195229966923073
2024-07-21 08:00:00,32.38777378533381
2024-07-21 09:00:00,32.573456010230416
2024-07-21 10:00:00,34.444033184571985
2024-07-21 11:00:00,29.518903051848376
2024-07-21 12:00:00,32.81540297392283
2024-07-21 13:00:00,32.90104428359002
2024-07-21 14:00:00,28.991135501532348
2024-07-21 15:00:00,28.18828949374472
2024-07-21 16:00:00,33.482825290974255
2024-07-21 17:00:00,25.371205510534395
2024-07-21 18:00:00,25.671367206927037
2024-07-21 19:00:00,33.72893779822467
2024-07-21 20:00:00,27.398555544880693
2024-07-21 21:00:00,31.817036970144123
2024-07-21 22:00:00,33.7494787395116
2024-07-21 23:00:00,28.292824804021706
2024-07-22 00:00:00,25.074430580240644
2024-07-22 01:00:00,26.74818700728158
2024-07-22 02:00:00,26.11999921956832
2024-07-22 03:00:00,30.590068242914406
2024-07-22 04:00:00,29.41853703964047
2024-07-22 05:00:00,28.782183385606313
2024-07-22 06:00:00,34.703796968152844
2024-07-22 07:00:00,34.72151116195045
2024-07-22 08:00:00,27.30054870740862
2024-07-22 09:00:00,34.026987338370894
2024-07-22 10:00:00,33.59363123414559
2024-07-22 11:00:00,28.273971444781576
2024-07-22 12:00:00,32.80227038779666
2024-07-22 13:00:00,34.06280849282883
2024-07-22 14:00:00,25.041066673348695
2024-07-22 15:00:00,30.699223562029488
2024-07-22 16:00:00,28.027379402412105
2024-07-22 17:00:00,30.031331226050355
2024-07-22 18:00:00,31.718073489901013
2024-07-22 19:00:00,28.100431068661727
2024-07-22 20:00:00,29.044424553948897
2024-07-22 21:00:00,28.421045408943673
2024-07-22 22:00:00,33.96867639998713
2024-07-22 23:00:00,33.747152925179
2024-07-23 00:00:00,27.016996342611677
2024-07-23 01:00:00,30.832558426068438
2024-07-23 02:00:00,25.49710026378183
2024-07-23 03:00:00,31.680186976965977
2024-07-23 04:00:00,25.89751459627309
2024-07-23 05:00:00,30.89552033344227
2024-07-23 06:00:00,33.53017434629789
2024-07-23 07:00:00,29.510086621484533
2024-07-23 08:00:00,27.48427048820721
2024-07-23 09:00:00,25.11408026985877
2024-07-23 10:00:00,33.10604623875723
2024-07-23 11:00:00,29.028219657081067
2024-07-23 12:00:00,25.538316920914234
2024-07-23 13:00:00,26.614769861104577
2024-07-23 14:00:00,31.71166151669258
2024-07-23 15:00:00,29.157782770064628
2024-07-23 16:00:00,34.33806948225431
2024-07-23 17:00:00,34.36173857763072
2024-07-23 18:00:00,28.862339448226955
2024-07-23 19:00:00,33.831282529366554
2024-07-23 20:00:00,31.93158102129513
2024-07-23 21:00:00,28.95328709777277
2024-07-23 22:00:00,30.918845324092896
2024-07-23 23:00:00,30.152116496737165
2024-07-24 00:00:00,29.423978949732767
2024-07-24 01:00:00,33.511224556927885
2024-07-24 02:00:00,29.812382755815875
2024-07-24 03:00:00,33.22353138707702
2024-07-24 04:00:00,28.270614459483806
2024-07-24 05:00:00,34.416583281212
2024-07-24 06:00:00,33.558982577482645
2024-07-24 07:00:00,30.668053127310856
2024-07-24 08:00:00,33.22138723441182
2024-07-24 09:00:00,33.22914590181195
2024-07-24 10:00:00,29.227058904680796
2024-07-24 11:00:00,31.571270508327693
2024-07-24 12:00:00,27.841541464517164
2024-07-24 13:00:00,25.3399483151265
2024-07-24 14:00:00,25.25729087377706
2024-07-24 15:00:00,30.951193376168465
2024-07-24 16:00:00,34.16758908027519
2024-07-24 17:00:00,25.926943423989478
2024-07-24 18:00:00,32.81528111985355
2024-07-24 19:00:00,34.818869222728374
2024-07-24 20:00:00,27.343562954383565
2024-07-24 21:00:00,29.375663278544593
2024-07-24 22:00:00,28.408639635530125
2024-07-24 23:00:00,27.901961153532625
2024-07-25 00:00:00,30.34900596306191
2024-07-25 01:00:00,31.815526132861343
2024-07-25 02:00:00,25.562736418199876
2024-07-25 03:00:00,26.127041029249124
2024-07-25 04:00:00,29.95887145689703
2024-07-25 05:00:00,29.904732002921286
2024-07-25 06:00:00,25.718384266932937
2024-07-25 07:00:00,28.228872074564958
2024-07-25 08:00:00,34.12754066958497
2024-07-25 09:00:00,31.183613553751695
2024-07-25 10:00:00,34.859619166488585
2024-07-25 11:00:00,31.686128638608796
2024-07-25 12:00:00,26.26042042714438
2024-07-25 13:00:00,30.76407496075643
2024-07-25 14:00:00,31.96515593482548
2024-07-25 15:00:00,33.181542981339305
2024-07-25 16:00:00,34.58226631701886
2024-07-25 17:00:00,25.946654491557254
2024-07-25 18:00:00,25.22494235777559
2024-07-25 19:00:00,34.89906141203541
2024-07-25 20:00:00,33.4027242892394
2024-07-25 21:00:00,29.42555207759232
2024-07-25 22:00:00,31.63567758045941
2024-07-25 23:00:00,34.50099443476432
2024-07-26 00:00:00,25.92987687981101
2024-07-26 01:00:00,33.21198755602138
2024-07-26 02:00:00,29.97873851323103
2024-07-26 03:00:00,28.231259792890818
2024-07-26 04:00:00,25.32366530470511
2024-07-26 05:00:00,28.822684175658807
2024-07-26 06:00:00,34.3657370992306
2024-07-26 07:00:00,32.198704786718956
2024-07-26 08:00:00,32.75033894754753
2024-07-26 09:00:00,32.20401552543714
2024-07-26 10:00:00,25.531100734644475
2024-07-26 11:00:00,31.16867248307664
2024-07-26 12:00:00,27.70204336941812
2024-07-26 13:00:00,33.88333857464356
2024-07-26 14:00:00,26.454706879157456
2024-07-26 15:00:00,31.577568440555012
2024-07-26 16:00:00,27.00842020985909
2024-07-26 17:00:00,31.421791286026398
2024-07-26 18:00:00,33.43083403160264
2024-07-26 19:00:00,29.70298223297746
2024-07-26 20:00:00,31.616690009554276
2024-07-26 21:00:00,30.379035945779712
2024-07-26 22:00:00,32.9849742542426
2024-07-26 23:00:00,34.93124470198651
2024-07-27 00:00:00,27.540056995660095
2024-07-27 01:00:00,25.556479383413656
2024-07-27 02:00:00,30.4493282263457
2024-07-27 03:00:00,33.764690504837326
2024-07-27 04:00:00,33.62521510603541
2024-07-27 05:00:00,29.10718820875178
2024-07-27 06:00:00,32.10405043124504
2024-07-27 07:00:00,30.248348768181714
2024-07-27 08:00:00,29.113752722365614
2024-07-27 09:00:00,31.983080393974376
2024-07-27 10:00:00,25.539303699819236
2024-07-27 11:00:00,26.32671040888477
2024-07-27 12:00:00,28.906628421594803
2024-07-27 13:00:00,34.831653849989195
2024-07-27 14:00:00,31.98014705677802
2024-07-27 15:00:00,30.549423817270252
2024-07-27 16:00:00,25.407642206610934
2024-07-27 17:00:00,27.147276019310844
2024-07-27 18:00:00,25.563064569889324
2024-07-27 19:00:00,26.060938831786842
2024-07-27 20:00:00,32.07915073881077
2024-07-27 21:00:00,34.40364177912783
2024-07-27 22:00:00,29.430237378023936
2024-07-27 23:00:00,27.179008024558733
2024-07-28 00:00:00,29.567518365950985
2024-07-28 01:00:00,27.13833490414285
2024-07-28 02:00:00,29.79934816236856
2024-07-28 03:00:00,30.087607636247732
2024-07-28 04:00:00,31.44382012271427
2024-07-28 05:00:00,26.906300429075884
2024-07-28 06:00:00,25.546105834742928
2024-07-28 07:00:00,29.365041297813097
2024-07-28 08:00:00,31.22688137661588
2024-07-28 09:00:00,25.505503739697037
2024-07-28 10:00:00,32.637398300764076
2024-07-28 11:00:00,25.430290667902785
2024-07-28 12:00:00,29.56711735852776
2024-07-28 13:00:00,27.195638753125074
2024-07-28 14:00:00,26.202571790600295
2024-07-28 15:00:00,30.663144578596516
2024-07-28 16:00:00,28.901366167148776
2024-07-28 17:00:00,31.41255468195411
2024-07-28 18:00:00,26.113579250395233
2024-07-28 19:00:00,31.528569253938134
2024-07-28 20:00:00,29.383546941655283
2024-07-28 21:00:00,31.15797387615993
2024-07-28 22:00:00,34.67196241569775
2024-07-28 23:00:00,32.99732946194078
2024-07-29 00:00:00,27.413508021613342
2024-07-29 01:00:00,27.769532210029773
2024-07-29 02:00:00,27.734772547693307
2024-07-29 03:00:00,27.58437449481983
2024-07-29 04:00:00,34.378620397105394
2024-07-29 05:00:00,25.31578693214086
2024-07-29 06:00:00,30.593353992485767
2024-07-29 07:00:00,32.04282302934775
2024-07-29 08:00:00,31.65560137566078
2024-07-29 09:00:00,33.52986172065564
2024-07-29 10:00:00,28.59250544214312
2024-07-29 11:00:00,34.84676598280258
2024-07-29 12:00:00,33.57484328924942
2024-07-29 13:00:00,33.109092203899614
2024-07-29 14:00:00,26.915149902058857
2024-07-29 15:00:00,27.010440706609664
2024-07-29 16:00:00,30.99577474731959
2024-07-29 17:00:00,31.251920965569724
2024-07-29 18:00:00,29.668053520087454
2024-07-29 19:00:00,29.335845064432824
2024-07-29 20:00:00,31.04075146021877
2024-07-29 21:00:00,32.95361935432619
2024-07-29 22:00:00,27.110045188697338
2024-07-29 23:00:00,28.58422934580713
2024-07-30 00:00:00,30.147246178928405
2024-07-30 01:00:00,26.914181280668743
2024-07-30 02:00:00,31.7443531015928
2024-07-30 03:00:00,29.4398411481053
2024-07-30 04:00:00,34.66797152480779
2024-07-30 05:00:00,30.948517241287437
2024-07-30 06:00:00,29.35009549709331
2024-07-30 07:00:00,32.86875154552254
2024-07-30 08:00:00,34.1424532371691
2024-07-30 09:00:00,27.021036016771532
2024-07-30 10:00:00,32.17150884868825
2024-07-30 11:00:00,33.17059261349496
2024-07-30 12:00:00,29.229124660635946
2024-07-30 13:00:00,25.407636385608928
2024-07-30 14:00:00,29.53186298341029
2024-07-30 15:00:00,27.88933786178492
2024-07-30 16:00:00,32.55196312401213
2024-07-30 17:00:00,27.95137203936669
2024-07-30 18:00:00,29.312463562302536
2024-07-30 19:00:00,28.49678329817498
2024-07-30 20:00:00,27.900350687761183
2024-07-30 21:00:00,30.310272322712834
2024-07-30 22:00:00,27.62225120933218
2024-07-30 23:00:00,32.04726006329729
2024-07-31 00:00:00,34.255252370912544
2024-07-31 01:00:00,31.613459331051253
2024-07-31 02:00:00,34.293998162960655
2024-07-31 03:00:00,29.167044846530175
2024-07-31 04:00:00,32.29341447332864
2024-07-31 05:00:00,31.180768359121885
2024-07-31 06:00:00,27.67688669682456
2024-07-31 07:00:00,31.996195024722198
2024-07-31 08:00:00,28.844617316061676
2024-07-31 09:00:00,34.38300629702633
2024-07-31 10:00:00,32.57376764481238
2024-07-31 11:00:00,31.648086221941846
2024-07-31 12:00:00,29.77262130238116
2024-07-31 13:00:00,25.905056463226636
2024-07-31 14:00:00,33.859438291707804
2024-07-31 15:00:00,26.728546231242174
2024-07-31 16:00:00,25.059684418595495
2024-07-31 17:00:00,32.91929761955509
2024-07-31 18:00:00,32.869645450506056
2024-07-31 19:00:00,25.484349231058545
2024-07-31 20:00:00,31.48448573409408
2024-07-31 21:00:00,26.167301675219022
2024-07-31 22:00:00,32.635015445027506
2024-07-31 23:00:00,25.37493642192181
2024-08-01 00:00:00,27.593588385911012
2024-08-01 01:00:00,26.64338126036975
2024-08-01 02:00:00,29.640895248179703
2024-08-01 03:00:00,29.000973770619044
2024-08-01 04:00:00,26.895564985846903
2024-08-01 05:00:00,26.209980042396698
2024-08-01 06:00:00,29.09262970837893
2024-08-01 07:00:00,26.34855429025746
2024-08-01 08:00:00,27.670363620469477
2024-08-01 09:00:00,67.56056289755205
2024-08-01 10:00:00,59.54323004027506
2024-08-01 11:00:00,64.0475710659737
2024-08-01 12:00:00,74.21146075240942
2024-08-01 13:00:00,55.48573887579039
2024-08-01 14:00:00,60.92578911927038
2024-08-01 15:00:00,56.24355651066871
2024-08-01 16:00:00,64.43480203418508
2024-08-01 17:00:00,67.36497834017108
2024-08-01 18:00:00,68.57612288748305
2024-08-01 19:00:00,60.845086017427874
2024-08-01 20:00:00,65.66519446746375
2024-08-01 21:00:00,60.88615508641861
2024-08-01 22:00:00,27.484040804867732
2024-08-01 23:00:00,29.1546109947584
2024-08-02 00:00:00,25.331022943808357
2024-08-02 01:00:00,27.803386912654762
2024-08-02 02:00:00,25.932998657840496
2024-08-02 03:00:00,26.058698841492728
2024-08-02 04:00:00,26.100774100867234
2024-08-02 05:00:00,26.381118504659327
2024-08-02 06:00:00,28.289746771896432
2024-08-02 07:00:00,27.4058333331566
2024-08-02 08:00:00,25.28563111119855
2024-08-02 09:00:00,60.550748033557255
2024-08-02 10:00:00,60.00261297638109
2024-08-02 11:00:00,73.44797373349897
2024-08-02 12:00:00,64.8751997012289
2024-08-02 13:00:00,52.24629742001219
2024-08-02 14:00:00,63.302326710408735
2024-08-02 15:00:00,69.92728142421561
2024-08-02 16:00:00,50.86225712771237
2024-08-02 17:00:00,62.00486603692458
2024-08-02 18:00:00,77.33782371982227
2024-08-02 19:00:00,60.30760393244015
2024-08-02 20:00:00,51.811840396611615
2024-08-02 21:00:00,52.725223960929114
2024-08-02 22:00:00,27.037193057399634
2024-08-02 23:00:00,27.813041945204432
2024-08-03 00:00:00,29.982996502603292
2024-08-03 01:00:00,26.831655604539236
2024-08-03 02:00:00,25.979652941930798
2024-08-03 03:00:00,26.548983312760974
2024-08-03 04:00:00,29.082160053773205
2024-08-03 05:00:00,26.630884429958385
2024-08-03 06:00:00,27.87499435571941
2024-08-03 07:00:00,26.435216505651905
2024-08-03 08:00:00,25.228758723151373
2024-08-03 09:00:00,73.71387706912407
2024-08-03 10:00:00,50.31787852535085
2024-08-03 11:00:00,48.45620541256521
2024-08-03 12:00:00,60.89545164304269
2024-08-03 13:00:00,58.78553100862849
2024-08-03 14:00:00,68.7055831310234
2024-08-03 15:00:00,58.95894390207066
2024-08-03 16:00:00,62.04358779684634
2024-08-03 17:00:00,55.61760188076836
2024-08-03 18:00:00,59.49544636733262
2024-08-03 19:00:00,71.7326573237159
2024-08-03 20:00:00,64.05623048747898
2024-08-03 21:00:00,60.44750261582958
2024-08-03 22:00:00,27.883861867541423
2024-08-03 23:00:00,29.857288318907287
2024-08-04 00:00:00,27.519835838150307
2024-08-04 01:00:00,27.595049904648924
2024-08-04 02:00:00,27.004180728019495
2024-08-04 03:00:00,26.140203861296815
2024-08-04 04:00:00,26.623299595158613
2024-08-04 05:00:00,27.62366305752554
2024-08-04 06:00:00,29.182472997945233
2024-08-04 07:00:00,26.87719517194838
2024-08-04 08:00:00,26.665802122726596
2024-08-04 09:00:00,57.975560483190534
2024-08-04 10:00:00,69.29913508333289
2024-08-04 11:00:00,68.76914563617905
2024-08-04 12:00:00,61.21911222184939
2024-08-04 13:00:00,63.249498325913265
2024-08-04 14:00:00,62.41140224078726
2024-08-04 15:00:00,68.64221703152228
2024-08-04 16:00:00,70.69727688783061
2024-08-04 17:00:00,56.001636376598746
2024-08-04 18:00:00,59.21970904190628
2024-08-04 19:00:00,53.9455129667744
2024-08-04 20:00:00,69.03169005923999
2024-08-04 21:00:00,54.43126788559953
2024-08-04 22:00:00,28.828080129010274
2024-08-04 23:00:00,29.501404984771913
2024-08-05 00:00:00,25.45640664293426
2024-08-05 01:00:00,27.400133157248735
2024-08-05 02:00:00,29.946137747641824
2024-08-05 03:00:00,25.83649440192796
2024-08-05 04:00:00,27.69533611452342
2024-08-05 05:00:00,27.39180428134121
2024-08-05 06:00:00,28.742010293249955
2024-08-05 07:00:00,26.067276671804578
2024-08-05 08:00:00,25.888003338752974
2024-08-05 09:00:00,62.578911907596385
2024-08-05 10:00:00,52.52873367859807
2024-08-05 11:00:00,74.8760433165099
2024-08-05 12:00:00,70.26800606440403
2024-08-05 13:00:00,67.47953104289937
2024-08-05 14:00:00,65.8879251949914
2024-08-05 15:00:00,68.93463050686198
2024-08-05 16:00:00,59.90436418612936
2024-08-05 17:00:00,65.28355075669359
2024-08-05 18:00:00,63.51773986063975
2024-08-05 19:00:00,69.77675581077975
2024-08-05 20:00:00,76.5840364662786
2024-08-05 21:00:00,61.74227762338032
2024-08-05 22:00:00,25.717524190532924
2024-08-05 23:00:00,25.88404093737016
2024-08-06 00:00:00,25.94195489753185
2024-08-06 01:00:00,25.69077674054223
2024-08-06 02:00:00,28.41730048209193
2024-08-06 03:00:00,28.409900356135235
2024-08-06 04:00:00,27.724154451022628
2024-08-06 05:00:00,27.264196923572676
2024-08-06 06:00:00,25.79551773021382
2024-08-06 07:00:00,27.441280128108183
2024-08-06 08:00:00,26.997817202712355
2024-08-06 09:00:00,69.07933326809888
2024-08-06 10:00:00,56.232146227642346
2024-08-06 11:00:00,77.53272548369951
2024-08-06 12:00:00,55.54171691900606
2024-08-06 13:00:00,63.483161398933944
2024-08-06 14:00:00,68.3017828826304
2024-08-06 15:00:00,66.02948705354078
2024-08-06 16:00:00,59.71160541395197
2024-08-06 17:00:00,58.523556873240835
2024-08-06 18:00:00,59.687325526292625
2024-08-06 19:00:00,61.44385150974813
2024-08-06 20:00:00,61.89114217302242
2024-08-06 21:00:00,60.04303817003782
2024-08-06 22:00:00,27.08331998938266
2024-08-06 23:00:00,26.1510225691709
2024-08-07 00:00:00,25.844789833558295
2024-08-07 01:00:00,26.09054596432727
2024-08-07 02:00:00,25.229570064755976
2024-08-07 03:00:00,27.04071402733291
2024-08-07 04:00:00,27.19972674346642
2024-08-07 05:00:00,27.980422314721697
2024-08-07 06:00:00,27.31195652271615
2024-08-07 07:00:00,27.795173440138107
2024-08-07 08:00:00,27.878365927671275
2024-08-07 09:00:00,47.09116815591873
2024-08-07 10:00:00,64.12019553493491
2024-08-07 11:00:00,60.08241065495962
2024-08-07 12:00:00,65.54547355421266
2024-08-07 13:00:00,60.203539826519275
2024-08-07 14:00:00,52.10516429221654
2024-08-07 15:00:00,66.05476663084626
2024-08-07 16:00:00,56.02647139862121
2024-08-07 17:00:00,55.535383801661155
2024-08-07 18:00:00,66.85290418271644
2024-08-07 19:00:00,56.60918830785924
2024-08-07 20:00:00,60.235016174507294
2024-08-07 21:00:00,63.071104351435494
2024-08-07 22:00:00,28.291416018677303
2024-08-07 23:00:00,25.311297734085546
2024-08-08 00:00:00,29.153140812610047
2024-08-08 01:00:00,28.44245197402361
2024-08-08 02:00:00,28.10890845418517
2024-08-08 03:00:00,26.470682443421303
2024-08-08 04:00:00,29.382514783452972
2024-08-08 05:00:00,28.69908654132984
2024-08-08 06:00:00,28.299249047525
2024-08-08 07:00:00,28.146139067589296
2024-08-08 08:00:00,29.301934615571405
2024-08-08 09:00:00,57.54414337285731
2024-08-08 10:00:00,56.73882427174219
2024-08-08 11:00:00,54.320144430295706
2024-08-08 12:00:00,78.38657367122342
2024-08-08 13:00:00,63.34106775068222
2024-08-08 14:00:00,55.60260799648205
2024-08-08 15:00:00,50.63616696783757
2024-08-08 16:00:00,61.96584875308259
2024-08-08 17:00:00,64.99127564165036
2024-08-08 18:00:00,71.14854547345038
2024-08-08 19:00:00,55.32358081472468
2024-08-08 20:00:00,59.740755381806736
2024-08-08 21:00:00,51.750107725868574
2024-08-08 22:00:00,28.999432552251548
2024-08-08 23:00:00,27.277711317462394
2024-08-09 00:00:00,26.251695571949803
2024-08-09 01:00:00,26.50099410847956
2024-08-09 02:00:00,28.413134556105256
2024-08-09 03:00:00,27.99344141943633
2024-08-09 04:00:00,29.03214215819736
2024-08-09 05:00:00,26.435509110052287
2024-08-09 06:00:00,28.872260744167125
2024-08-09 07:00:00,27.238738472175903
2024-08-09 08:00:00,25.781611089758766
2024-08-09 09:00:00,72.724766447933
2024-08-09 10:00:00,52.40430292054312
2024-08-09 11:00:00,75.60111139939379
2024-08-09 12:00:00,73.44405013158118
2024-08-09 13:00:00,61.14665380459492
2024-08-09 14:00:00,56.15629452459836
2024-08-09 15:00:00,57.55172385374453
2024-08-09 16:00:00,52.75749001054419
2024-08-09 17:00:00,60.58723431513566
2024-08-09 18:00:00,55.927765767211476
2024-08-09 19:00:00,68.40960509959208
2024-08-09 20:00:00,72.73644698754723
2024-08-09 21:00:00,50.152216181638416
2024-08-09 22:00:00,29.136083392814495
2024-08-09 23:00:00,29.618843812583115
2024-08-10 00:00:00,26.675442366206596
2024-08-10 01:00:00,27.89138832997632
2024-08-10 02:00:00,26.955265113961374
2024-08-10 03:00:00,28.997230342990555
2024-08-10 04:00:00,28.728226088338012
2024-08-10 05:00:00,29.996650308997307
2024-08-10 06:00:00,26.652354813902782
2024-08-10 07:00:00,27.831915610337397
2024-08-10 08:00:00,25.83295722170332
2024-08-10 09:00:00,72.69791473791405
2024-08-10 10:00:00,46.31253119280501
2024-08-10 11:00:00,59.61988969488223
2024-08-10 12:00:00,75.06516125605256
2024-08-10 13:00:00,74.7769373243939
2024-08-10 14:00:00,67.78822450234664
2024-08-10 15:00:00,59.17285086871813
2024-08-10 16:00:00,54.59227173038406
2024-08-10 17:00:00,58.6425285517317
2024-08-10 18:00:00,64.39030609805529
2024-08-10 19:00:00,70.5782147006257
2024-08-10 20:00:00,69.72135292353326
2024-08-10 21:00:00,63.30254441891553
2024-08-10 22:00:00,27.20803023409557
2024-08-10 23:00:00,29.39189629352321
2024-08-11 00:00:00,29.542760602381406
2024-08-11 01:00:00,27.454493620661047
2024-08-11 02:00:00,26.2692311726029
2024-08-11 03:00:00,27.374600735332134
2024-08-11 04:00:00,25.076182084237956
2024-08-11 05:00:00,28.000206191779675
2024-08-11 06:00:00,29.105721704297654
2024-08-11 07:00:00,29.71872237118847
2024-08-11 08:00:00,28.408702369607852
2024-08-11 09:00:00,57.52314434129677
2024-08-11 10:00:00,61.442710561526006
2024-08-11 11:00:00,68.2882438685298
2024-08-11 12:00:00,54.90008545362821
2024-08-11 13:00:00,68.26551047336655
2024-08-11 14:00:00,73.03404571202219
2024-08-11 15:00:00,44.94452164241054
2024-08-11 16:00:00,74.8269871258937
2024-08-11 17:00:00,66.61832238820054
2024-08-11 18:00:00,54.554263732454075
2024-08-11 19:00:00,67.92791484525256
2024-08-11 20:00:00,51.37530570872761
2024-08-11 21:00:00,59.352836048540894
2024-08-11 22:00:00,28.27480625017293
2024-08-11 23:00:00,29.92683409493368
2024-08-12 00:00:00,25.66634762170004
2024-08-12 01:00:00,28.61618366239971
2024-08-12 02:00:00,28.70780317018169
2024-08-12 03:00:00,27.704213712555465
2024-08-12 04:00:00,29.490890269464373
2024-08-12 05:00:00,28.575246996765593
2024-08-12 06:00:00,26.557447200502402
2024-08-12 07:00:00,26.053933862661438
2024-08-12 08:00:00,27.161241826199003
2024-08-12 09:00:00,54.1684784031636
2024-08-12 10:00:00,65.86638143868808
2024-08-12 11:00:00,73.39598293063358
2024-08-12 12:00:00,59.07594013243468
2024-08-12 13:00:00,70.07336931768975
2024-08-12 14:00:00,63.59426853663254
2024-08-12 15:00:00,58.955469648064124
2024-08-12 16:00:00,60.73344164933896
2024-08-12 17:00:00,76.09035689803878
2024-08-12 18:00:00,65.14017122992885
2024-08-12 19:00:00,63.034347517503114
2024-08-12 20:00:00,58.23010836357897
2024-08-12 21:00:00,50.78318297554306
2024-08-12 22:00:00,28.025957537067534
2024-08-12 23:00:00,25.566915862048464
2024-08-13 00:00:00,28.68083100475544
2024-08-13 01:00:00,25.420952692691102
2024-08-13 02:00:00,25.24875439225807
2024-08-13 03:00:00,28.771363876674464
2024-08-13 04:00:00,26.490174806819304
2024-08-13 05:00:00,26.737251468077844
2024-08-13 06:00:00,26.98178419579105
2024-08-13 07:00:00,27.332948797610758
2024-08-13 08:00:00,28.128851718785416
2024-08-13 09:00:00,60.094224829805555
2024-08-13 10:00:00,61.08885245679082
2024-08-13 11:00:00,63.1088270596382
2024-08-13 12:00:00,61.1971762216007
2024-08-13 13:00:00,69.93222426669803
2024-08-13 14:00:00,53.99316204113599
2024-08-13 15:00:00,64.03565639888048
2024-08-13 16:00:00,70.2634829371438
2024-08-13 17:00:00,72.57423306809503
2024-08-13 18:00:00,57.3494248032702
2024-08-13 19:00:00,78.9270592916003
2024-08-13 20:00:00,64.71092941742134
2024-08-13 21:00:00,60.072356763043715
2024-08-13 22:00:00,27.104765737779225
2024-08-13 23:00:00,26.518286599846707
2024-08-14 00:00:00,26.80272403678546
2024-08-14 01:00:00,26.90056748814817
2024-08-14 02:00:00,26.37920500439043
2024-08-14 03:00:00,28.33102908128393
2024-08-14 04:00:00,29.564023550987052
2024-08-14 05:00:00,26.831880433560578
2024-08-14 06:00:00,25.798267785764125
2024-08-14 07:00:00,26.003434239946415
2024-08-14 08:00:00,26.818914129381483
2024-08-14 09:00:00,46.37406824558022
2024-08-14 10:00:00,59.228383031947764
2024-08-14 11:00:00,52.34260282371817
2024-08-14 12:00:00,47.29214944000624
2024-08-14 13:00:00,66.8626499971794
2024-08-14 14:00:00,49.43796646121798
2024-08-14 15:00:00,60.11208589966027
2024-08-14 16:00:00,68.10650252250161
2024-08-14 17:00:00,69.23731269391848
2024-08-14 18:00:00,70.7970591520718
2024-08-14 19:00:00,65.18612530589517
2024-08-14 20:00:00,74.63034076895335
2024-08-14 21:00:00,54.76699560861676
2024-08-14 22:00:00,28.49043943393459
2024-08-14 23:00:00,29.52891686376409
2024-08-15 00:00:00,29.678785661093357
2024-08-15 01:00:00,26.34682107472642
2024-08-15 02:00:00,26.006452431190244
2024-08-15 03:00:00,30.821667088385567
2024-08-15 04:00:00,27.87867371585262
2024-08-15 05:00:00,34.136208485046176
2024-08-15 06:00:00,30.194851406870015
2024-08-15 07:00:00,30.024262410197675
2024-08-15 08:00:00,29.37479209798445
2024-08-15 09:00:00,34.268408726870206
2024-08-15 10:00:00,32.657750913185474
2024-08-15 11:00:00,27.988800708589448
2024-08-15 12:00:00,34.73208506607246
2024-08-15 13:00:00,31.158473053537744
2024-08-15 14:00:00,25.144794868099716
2024-08-15 15:00:00,29.79251871055963
2024-08-15 16:00:00,28.11988433701369
2024-08-15 17:00:00,30.731332884060855
2024-08-15 18:00:00,30.915563236694837
2024-08-15 19:00:00,31.26980406661464
2024-08-15 20:00:00,28.830344891015848
2024-08-15 21:00:00,33.98210186826737
2024-08-15 22:00:00,25.186913600088584
2024-08-15 23:00:00,31.962395747927346
2024-08-16 00:00:00,28.579993657723243
2024-08-16 01:00:00,28.77476824943257
2024-08-16 02:00:00,26.593539491395987
2024-08-16 03:00:00,27.367789679112935
2024-08-16 04:00:00,28.962606305478232
2024-08-16 05:00:00,29.355337254928735
2024-08-16 06:00:00,28.748800976615417
2024-08-16 07:00:00,29.521213849207975
2024-08-16 08:00:00,27.496954059861835
2024-08-16 09:00:00,68.45163476425404
2024-08-16 10:00:00,62.83954774520273
2024-08-16 11:00:00,71.93824341706281
2024-08-16 12:00:00,54.989586640858576
2024-08-16 13:00:00,65.87998728261101
2024-08-16 14:00:00,73.85215890206048
2024-08-16 15:00:00,58.12705049383908
2024-08-16 16:00:00,77.97436064793985
2024-08-16 17:00:00,78.19733165092106
2024-08-16 18:00:00,59.805964027835856
2024-08-16 19:00:00,53.510208559442376
2024-08-16 20:00:00,76.21139289018518
2024-08-16 21:00:00,50.456599123241006
2024-08-16 22:00:00,25.67527017607605
2024-08-16 23:00:00,28.38011721929468
2024-08-17 00:00:00,26.606612488386453
2024-08-17 01:00:00,25.075318760708114
2024-08-17 02:00:00,28.730010957336372
2024-08-17 03:00:00,25.42161839389122
2024-08-17 04:00:00,29.087013391330586
2024-08-17 05:00:00,27.34866939957132
2024-08-17 06:00:00,25.671070474771803
2024-08-17 07:00:00,29.0448214543795
2024-08-17 08:00:00,25.490930052383593
2024-08-17 09:00:00,57.70464447893504
2024-08-17 10:00:00,59.644487530429544
2024-08-17 11:00:00,75.75733608243479
2024-08-17 12:00:00,70.9668809978809
2024-08-17 13:00:00,73.15526687561574
2024-08-17 14:00:00,62.86131731443013
2024-08-17 15:00:00,57.47344024914035
2024-08-17 16:00:00,62.947554491400794
2024-08-17 17:00:00,53.68232241120157
2024-08-17 18:00:00,54.076706258443224
2024-08-17 19:00:00,71.2779051508974
2024-08-17 20:00:00,66.64978145868233
2024-08-17 21:00:00,70.69931863204715
2024-08-17 22:00:00,27.587643492518886
2024-08-17 23:00:00,27.478515399391632
2024-08-18 00:00:00,26.19888102877796
2024-08-18 01:00:00,25.544772708842103
2024-08-18 02:00:00,28.113130713026898
2024-08-18 03:00:00,27.49156396238437
2024-08-18 04:00:00,25.79049726135083
2024-08-18 05:00:00,26.14840452121556
2024-08-18 06:00:00,25.45226691187228
2024-08-18 07:00:00,25.88365853526409
2024-08-18 08:00:00,25.24512689385999
2024-08-18 09:00:00,60.63191277823552
2024-08-18 10:00:00,67.81026636499755
2024-08-18 11:00:00,65.13533658653192
2024-08-18 12:00:00,68.96727857579734
2024-08-18 13:00:00,53.826809763562025
2024-08-18 14:00:00,73.09438877105464
2024-08-18 15:00:00,77.87679263899521
2024-08-18 16:00:00,56.74380258777174
2024-08-18 17:00:00,60.74314583520266
2024-08-18 18:00:00,71.36189077351005
2024-08-18 19:00:00,67.23040726734102
2024-08-18 20:00:00,62.99805792081668
2024-08-18 21:00:00,46.234128129229916
2024-08-18 22:00:00,29.570792069784957
2024-08-18 23:00:00,25.707956003562416
2024-08-19 00:00:00,29.743062799604495
2024-08-19 01:00:00,27.399675477381457
2024-08-19 02:00:00,27.57200070211234
2024-08-19 03:00:00,28.541157926574538
2024-08-19 04:00:00,26.28985923083892
2024-08-19 05:00:00,28.879269181479845
2024-08-19 06:00:00,25.44667533560478
2024-08-19 07:00:00,28.015788944716427
2024-08-19 08:00:00,28.42811436900856
2024-08-19 09:00:00,60.818288728936565
2024-08-19 10:00:00,66.74008202642509
2024-08-19 11:00:00,73.87622503159977
2024-08-19 12:00:00,57.886224695339045
2024-08-19 13:00:00,53.276061674446524
2024-08-19 14:00:00,67.03394268289918
2024-08-19 15:00:00,63.78974454113145
2024-08-19 16:00:00,68.02976485133598
2024-08-19 17:00:00,56.47985223983028
2024-08-19 18:00:00,69.81090893195977
2024-08-19 19:00:00,59.05620796027519
2024-08-19 20:00:00,75.81300733279429
2024-08-19 21:00:00,70.36961182055813
2024-08-19 22:00:00,25.302884438359477
2024-08-19 23:00:00,27.536594928076536
2024-08-20 00:00:00,26.370927597045764
2024-08-20 01:00:00,29.037380329100465
2024-08-20 02:00:00,28.148307431902627
2024-08-20 03:00:00,26.674033121243635
2024-08-20 04:00:00,26.60054724645647
2024-08-20 05:00:00,28.231473698090085
2024-08-20 06:00:00,29.68231838187941
2024-08-20 07:00:00,29.194024613270287
2024-08-20 08:00:00,28.595776238666
2024-08-20 09:00:00,70.57558756057406
2024-08-20 10:00:00,63.46685793601637
2024-08-20 11:00:00,73.7006778604536
2024-08-20 12:00:00,60.16569601178202
2024-08-20 13:00:00,65.05420189603724
2024-08-20 14:00:00,52.64936701662144
2024-08-20 15:00:00,56.197107587828384
2024-08-20 16:00:00,64.32392433623565
2024-08-20 17:00:00,57.927131225674636
2024-08-20 18:00:00,58.92449741419568
2024-08-20 19:00:00,47.19678370579358
2024-08-20 20:00:00,54.2508295267164
2024-08-20 21:00:00,53.435163174971436
2024-08-20 22:00:00,27.184885574306662
2024-08-20 23:00:00,28.2958428601047
2024-08-21 00:00:00,26.766420009705847
2024-08-21 01:00:00,25.718769306166546
2024-08-21 02:00:00,28.711481751129156
2024-08-21 03:00:00,27.76936973623139
2024-08-21 04:00:00,25.40648460618185
2024-08-21 05:00:00,29.73845925766978
2024-08-21 06:00:00,28.667519212232
2024-08-21 07:00:00,28.267746542105105
2024-08-21 08:00:00,29.497765682404324
2024-08-21 09:00:00,52.52976516389484
2024-08-21 10:00:00,52.54266673452708
2024-08-21 11:00:00,54.033519352352386
2024-08-21 12:00:00,53.279999022612685
2024-08-21 13:00:00,59.600886109810155
2024-08-21 14:00:00,72.25415914122233
2024-08-21 15:00:00,51.82278669188003
2024-08-21 16:00:00,59.14995650090043
2024-08-21 17:00:00,68.37521357330833
2024-08-21 18:00:00,57.928094832979305
2024-08-21 19:00:00,49.94654026664319
2024-08-21 20:00:00,53.062467244539725
2024-08-21 21:00:00,70.82473304492913
2024-08-21 22:00:00,28.247429967143763
2024-08-21 23:00:00,25.684312221155032
2024-08-22 00:00:00,27.87988263833732
2024-08-22 01:00:00,28.47819229947995
2024-08-22 02:00:00,25.178868511170446
2024-08-22 03:00:00,29.095913274963685
2024-08-22 04:00:00,29.88933398802732
2024-08-22 05:00:00,28.411440323325735
2024-08-22 06:00:00,26.298873365474712
2024-08-22 07:00:00,25.067817784417457
2024-08-22 08:00:00,25.19399741646598
2024-08-22 09:00:00,64.05928219201095
2024-08-22 10:00:00,67.09317179544311
2024-08-22 11:00:00,61.81663884025545
2024-08-22 12:00:00,68.44869681976077
2024-08-22 13:00:00,51.61173082847002
2024-08-22 14:00:00,53.265187458775614
2024-08-22 15:00:00,67.50514176644805
2024-08-22 16:00:00,59.83751932898636
2024-08-22 17:00:00,54.925206848872584
2024-08-22 18:00:00,57.09896719395688
2024-08-22 19:00:00,62.10916114939555
2024-08-22 20:00:00,61.591465478649575
2024-08-22 21:00:00,65.56761739162647
2024-08-22 22:00:00,25.534134259245164
2024-08-22 23:00:00,28.529401606243965
2024-08-23 00:00:00,27.50394754563854
2024-08-23 01:00:00,27.653581765534447
2024-08-23 02:00:00,25.952977979684512
2024-08-23 03:00:00,27.312121816415377
2024-08-23 04:00:00,29.05307182000799
2024-08-23 05:00:00,28.314577253550375
2024-08-23 06:00:00,27.364118575512038
2024-08-23 07:00:00,29.46466799699336
2024-08-23 08:00:00,26.95228959571584
2024-08-23 09:00:00,60.00804340315248
2024-08-23 10:00:00,66.20985044568147
2024-08-23 11:00:00,64.82187373822057
2024-08-23 12:00:00,60.10909165862311
2024-08-23 13:00:00,75.17024212065748
2024-08-23 14:00:00,49.84729616646076
2024-08-23 15:00:00,61.36500617613649
2024-08-23 16:00:00,56.74261561554867
2024-08-23 17:00:00,72.60026395815586
2024-08-23 18:00:00,72.49051574535194
2024-08-23 19:00:00,72.0223294316101
2024-08-23 20:00:00,67.93263004944627
2024-08-23 21:00:00,60.06725685479586
2024-08-23 22:00:00,25.12498664430627
2024-08-23 23:00:00,26.038700558829476
2024-08-24 00:00:00,26.42469643608003
2024-08-24 01:00:00,26.45531987191088
2024-08-24 02:00:00,25.256393158515653
2024-08-24 03:00:00,28.999182521354488
2024-08-24 04:00:00,25.562110110903454
2024-08-24 05:00:00,25.589210764067012
2024-08-24 06:00:00,26.67334936364828
2024-08-24 07:00:00,27.66552280898114
2024-08-24 08:00:00,26.531048590971274
2024-08-24 09:00:00,64.94559285519415
2024-08-24 10:00:00,59.041860866656386
2024-08-24 11:00:00,74.84119878109873
2024-08-24 12:00:00,66.25141065310443
2024-08-24 13:00:00,63.76903464358068
2024-08-24 14:00:00,55.560919669780816
2024-08-24 15:00:00,54.092727759972895
2024-08-24 16:00:00,54.45179522582584
2024-08-24 17:00:00,57.24607043177004
2024-08-24 18:00:00,61.33820316485886
2024-08-24 19:00:00,60.44145799298763
2024-08-24 20:00:00,52.624915325354884
2024-08-24 21:00:00,46.73768095686455
2024-08-24 22:00:00,26.076611427479158
2024-08-24 23:00:00,27.58793892843629
2024-08-25 00:00:00,26.907321905885325
2024-08-25 01:00:00,25.540416364324454
2024-08-25 02:00:00,29.70720897910151
2024-08-25 03:00:00,25.69445386531733
2024-08-25 04:00:00,26.360780376998736
2024-08-25 05:00:00,29.66963313767145
2024-08-25 06:00:00,25.583841322849754
2024-08-25 07:00:00,27.18077299738732
2024-08-25 08:00:00,26.611681228190136
2024-08-25 09:00:00,54.79356344879539
2024-08-25 10:00:00,76.85463226301684
2024-08-25 11:00:00,51.65928012566127
2024-08-25 12:00:00,55.427817384756096
2024-08-25 13:00:00,52.600907127829494
2024-08-25 14:00:00,56.17701052710859
2024-08-25 15:00:00,56.47811529303326
2024-08-25 16:00:00,64.93596071041334
2024-08-25 17:00:00,58.90229664872548
2024-08-25 18:00:00,71.71099668131588
2024-08-25 19:00:00,56.21741256234113
2024-08-25 20:00:00,49.701165114669585
2024-08-25 21:00:00,79.00042788995816
2024-08-25 22:00:00,25.89557854142746
2024-08-25 23:00:00,27.207417638529662
2024-08-26 00:00:00,28.63032899360589
2024-08-26 01:00:00,29.04046276737897
2024-08-26 02:00:00,28.015496120483895
2024-08-26 03:00:00,25.53102860677469
2024-08-26 04:00:00,28.54792138366327
2024-08-26 05:00:00,29.134003762803435
2024-08-26 06:00:00,29.84280668687833
2024-08-26 07:00:00,26.304710636614857
2024-08-26 08:00:00,27.729457760115167
2024-08-26 09:00:00,61.896826648198015
2024-08-26 10:00:00,48.74187868927329
2024-08-26 11:00:00,52.99765729986795
2024-08-26 12:00:00,71.5023373773215
2024-08-26 13:00:00,58.978898567874396
2024-08-26 14:00:00,60.03453309066558
2024-08-26 15:00:00,62.01411608811841
2024-08-26 16:00:00,69.41546475158748
2024-08-26 17:00:00,64.74205552918694
2024-08-26 18:00:00,59.29390159277551
2024-08-26 19:00:00,62.11213980616581
2024-08-26 20:00:00,58.49944443615285
2024-08-26 21:00:00,62.03221160456143
2024-08-26 22:00:00,26.95036603714871
2024-08-26 23:00:00,28.486998301874028
2024-08-27 00:00:00,27.510520599505227
2024-08-27 01:00:00,29.420767986854187
2024-08-27 02:00:00,28.096422824305048
2024-08-27 03:00:00,28.773172929375157
2024-08-27 04:00:00,29.708474115683362
2024-08-27 05:00:00,27.061136343988174
2024-08-27 06:00:00,27.24418379683802
2024-08-27 07:00:00,28.612930495106134
2024-08-27 08:00:00,28.15799975442437
2024-08-27 09:00:00,57.68575946451499
2024-08-27 10:00:00,60.53487781363022
2024-08-27 11:00:00,72.02506012612004
2024-08-27 12:00:00,51.970479442944836
2024-08-27 13:00:00,60.322720820354476
2024-08-27 14:00:00,66.98641508072886
2024-08-27 15:00:00,76.4746635012155
2024-08-27 16:00:00,71.08985380862893
2024-08-27 17:00:00,53.763719434399476
2024-08-27 18:00:00,70.43883560636169
2024-08-27 19:00:00,55.662030093585045
2024-08-27 20:00:00,70.50834386410219
2024-08-27 21:00:00,49.88875793797337
2024-08-27 22:00:00,28.48389381096964
2024-08-27 23:00:00,28.684299058919418
2024-08-28 00:00:00,26.235997243284597
2024-08-28 01:00:00,29.05259580027173
2024-08-28 02:00:00,26.7269694254487
2024-08-28 03:00:00,29.49467028462031
2024-08-28 04:00:00,25.90234675962329
2024-08-28 05:00:00,28.058839963135807
2024-08-28 06:00:00,29.325424502831773
2024-08-28 07:00:00,26.052985549211556
2024-08-28 08:00:00,25.889229435914487
2024-08-28 09:00:00,68.39023195557341
2024-08-28 10:00:00,69.52321686134869
2024-08-28 11:00:00,69.13626801451792
2024-08-28 12:00:00,55.827043531615004
2024-08-28 13:00:00,67.80061070822148
2024-08-28 14:00:00,67.01655370647516
2024-08-28 15:00:00,64.1986791379289
2024-08-28 16:00:00,62.217249961608665
2024-08-28 17:00:00,64.65035855153977
2024-08-28 18:00:00,74.45398564020033
2024-08-28 19:00:00,66.80442482989523
2024-08-28 20:00:00,67.68373698908839
2024-08-28 21:00:00,60.14263477256132
2024-08-28 22:00:00,27.102442656811874
2024-08-28 23:00:00,26.523298622174465
2024-08-29 00:00:00,25.97920761309586
2024-08-29 01:00:00,26.759388423367753
2024-08-29 02:00:00,26.86077479379886
2024-08-29 03:00:00,28.390701388916913
2024-08-29 04:00:00,26.461164090524278
2024-08-29 05:00:00,25.420248819631198
2024-08-29 06:00:00,27.239455459082926
2024-08-29 07:00:00,28.863127877161574
2024-08-29 08:00:00,28.524807840374635
2024-08-29 09:00:00,61.70853451368594
2024-08-29 10:00:00,67.39041283834476
2024-08-29 11:00:00,45.79322606432061
2024-08-29 12:00:00,67.96966608686625
2024-08-29 13:00:00,72.409956723622
2024-08-29 14:00:00,51.32014311690183
2024-08-29 15:00:00,53.74723407966893
2024-08-29 16:00:00,67.56621591750805
2024-08-29 17:00:00,56.38020465990809
2024-08-29 18:00:00,60.48279002274721
2024-08-29 19:00:00,71.71658855405522
2024-08-29 20:00:00,60.196433000278404
2024-08-29 21:00:00,66.62423152844296
2024-08-29 22:00:00,26.42754661341216
2024-08-29 23:00:00,29.423303850366693
2024-08-30 00:00:00,29.579576214816605
2024-08-30 01:00:00,25.7454480096607
2024-08-30 02:00:00,26.33361389653256
2024-08-30 03:00:00,26.465705335918518
2024-08-30 04:00:00,26.670373113641823
2024-08-30 05:00:00,28.202571693829405
2024-08-30 06:00:00,27.94164881922711
2024-08-30 07:00:00,26.791949336229862
2024-08-30 08:00:00,26.128864805710368
2024-08-30 09:00:00,75.79822623267964
2024-08-30 10:00:00,71.50353860955853
2024-08-30 11:00:00,51.65400550596229
2024-08-30 12:00:00,69.84918323973503
2024-08-30 13:00:00,72.09988421472298
2024-08-30 14:00:00,59.09419279517245
2024-08-30 15:00:00,68.78104969292482
2024-08-30 16:00:00,65.14296661739543
2024-08-30 17:00:00,56.67424007023415
2024-08-30 18:00:00,63.41335274252697
2024-08-30 19:00:00,72.37859025263191
2024-08-30 20:00:00,46.98397222890696
2024-08-30 21:00:00,47.66225580045817
2024-08-30 22:00:00,28.964259849876118
2024-08-30 23:00:00,27.435960945639604
2024-08-31 00:00:00,29.116300258839818
2024-08-31 01:00:00,29.900856594715243
2024-08-31 02:00:00,27.62538362393488
2024-08-31 03:00:00,28.383670716349755
2024-08-31 04:00:00,25.115569913779147
2024-08-31 05:00:00,28.19232796003574
2024-08-31 06:00:00,26.465148106198967
2024-08-31 07:00:00,25.730694035768558
2024-08-31 08:00:00,29.557296766320363
2024-08-31 09:00:00,62.67540489158673
2024-08-31 10:00:00,70.04907144690375
2024-08-31 11:00:00,62.809796882448055
2024-08-31 12:00:00,52.66360111524258
2024-08-31 13:00:00,65.04684589952964
2024-08-31 14:00:00,67.12382224652737
2024-08-31 15:00:00,68.01590090661108
2024-08-31 16:00:00,67.8954601992809
2024-08-31 17:00:00,65.37601859781518
2024-08-31 18:00:00,60.084456361162154
2024-08-31 19:00:00,66.12236611248616
2024-08-31 20:00:00,64.90640953201634
2024-08-31 21:00:00,63.556576309431726
2024-08-31 22:00:00,27.19166830397842
2024-08-31 23:00:00,29.30385214797413
2024-09-01 00:00:00,25.49398417622089
2024-09-01 01:00:00,28.885414443543098
2024-09-01 02:00:00,25.595462942123575
2024-09-01 03:00:00,28.241515290153146
2024-09-01 04:00:00,28.010138397322255
2024-09-01 05:00:00,29.1609034421437
2024-09-01 06:00:00,27.201549869655114
2024-09-01 07:00:00,26.098552430611576
2024-09-01 08:00:00,28.662358622208274
2024-09-01 09:00:00,49.61455867018272
2024-09-01 10:00:00,68.09630993814264
2024-09-01 11:00:00,75.3809746250196
2024-09-01 12:00:00,78.6924008183152
2024-09-01 13:00:00,71.77130751353361
2024-09-01 14:00:00,52.77226952475499
2024-09-01 15:00:00,62.2961464001383
2024-09-01 16:00:00,57.658512011357686
2024-09-01 17:00:00,71.1425495387002
2024-09-01 18:00:00,63.21643277285075
2024-09-01 19:00:00,70.46783331732937
2024-09-01 20:00:00,59.69967253744021
2024-09-01 21:00:00,66.7550501546238
2024-09-01 22:00:00,29.91967442434524
2024-09-01 23:00:00,25.078660414175857
2024-09-02 00:00:00,25.697534467542162
2024-09-02 01:00:00,26.54623037499152
2024-09-02 02:00:00,29.582906695450475
2024-09-02 03:00:00,28.604064944879653
2024-09-02 04:00:00,28.952908690186
2024-09-02 05:00:00,26.239125892129238
2024-09-02 06:00:00,25.8914816702258
2024-09-02 07:00:00,28.25918132388537
2024-09-02 08:00:00,26.004523159008023
2024-09-02 09:00:00,48.223311117964194
2024-09-02 10:00:00,67.32123356604404
2024-09-02 11:00:00,68.28793990294429
2024-09-02 12:00:00,62.657708952689376
2024-09-02 13:00:00,60.104105379948834
2024-09-02 14:00:00,65.38837757206568
2024-09-02 15:00:00,64.00043036513969
2024-09-02 16:00:00,62.06542293923266
2024-09-02 17:00:00,59.40461571106825
2024-09-02 18:00:00,56.78840913580828
2024-09-02 19:00:00,74.38896283355102
2024-09-02 20:00:00,53.01651628854706
2024-09-02 21:00:00,75.30096739470343
2024-09-02 22:00:00,25.23486029128832
2024-09-02 23:00:00,26.283210740181595
2024-09-03 00:00:00,27.428400944412665
2024-09-03 01:00:00,29.74560145003756
2024-09-03 02:00:00,26.337379196898958
2024-09-03 03:00:00,25.787971685989465
2024-09-03 04:00:00,26.819556949965442
2024-09-03 05:00:00,27.102425715757565
2024-09-03 06:00:00,27.39989582194128
2024-09-03 07:00:00,28.313048297012102
2024-09-03 08:00:00,25.395956890510973
2024-09-03 09:00:00,66.76577635951023
2024-09-03 10:00:00,53.307969613517756
2024-09-03 11:00:00,65.85469291001553
2024-09-03 12:00:00,69.02809268270963
2024-09-03 13:00:00,59.6584616188058
2024-09-03 14:00:00,58.41716554226882
2024-09-03 15:00:00,65.73503679981062
2024-09-03 16:00:00,64.41190742155172
2024-09-03 17:00:00,50.12890101879661
2024-09-03 18:00:00,63.65468290622201
2024-09-03 19:00:00,68.05729229194522
2024-09-03 20:00:00,59.950407472209214
2024-09-03 21:00:00,45.01620740047987
2024-09-03 22:00:00,26.018559465124767
2024-09-03 23:00:00,27.912893530700387
2024-09-04 00:00:00,28.211599738018794
2024-09-04 01:00:00,27.244432841807274
2024-09-04 02:00:00,29.83040561154967
2024-09-04 03:00:00,28.859515363879147
2024-09-04 04:00:00,28.697067357309724
2024-09-04 05:00:00,26.164371706295242
2024-09-04 06:00:00,25.76425096443241
2024-09-04 07:00:00,28.154329992046517
2024-09-04 08:00:00,28.69105738095961
2024-09-04 09:00:00,67.53054091889139
2024-09-04 10:00:00,44.485440555129486
2024-09-04 11:00:00,59.69666554956459
2024-09-04 12:00:00,62.36980150053745
2024-09-04 13:00:00,64.55165913779875
2024-09-04 14:00:00,57.52678890241815
2024-09-04 15:00:00,54.829909106124504
2024-09-04 16:00:00,62.238028742650066
2024-09-04 17:00:00,66.503460010258
2024-09-04 18:00:00,69.27541642228955
2024-09-04 19:00:00,62.16893381789503
2024-09-04 20:00:00,58.184993310267664
2024-09-04 21:00:00,57.63795778978509
2024-09-04 22:00:00,26.531820295171144
2024-09-04 23:00:00,25.03041346120883
2024-09-05 00:00:00,29.44898101227836
2024-09-05 01:00:00,27.217885885989897
2024-09-05 02:00:00,25.739036600892298
2024-09-05 03:00:00,29.16046768927287
2024-09-05 04:00:00,25.60433027787787
2024-09-05 05:00:00,29.634786200989588
2024-09-05 06:00:00,26.87602222030133
2024-09-05 07:00:00,28.89862611820382
2024-09-05 08:00:00,28.016838275098618
2024-09-05 09:00:00,48.924646807745376
2024-09-05 10:00:00,59.449619678788764
2024-09-05 11:00:00,68.57921235484585
2024-09-05 12:00:00,54.44455529533016
2024-09-05 13:00:00,60.48888274903297
2024-09-05 14:00:00,57.43026586002256
2024-09-05 15:00:00,71.73130742804196
2024-09-05 16:00:00,60.763096319304
2024-09-05 17:00:00,57.634643447104345
2024-09-05 18:00:00,65.78489972405465
2024-09-05 19:00:00,64.76803768387946
2024-09-05 20:00:00,68.86788860398639
2024-09-05 21:00:00,60.03341063887798
2024-09-05 22:00:00,29.99306577001657
2024-09-05 23:00:00,25.612903023270555
2024-09-06 00:00:00,25.19806819852805
2024-09-06 01:00:00,27.676946601832725
2024-09-06 02:00:00,25.961800029519377
2024-09-06 03:00:00,26.318884871589635
2024-09-06 04:00:00,27.37800645972514
2024-09-06 05:00:00,28.144190699349934
2024-09-06 06:00:00,26.06773806154461
2024-09-06 07:00:00,27.555716508467807
2024-09-06 08:00:00,25.986170352666875
2024-09-06 09:00:00,58.17685976277633
2024-09-06 10:00:00,54.973464700587904
2024-09-06 11:00:00,58.9980590143215
2024-09-06 12:00:00,60.64086684334748
2024-09-06 13:00:00,75.02502919197751
2024-09-06 14:00:00,57.83671804694393
2024-09-06 15:00:00,66.15705779081831
2024-09-06 16:00:00,54.893314529391134
2024-09-06 17:00:00,63.073317015717876
2024-09-06 18:00:00,55.79646531822846
2024-09-06 19:00:00,54.010360188054875
2024-09-06 20:00:00,62.38093863013372
2024-09-06 21:00:00,69.09066335227425
2024-09-06 22:00:00,27.109199757824538
2024-09-06 23:00:00,29.90822010839411
2024-09-07 00:00:00,28.592313367215862
2024-09-07 01:00:00,29.88764370315834
2024-09-07 02:00:00,25.70908124019202
2024-09-07 03:00:00,25.90791110464697
2024-09-07 04:00:00,28.655734910463238
2024-09-07 05:00:00,29.406360698933184
2024-09-07 06:00:00,29.479825299817513
2024-09-07 07:00:00,29.938895392127435
2024-09-07 08:00:00,28.87421677185919
2024-09-07 09:00:00,65.41335124699238
2024-09-07 10:00:00,60.759552132142765
2024-09-07 11:00:00,66.5460862744948
2024-09-07 12:00:00,63.924424920859565
2024-09-07 13:00:00,62.27119253517451
2024-09-07 14:00:00,60.9429106497533
2024-09-07 15:00:00,61.87962002567771
2024-09-07 16:00:00,67.87829205305214
2024-09-07 17:00:00,53.39677576547445
2024-09-07 18:00:00,54.65909679631079
2024-09-07 19:00:00,68.32173321957953
2024-09-07 20:00:00,55.44821099975899
2024-09-07 21:00:00,69.76864408189232
2024-09-07 22:00:00,29.31623946879464
2024-09-07 23:00:00,26.71331671969492
2024-09-08 00:00:00,25.13782132769316
2024-09-08 01:00:00,25.47797016335049
2024-09-08 02:00:00,28.070503292975935
2024-09-08 03:00:00,27.65924705284216
2024-09-08 04:00:00,27.31058282105404
2024-09-08 05:00:00,27.713342727973902
2024-09-08 06:00:00,26.949894527575992
2024-09-08 07:00:00,26.584993348354594
2024-09-08 08:00:00,26.389548388239753
2024-09-08 09:00:00,57.531487308419216
2024-09-08 10:00:00,60.08181425744853
2024-09-08 11:00:00,71.94375658713622
2024-09-08 12:00:00,51.56385429834732
2024-09-08 13:00:00,66.72163924586778
2024-09-08 14:00:00,54.851047479468704
2024-09-08 15:00:00,78.95156079447582
2024-09-08 16:00:00,59.91091441119161
2024-09-08 17:00:00,60.556918877978326
2024-09-08 18:00:00,73.6585570182751
2024-09-08 19:00:00,73.13132699161957
2024-09-08 20:00:00,50.23865241447737
2024-09-08 21:00:00,51.80918227840442
2024-09-08 22:00:00,27.939625456766997
2024-09-08 23:00:00,26.765425889647254
2024-09-09 00:00:00,29.481227785285526
2024-09-09 01:00:00,27.04875309943093
2024-09-09 02:00:00,25.915399085139427
2024-09-09 03:00:00,28.454048753829117
2024-09-09 04:00:00,27.70055011009914
2024-09-09 05:00:00,29.583858297176267
2024-09-09 06:00:00,27.976940674097357
2024-09-09 07:00:00,27.816067443219456
2024-09-09 08:00:00,25.435708817392428
2024-09-09 09:00:00,61.22850920543349
2024-09-09 10:00:00,56.72934635746314
2024-09-09 11:00:00,70.50839511622371
2024-09-09 12:00:00,48.307344624778516
2024-09-09 13:00:00,54.08306161920095
2024-09-09 14:00:00,64.40060718205123
2024-09-09 15:00:00,59.67302345504095
2024-09-09 16:00:00,59.58455512599211
2024-09-09 17:00:00,68.02354357641103
2024-09-09 18:00:00,77.5163908909909
2024-09-09 19:00:00,66.73794031776316
2024-09-09 20:00:00,69.98523768680073
2024-09-09 21:00:00,56.104980115570385
2024-09-09 22:00:00,25.180958201473427
2024-09-09 23:00:00,25.520825320947573
2024-09-10 00:00:00,27.083644375845708
2024-09-10 01:00:00,25.16718321933066
2024-09-10 02:00:00,27.951064930674004
2024-09-10 03:00:00,25.442160983168897
2024-09-10 04:00:00,28.689516734758072
2024-09-10 05:00:00,25.751860061935908
2024-09-10 06:00:00,25.01611453064406
2024-09-10 07:00:00,25.097758844449288
2024-09-10 08:00:00,26.113637711330906
2024-09-10 09:00:00,66.30323364146192
2024-09-10 10:00:00,52.55086488918149
2024-09-10 11:00:00,58.82173644493233
2024-09-10 12:00:00,57.18449552894697
2024-09-10 13:00:00,69.09172543774953
2024-09-10 14:00:00,62.09872580427644
2024-09-10 15:00:00,51.01777650509831
2024-09-10 16:00:00,63.550618640325126
2024-09-10 17:00:00,63.7483684061362
2024-09-10 18:00:00,53.246702255150424
2024-09-10 19:00:00,53.95679595759081
2024-09-10 20:00:00,69.34841169215832
2024-09-10 21:00:00,62.98124948794856
2024-09-10 22:00:00,29.75410616728223
2024-09-10 23:00:00,26.227265126876482
2024-09-11 00:00:00,25.373345038761894
2024-09-11 01:00:00,28.83170994956381
2024-09-11 02:00:00,28.24975949374427
2024-09-11 03:00:00,25.040860380320037
2024-09-11 04:00:00,27.01058511595198
2024-09-11 05:00:00,27.850423550386623
2024-09-11 06:00:00,28.024197931259856
2024-09-11 07:00:00,28.277161484797155
2024-09-11 08:00:00,29.606525285210935
2024-09-11 09:00:00,58.275310187405765
2024-09-11 10:00:00,67.34496621024739
2024-09-11 11:00:00,58.87921305426348
2024-09-11 12:00:00,68.58985660263806
2024-09-11 13:00:00,65.64327949372753
2024-09-11 14:00:00,70.62969154856418
2024-09-11 15:00:00,66.56389635993315
2024-09-11 16:00:00,59.82834538379405
2024-09-11 17:00:00,65.1371850302186
2024-09-11 18:00:00,62.48113433130931
2024-09-11 19:00:00,53.63620915904987
2024-09-11 20:00:00,69.39758087047143
2024-09-11 21:00:00,58.6839944920426
2024-09-11 22:00:00,29.192859193947307
2024-09-11 23:00:00,29.11840625161502
2024-09-12 00:00:00,26.86804580436494
2024-09-12 01:00:00,26.097360642428143
2024-09-12 02:00:00,25.553171557722965
2024-09-12 03:00:00,26.71246107952171
2024-09-12 04:00:00,25.756993033434018
2024-09-12 05:00:00,28.71904688988552
2024-09-12 06:00:00,25.892044356175546
2024-09-12 07:00:00,29.6687932994479
2024-09-12 08:00:00,27.8839797609886
2024-09-12 09:00:00,55.75995489076118
2024-09-12 10:00:00,65.6683735035293
2024-09-12 11:00:00,54.40911917886214
2024-09-12 12:00:00,67.59716468151328
2024-09-12 13:00:00,67.63472346185318
2024-09-12 14:00:00,59.14556562134577
2024-09-12 15:00:00,53.190995145913355
2024-09-12 16:00:00,75.13934537305191
2024-09-12 17:00:00,57.476846024450914
2024-09-12 18:00:00,68.33474555092386
2024-09-12 19:00:00,45.78099881983728
2024-09-12 20:00:00,62.35994184840601
2024-09-12 21:00:00,62.9390409085152
2024-09-12 22:00:00,28.743493712576356
2024-09-12 23:00:00,25.44559951494796
2024-09-13 00:00:00,29.594492798066305
2024-09-13 01:00:00,26.79189265900873
2024-09-13 02:00:00,28.46075633094055
2024-09-13 03:00:00,28.102182399373017
2024-09-13 04:00:00,27.493518391242375
2024-09-13 05:00:00,26.977914131691414
2024-09-13 06:00:00,29.52212724820165
2024-09-13 07:00:00,26.8000736944231
2024-09-13 08:00:00,29.767939610099305
2024-09-13 09:00:00,56.750241723992616
2024-09-13 10:00:00,62.402920567639995
2024-09-13 11:00:00,62.87646450230608
2024-09-13 12:00:00,53.83884663209259
2024-09-13 13:00:00,59.747046570607594
2024-09-13 14:00:00,52.929012199599455
2024-09-13 15:00:00,48.34699690103692
2024-09-13 16:00:00,54.29978543320521
2024-09-13 17:00:00,71.24589996492477
2024-09-13 18:00:00,51.59370229504695
2024-09-13 19:00:00,74.12443261293622
2024-09-13 20:00:00,64.3123718443684
2024-09-13 21:00:00,65.70564826807302
2024-09-13 22:00:00,26.243908585077158
2024-09-13 23:00:00,25.546174553654986
2024-09-14 00:00:00,25.06186952667661
2024-09-14 01:00:00,29.05163152313136
2024-09-14 02:00:00,28.444581751192263
2024-09-14 03:00:00,27.85704970268136
2024-09-14 04:00:00,26.923772871092826
2024-09-14 05:00:00,25.244106101609827
2024-09-14 06:00:00,26.90075952985329
2024-09-14 07:00:00,26.290979203776303
2024-09-14 08:00:00,27.7290041345995
2024-09-14 09:00:00,60.636056916048545
2024-09-14 10:00:00,58.565685928756615
2024-09-14 11:00:00,70.33755125049485
2024-09-14 12:00:00,69.70210294903947
2024-09-14 13:00:00,58.19082516973915
2024-09-14 14:00:00,49.80343362198336
2024-09-14 15:00:00,65.07780837417971
2024-09-14 16:00:00,63.89188931511207
2024-09-14 17:00:00,64.66452893176276
2024-09-14 18:00:00,65.14251806006172
2024-09-14 19:00:00,51.108823369795445
2024-09-14 20:00:00,59.61171360283879
2024-09-14 21:00:00,56.02620432374569
2024-09-14 22:00:00,26.411016982990624
2024-09-14 23:00:00,26.643892436417573
2024-09-15 00:00:00,25.329493431518486
2024-09-15 01:00:00,26.571330792070455
2024-09-15 02:00:00,25.06544809700699
2024-09-15 03:00:00,29.39112218131237
2024-09-15 04:00:00,28.151114260232966
2024-09-15 05:00:00,26.559261105446247
2024-09-15 06:00:00,28.63078071512585
2024-09-15 07:00:00,25.281240833867685
2024-09-15 08:00:00,27.556260099441523
2024-09-15 09:00:00,56.72144023096736
2024-09-15 10:00:00,59.99599260700029
2024-09-15 11:00:00,48.70267435757827
2024-09-15 12:00:00,65.63159934163991
2024-09-15 13:00:00,48.20073229385362
2024-09-15 14:00:00,71.86335481273179
2024-09-15 15:00:00,64.45972872776102
2024-09-15 16:00:00,74.37781642791529
2024-09-15 17:00:00,65.41456307620591
2024-09-15 18:00:00,70.52854026638263
2024-09-15 19:00:00,70.80288394568036
2024-09-15 20:00:00,60.081595847182214
2024-09-15 21:00:00,45.31885618464473
2024-09-15 22:00:00,28.90484432505187
2024-09-15 23:00:00,28.47054130904823
2024-09-16 00:00:00,25.387693680492198
2024-09-16 01:00:00,25.8697741023071
2024-09-16 02:00:00,25.824169718256773
2024-09-16 03:00:00,28.741055022332407
2024-09-16 04:00:00,28.565215007478045
2024-09-16 05:00:00,26.482477152415196
2024-09-16 06:00:00,25.691196672349456
2024-09-16 07:00:00,29.002430090574002
2024-09-16 08:00:00,27.424331986542906
2024-09-16 09:00:00,70.76373160588497
2024-09-16 10:00:00,57.93527796200752
2024-09-16 11:00:00,51.97583224995313
2024-09-16 12:00:00,52.17056700386918
2024-09-16 13:00:00,66.44852707460372
2024-09-16 14:00:00,73.88663051882266
2024-09-16 15:00:00,64.36139809747581
2024-09-16 16:00:00,72.22084753295763
2024-09-16 17:00:00,58.082038365678756
2024-09-16 18:00:00,64.59066543868342
2024-09-16 19:00:00,59.40846867956775
2024-09-16 20:00:00,65.86729856340952
2024-09-16 21:00:00,55.926490729526954
2024-09-16 22:00:00,28.271139080625822
2024-09-16 23:00:00,25.241264096276005
2024-09-17 00:00:00,28.545470311811485
2024-09-17 01:00:00,28.402179723781316
2024-09-17 02:00:00,27.216666179039475
2024-09-17 03:00:00,25.87465236493952
2024-09-17 04:00:00,27.936596666935554
2024-09-17 05:00:00,29.14514623204846
2024-09-17 06:00:00,29.39228903908908
2024-09-17 07:00:00,28.257619168332926
2024-09-17 08:00:00,29.119333468539146
2024-09-17 09:00:00,51.07351045793882
2024-09-17 10:00:00,57.9287638054233
2024-09-17 11:00:00,60.312373092271216
2024-09-17 12:00:00,72.60845969376794
2024-09-17 13:00:00,70.92728346613116
2024-09-17 14:00:00,60.54508195507012
2024-09-17 15:00:00,68.00696396759724
2024-09-17 16:00:00,55.285486804581005
2024-09-17 17:00:00,53.13418307607312
2024-09-17 18:00:00,52.0290088129714
2024-09-17 19:00:00,64.83246357993488
2024-09-17 20:00:00,69.89553903672343
2024-09-17 21:00:00,63.6187727990207
2024-09-17 22:00:00,27.97762117953075
2024-09-17 23:00:00,26.695162718142544
2024-09-18 00:00:00,29.09895113770498
2024-09-18 01:00:00,27.757815775392856
2024-09-18 02:00:00,28.729419305195755
2024-09-18 03:00:00,26.19799083862392
2024-09-18 04:00:00,28.466611784842932
2024-09-18 05:00:00,26.124894871429152
2024-09-18 06:00:00,29.909654978232794
2024-09-18 07:00:00,28.097346679219637
2024-09-18 08:00:00,29.61276473948899
2024-09-18 09:00:00,54.651108312131484
2024-09-18 10:00:00,63.20248982581063
2024-09-18 11:00:00,62.993552605324716
2024-09-18 12:00:00,68.37053911311895
2024-09-18 13:00:00,53.44866426503328
2024-09-18 14:00:00,54.610008504153306
2024-09-18 15:00:00,58.87995165944961
2024-09-18 16:00:00,57.107154309070495
2024-09-18 17:00:00,60.48503819818603
2024-09-18 18:00:00,67.84818884658938
2024-09-18 19:00:00,69.38577186045258
2024-09-18 20:00:00,48.64551284624464
2024-09-18 21:00:00,71.364069081308
2024-09-18 22:00:00,25.33787937649065
2024-09-18 23:00:00,28.48974300412678
2024-09-19 00:00:00,28.373389313409916
2024-09-19 01:00:00,28.97126542801443
2024-09-19 02:00:00,28.90646300354499
2024-09-19 03:00:00,29.305075260695176
2024-09-19 04:00:00,27.754500441754946
2024-09-19 05:00:00,28.008042920713237
2024-09-19 06:00:00,29.71071318764172
2024-09-19 07:00:00,27.637796532228798
2024-09-19 08:00:00,27.114885571808145
2024-09-19 09:00:00,61.730427446597226
2024-09-19 10:00:00,57.149792217537964
2024-09-19 11:00:00,72.75706045104297
2024-09-19 12:00:00,60.78504683055034
2024-09-19 13:00:00,72.08253228372968
2024-09-19 14:00:00,71.02655855564002
2024-09-19 15:00:00,57.24136174485574
2024-09-19 16:00:00,63.98854144310724
2024-09-19 17:00:00,71.67662233000686
2024-09-19 18:00:00,46.40444455757333
2024-09-19 19:00:00,56.252874092611506
2024-09-19 20:00:00,63.16569181047884
2024-09-19 21:00:00,48.49578535223176
2024-09-19 22:00:00,29.13851292478364
2024-09-19 23:00:00,27.123835326086592
2024-09-20 00:00:00,28.595341394691264
2024-09-20 01:00:00,27.783885848405834
2024-09-20 02:00:00,25.8781902641041
2024-09-20 03:00:00,25.902117005772325
2024-09-20 04:00:00,26.636215761870112
2024-09-20 05:00:00,27.118931766584605
2024-09-20 06:00:00,28.38385251928533
2024-09-20 07:00:00,26.00768674372362
2024-09-20 08:00:00,25.311910956628537
2024-09-20 09:00:00,57.22460419899938
2024-09-20 10:00:00,59.00127558701901
2024-09-20 11:00:00,60.445009305251645
2024-09-20 12:00:00,62.2837450524317
2024-09-20 13:00:00,61.220580702902225
2024-09-20 14:00:00,63.381630912041786
2024-09-20 15:00:00,63.837578993583016
2024-09-20 16:00:00,73.31931878542443
2024-09-20 17:00:00,50.92253217150856
2024-09-20 18:00:00,77.18959672283016
2024-09-20 19:00:00,64.74753254094948
2024-09-20 20:00:00,52.643088555311806
2024-09-20 21:00:00,57.98910791389656
2024-09-20 22:00:00,27.43748002091098
2024-09-20 23:00:00,27.18819436540518
2024-09-21 00:00:00,27.840990482696544
2024-09-21 01:00:00,25.319884343230868
2024-09-21 02:00:00,27.4046878315076
2024-09-21 03:00:00,26.475456171853295
2024-09-21 04:00:00,28.827778833472337
2024-09-21 05:00:00,25.390631647515754
2024-09-21 06:00:00,26.908010474797265
2024-09-21 07:00:00,26.226865207684305
2024-09-21 08:00:00,28.032191233228282
2024-09-21 09:00:00,57.849872790541006
2024-09-21 10:00:00,78.88360091812969
2024-09-21 11:00:00,65.62205553937928
2024-09-21 12:00:00,63.8244943763735
2024-09-21 13:00:00,67.54392554311207
2024-09-21 14:00:00,63.86369745193145
2024-09-21 15:00:00,60.81921705451693
2024-09-21 16:00:00,65.86020378330346
2024-09-21 17:00:00,71.17101942126104
2024-09-21 18:00:00,64.85457085074464
2024-09-21 19:00:00,63.87458634732629
2024-09-21 20:00:00,56.78167006604145
2024-09-21 21:00:00,63.41443243002917
2024-09-21 22:00:00,27.2514425612913
2024-09-21 23:00:00,26.683183660470323
2024-09-22 00:00:00,27.64199854308619
2024-09-22 01:00:00,28.04698674487615
2024-09-22 02:00:00,28.170829628962256
2024-09-22 03:00:00,25.122015544752802
2024-09-22 04:00:00,26.770194645425097
2024-09-22 05:00:00,25.832510801207548
2024-09-22 06:00:00,25.305194170521148
2024-09-22 07:00:00,25.8927551104224
2024-09-22 08:00:00,29.864584171698308
2024-09-22 09:00:00,59.63482473241956
2024-09-22 10:00:00,67.42336783622942
2024-09-22 11:00:00,74.62593387127569
2024-09-22 12:00:00,55.73090823666889
2024-09-22 13:00:00,65.83455608577887
2024-09-22 14:00:00,55.09430268391068
2024-09-22 15:00:00,70.64584711402307
2024-09-22 16:00:00,77.0089310616961
2024-09-22 17:00:00,65.98906453321962
2024-09-22 18:00:00,69.81722446823979
2024-09-22 19:00:00,72.48467901567804
2024-09-22 20:00:00,52.75374887815914
2024-09-22 21:00:00,68.72396863023843
2024-09-22 22:00:00,29.744472998423475
2024-09-22 23:00:00,27.31787316101802
2024-09-23 00:00:00,29.416315657493648
2024-09-23 01:00:00,25.010522244300482
2024-09-23 02:00:00,29.274572449483202
2024-09-23 03:00:00,28.861798681891347
2024-09-23 04:00:00,29.637088395795068
2024-09-23 05:00:00,27.32773112344588
2024-09-23 06:00:00,25.78550611853423
2024-09-23 07:00:00,28.690428803769166
2024-09-23 08:00:00,27.990593981677023
2024-09-23 09:00:00,67.88648074234004
2024-09-23 10:00:00,53.581770311595136
2024-09-23 11:00:00,52.63333266297092
2024-09-23 12:00:00,64.22925244611606
2024-09-23 13:00:00,59.78554746923136
2024-09-23 14:00:00,57.213952455781964
2024-09-23 15:00:00,61.118770186015134
2024-09-23 16:00:00,53.554555003512554
2024-09-23 17:00:00,56.326450647562076
2024-09-23 18:00:00,68.90802010545539
2024-09-23 19:00:00,56.557938456062516
2024-09-23 20:00:00,58.06783680786192
2024-09-23 21:00:00,45.3365760153131
2024-09-23 22:00:00,27.79105868626699
2024-09-23 23:00:00,28.35099308549085
2024-09-24 00:00:00,29.040355085272015
2024-09-24 01:00:00,25.669851171577758
2024-09-24 02:00:00,27.716135319670375
2024-09-24 03:00:00,27.382556174163717
2024-09-24 04:00:00,26.16876016038512
2024-09-24 05:00:00,29.058713559024774
2024-09-24 06:00:00,29.39586328375666
2024-09-24 07:00:00,25.575613017007846
2024-09-24 08:00:00,29.712946401844746
2024-09-24 09:00:00,62.49505610948468
2024-09-24 10:00:00,55.14792860448938
2024-09-24 11:00:00,75.84232507956318
2024-09-24 12:00:00,68.24421933913872
2024-09-24 13:00:00,64.87222238141533
2024-09-24 14:00:00,59.194955395866785
2024-09-24 15:00:00,67.76613158972772
2024-09-24 16:00:00,67.44581763407663
2024-09-24 17:00:00,63.93599896786315
2024-09-24 18:00:00,61.41125883313563
2024-09-24 19:00:00,51.65657428063883
2024-09-24 20:00:00,56.145387103088474
2024-09-24 21:00:00,60.402200182966
2024-09-24 22:00:00,28.91679994665173
2024-09-24 23:00:00,29.478685427273955
2024-09-25 00:00:00,25.70252050669417
2024-09-25 01:00:00,27.530197869668868
2024-09-25 02:00:00,26.582107146388417
2024-09-25 03:00:00,27.915178732385556
2024-09-25 04:00:00,26.61816344939475
2024-09-25 05:00:00,26.802082645893528
2024-09-25 06:00:00,29.855299035935893
2024-09-25 07:00:00,28.41805053775026
2024-09-25 08:00:00,27.3374724858541
2024-09-25 09:00:00,58.688840816276226
2024-09-25 10:00:00,54.402437186872405
2024-09-25 11:00:00,64.59240302500808
2024-09-25 12:00:00,53.25441778011525
2024-09-25 13:00:00,72.90544594905109
2024-09-25 14:00:00,60.47991096987499
2024-09-25 15:00:00,69.88822096234246
2024-09-25 16:00:00,70.67052818114945
2024-09-25 17:00:00,60.455174193929324
2024-09-25 18:00:00,69.75190389451586
2024-09-25 19:00:00,53.009513353308
2024-09-25 20:00:00,62.75966201930595
2024-09-25 21:00:00,61.684890640290874
2024-09-25 22:00:00,26.644168786667823
2024-09-25 23:00:00,29.72964109204724
2024-09-26 00:00:00,26.168744657385048
2024-09-26 01:00:00,26.291531206022867
2024-09-26 02:00:00,28.7288923732001
2024-09-26 03:00:00,29.75532997854372
2024-09-26 04:00:00,27.363884021098833
2024-09-26 05:00:00,27.11208722304319
2024-09-26 06:00:00,29.8791008175269
2024-09-26 07:00:00,27.56692594618032
2024-09-26 08:00:00,26.515039993322304
2024-09-26 09:00:00,58.47171267859285
2024-09-26 10:00:00,68.18285755048412
2024-09-26 11:00:00,48.787530173899896
2024-09-26 12:00:00,59.02009593870312
2024-09-26 13:00:00,53.541988209155306
2024-09-26 14:00:00,64.81460628267627
2024-09-26 15:00:00,64.07730390841743
2024-09-26 16:00:00,75.56492989202165
2024-09-26 17:00:00,50.952582499585205
2024-09-26 18:00:00,56.93370438404233
2024-09-26 19:00:00,66.32849155123314
2024-09-26 20:00:00,53.01587784560639
2024-09-26 21:00:00,60.733422867093125
2024-09-26 22:00:00,25.43029686939186
2024-09-26 23:00:00,29.012333711316835
2024-09-27 00:00:00,27.652576668006848
2024-09-27 01:00:00,29.39429188816274
2024-09-27 02:00:00,29.48924717256409
2024-09-27 03:00:00,25.520642949910428
2024-09-27 04:00:00,28.95839784086531
2024-09-27 05:00:00,27.25607199824919
2024-09-27 06:00:00,29.53975873688902
2024-09-27 07:00:00,26.180404388608274
2024-09-27 08:00:00,26.15722601957451
2024-09-27 09:00:00,65.97747137495105
2024-09-27 10:00:00,64.86693550836435
2024-09-27 11:00:00,52.08463290322728
2024-09-27 12:00:00,55.92059530549142
2024-09-27 13:00:00,71.97829018897761
2024-09-27 14:00:00,71.02663093431772
2024-09-27 15:00:00,58.094568067802946
2024-09-27 16:00:00,64.72044109480831
2024-09-27 17:00:00,65.01982487134993
2024-09-27 18:00:00,45.71161855883537
2024-09-27 19:00:00,62.41584304241732
2024-09-27 20:00:00,51.32905599186975
2024-09-27 21:00:00,69.9792084745046
2024-09-27 22:00:00,29.527642093945644
2024-09-27 23:00:00,28.760328291801002
2024-09-28 00:00:00,25.43147196524043
2024-09-28 01:00:00,25.837122290869132
2024-09-28 02:00:00,26.589530818153694
2024-09-28 03:00:00,25.656668135116398
2024-09-28 04:00:00,27.950198850924004
2024-09-28 05:00:00,26.362372596564988
2024-09-28 06:00:00,28.92884794205245
2024-09-28 07:00:00,28.551363583952565
2024-09-28 08:00:00,25.965181974772268
2024-09-28 09:00:00,45.57333804034923
2024-09-28 10:00:00,66.61935346290406
2024-09-28 11:00:00,68.45651394695057
2024-09-28 12:00:00,49.74722545986049
2024-09-28 13:00:00,67.7751303710675
2024-09-28 14:00:00,59.78284345458182
2024-09-28 15:00:00,58.111079201243186
2024-09-28 16:00:00,58.17296376100482
2024-09-28 17:00:00,68.68379443762797
2024-09-28 18:00:00,70.07394493917496
2024-09-28 19:00:00,78.98939788299035
2024-09-28 20:00:00,71.49720491240423
2024-09-28 21:00:00,62.54559403639542
2024-09-28 22:00:00,29.274916872216618
2024-09-28 23:00:00,26.513392820641272
2024-09-29 00:00:00,28.546003518473977
2024-09-29 01:00:00,25.508899730395648
2024-09-29 02:00:00,27.544771315498153
2024-09-29 03:00:00,26.66392266101632
2024-09-29 04:00:00,27.89956906680048
2024-09-29 05:00:00,29.63404989716607
2024-09-29 06:00:00,27.83507105225292
2024-09-29 07:00:00,28.23317369654658
2024-09-29 08:00:00,26.66888451265103
2024-09-29 09:00:00,71.95393487646713
2024-09-29 10:00:00,62.708021988000866
2024-09-29 11:00:00,53.723063317656425
2024-09-29 12:00:00,66.06929423709789
2024-09-29 13:00:00,57.49731169976667
2024-09-29 14:00:00,48.11143908797406
2024-09-29 15:00:00,55.20997540371701
2024-09-29 16:00:00,64.53128185598483
2024-09-29 17:00:00,65.65441190258622
2024-09-29 18:00:00,67.22522619730577
2024-09-29 19:00:00,61.458685024900845
2024-09-29 20:00:00,68.27213738031591
2024-09-29 21:00:00,58.704435226091285
2024-09-29 22:00:00,27.742467529093197
2024-09-29 23:00:00,26.35761662502686
2024-09-30 00:00:00,26.16005498915889
2024-09-30 01:00:00,29.13472445799589
2024-09-30 02:00:00,27.72396319963567
2024-09-30 03:00:00,28.289475883053207
2024-09-30 04:00:00,28.118723076345525
2024-09-30 05:00:00,28.188264028376153
2024-09-30 06:00:00,28.096556385277978
2024-09-30 07:00:00,28.686967710934407
2024-09-30 08:00:00,26.167517983222005
2024-09-30 09:00:00,59.880505472572544
2024-09-30 10:00:00,67.25935605252596
2024-09-30 11:00:00,59.56374329983245
2024-09-30 12:00:00,57.02205910336275
2024-09-30 13:00:00,56.989873898077775
2024-09-30 14:00:00,71.7247227723858
2024-09-30 15:00:00,64.66662036329183
2024-09-30 16:00:00,59.528998922837715
2024-09-30 17:00:00,59.56377182878517
2024-09-30 18:00:00,69.98472141968759
2024-09-30 19:00:00,67.60631604825755
2024-09-30 20:00:00,71.66379503122647
2024-09-30 21:00:00,65.30475264237766
2024-09-30 22:00:00,26.851543636443644
2024-09-30 23:00:00,28.287040729755972
2024-10-01 00:00:00,25.348883151630538
2024-10-01 01:00:00,27.43569493494622
2024-10-01 02:00:00,25.514532171434023
2024-10-01 03:00:00,26.5723084340754
2024-10-01 04:00:00,25.19149451106192
2024-10-01 05:00:00,28.735583755174677
2024-10-01 06:00:00,27.982709729261565
2024-10-01 07:00:00,27.823972727519816
2024-10-01 08:00:00,27.036576542143756
2024-10-01 09:00:00,59.03888123716967
2024-10-01 10:00:00,70.45512475142846
2024-10-01 11:00:00,66.79389536835703
2024-10-01 12:00:00,56.43516197911025
2024-10-01 13:00:00,64.15725357786283
2024-10-01 14:00:00,60.801758869497064
2024-10-01 15:00:00,49.83058548217798
2024-10-01 16:00:00,69.15230887818907
2024-10-01 17:00:00,70.68767918344837
2024-10-01 18:00:00,68.75393487896099
2024-10-01 19:00:00,47.15538095744631
2024-10-01 20:00:00,66.5848785943416
2024-10-01 21:00:00,64.47253653224573
2024-10-01 22:00:00,26.259466504099997
2024-10-01 23:00:00,27.642809644975166
2024-10-02 00:00:00,25.513179512164545
2024-10-02 01:00:00,27.534733640356563
2024-10-02 02:00:00,27.45398710788085
2024-10-02 03:00:00,25.81971705612448
2024-10-02 04:00:00,28.639696158765513
2024-10-02 05:00:00,28.558844108704097
2024-10-02 06:00:00,28.959941735372396
2024-10-02 07:00:00,27.6995528180647
2024-10-02 08:00:00,27.86448588389611
2024-10-02 09:00:00,61.96553491086811
2024-10-02 10:00:00,58.37085183934236
2024-10-02 11:00:00,68.40841215185279
2024-10-02 12:00:00,49.11049477852781
2024-10-02 13:00:00,66.86852086267088
2024-10-02 14:00:00,72.1934267572331
2024-10-02 15:00:00,45.61821659051617
2024-10-02 16:00:00,66.56282946758786
2024-10-02 17:00:00,54.99261053926222
2024-10-02 18:00:00,61.81306877966324
2024-10-02 19:00:00,70.30313703980494
2024-10-02 20:00:00,73.9259059440935
2024-10-02 21:00:00,53.47635593694778
2024-10-02 22:00:00,26.342160337817216
2024-10-02 23:00:00,27.40526340381518
2024-10-03 00:00:00,25.096517507211935
2024-10-03 01:00:00,27.509175883849327
2024-10-03 02:00:00,27.67930113891947
2024-10-03 03:00:00,25.683756826678863
2024-10-03 04:00:00,29.389111320320453
2024-10-03 05:00:00,29.843038013172897
2024-10-03 06:00:00,29.602116597771015
2024-10-03 07:00:00,26.031238685069383
2024-10-03 08:00:00,28.65266190220127
2024-10-03 09:00:00,54.1633504352567
2024-10-03 10:00:00,58.80897029593346
2024-10-03 11:00:00,63.37179552447002
2024-10-03 12:00:00,66.68790433052645
2024-10-03 13:00:00,53.9300029023715
2024-10-03 14:00:00,53.53682869066761
2024-10-03 15:00:00,54.41993216011253
2024-10-03 16:00:00,63.669016228829655
2024-10-03 17:00:00,69.2840310252459
2024-10-03 18:00:00,71.79960327702658
2024-10-03 19:00:00,59.666684245055976
2024-10-03 20:00:00,51.32828268764524
2024-10-03 21:00:00,65.68852535048421
2024-10-03 22:00:00,26.137598336816968
2024-10-03 23:00:00,25.67349644903809
2024-10-04 00:00:00,26.212720469910696
2024-10-04 01:00:00,28.267015973936367
2024-10-04 02:00:00,26.33342166940695
2024-10-04 03:00:00,26.345231347374217
2024-10-04 04:00:00,25.626778668525578
2024-10-04 05:00:00,25.926458836355376
2024-10-04 06:00:00,27.524789304665227
2024-10-04 07:00:00,29.92819847703553
2024-10-04 08:00:00,25.44202996940119
2024-10-04 09:00:00,50.70973182079585
2024-10-04 10:00:00,64.61294780666427
2024-10-04 11:00:00,54.803290912169835
2024-10-04 12:00:00,67.28159125368542
2024-10-04 13:00:00,58.67242069052115
2024-10-04 14:00:00,56.31063777343735
2024-10-04 15:00:00,70.68930322103046
2024-10-04 16:00:00,69.21075321666316
2024-10-04 17:00:00,55.077913114134326
2024-10-04 18:00:00,45.185088752218235
2024-10-04 19:00:00,58.060618463694766
2024-10-04 20:00:00,68.30197682563511
2024-10-04 21:00:00,61.93642285391139
2024-10-04 22:00:00,26.485286871698907
2024-10-04 23:00:00,25.225209364507645
2024-10-05 00:00:00,29.78138133105474
2024-10-05 01:00:00,28.329637907388893
2024-10-05 02:00:00,27.760726698070535
2024-10-05 03:00:00,26.839751567232682
2024-10-05 04:00:00,27.375704085406333
2024-10-05 05:00:00,27.505781581810684
2024-10-05 06:00:00,25.869119694617098
2024-10-05 07:00:00,25.26400542983181
2024-10-05 08:00:00,25.22762342849127
2024-10-05 09:00:00,64.6366583567213
2024-10-05 10:00:00,64.07519281381909
2024-10-05 11:00:00,57.749124474264086
2024-10-05 12:00:00,60.78061874596216
2024-10-05 13:00:00,53.94694318618851
2024-10-05 14:00:00,54.127246545158634
2024-10-05 15:00:00,73.53169854264883
2024-10-05 16:00:00,61.36144226395656
2024-10-05 17:00:00,58.71634780423305
2024-10-05 18:00:00,71.3203892187615
2024-10-05 19:00:00,74.67224821189726
2024-10-05 20:00:00,55.46365399235171
2024-10-05 21:00:00,49.94486626597294
2024-10-05 22:00:00,27.473784818140324
2024-10-05 23:00:00,28.26640501474583
2024-10-06 00:00:00,26.95267353159286
2024-10-06 01:00:00,26.931948014909143
2024-10-06 02:00:00,27.618610330210007
2024-10-06 03:00:00,29.26384971357406
2024-10-06 04:00:00,26.28676300818745
2024-10-06 05:00:00,26.413894111457065
2024-10-06 06:00:00,26.870416291645824
2024-10-06 07:00:00,25.379904894552347
2024-10-06 08:00:00,28.27870322555558
2024-10-06 09:00:00,64.15723919747285
2024-10-06 10:00:00,65.09173221418742
2024-10-06 11:00:00,64.41879041614769
2024-10-06 12:00:00,66.83869685353744
2024-10-06 13:00:00,64.53918223145017
2024-10-06 14:00:00,68.7022900170217
2024-10-06 15:00:00,70.90563214816058
2024-10-06 16:00:00,64.03659974218061
2024-10-06 17:00:00,74.65341867699446
2024-10-06 18:00:00,71.17682605062896
2024-10-06 19:00:00,70.41999298951183
2024-10-06 20:00:00,50.97390169543711
2024-10-06 21:00:00,70.7959756003541
2024-10-06 22:00:00,27.3018023360548
2024-10-06 23:00:00,27.679962657491245
2024-10-07 00:00:00,25.106353109638672
2024-10-07 01:00:00,29.15940286493995
2024-10-07 02:00:00,28.03145469022347
2024-10-07 03:00:00,28.028205587022736
2024-10-07 04:00:00,28.401760873597794
2024-10-07 05:00:00,28.985121237793024
2024-10-07 06:00:00,28.638636882588216
2024-10-07 07:00:00,26.008601682811832
2024-10-07 08:00:00,28.021516033815686
2024-10-07 09:00:00,53.087942493932886
2024-10-07 10:00:00,69.8555288494925
2024-10-07 11:00:00,51.68933549147121
2024-10-07 12:00:00,70.7152883460813
2024-10-07 13:00:00,54.30171759705317
2024-10-07 14:00:00,60.60665444201446
2024-10-07 15:00:00,64.80651505252476
2024-10-07 16:00:00,64.89106998166339
2024-10-07 17:00:00,75.84373048675647
2024-10-07 18:00:00,69.93629924450987
2024-10-07 19:00:00,59.7235397529338
2024-10-07 20:00:00,67.92137694497008
2024-10-07 21:00:00,66.75368432793763
2024-10-07 22:00:00,28.282513000640947
2024-10-07 23:00:00,28.885777479630157
2024-10-08 00:00:00,27.030623679927324
2024-10-08 01:00:00,25.739036592376564
2024-10-08 02:00:00,26.179305490379072
2024-10-08 03:00:00,28.740375776045305
2024-10-08 04:00:00,26.82911651562756
2024-10-08 05:00:00,28.959393693124177
2024-10-08 06:00:00,28.772851425669913
2024-10-08 07:00:00,29.712830101108203
2024-10-08 08:00:00,28.15486323441709
2024-10-08 09:00:00,65.73276425321725
2024-10-08 10:00:00,53.818350255508605
2024-10-08 11:00:00,61.87711164870113
2024-10-08 12:00:00,66.5588697849339
2024-10-08 13:00:00,77.9592980172652
2024-10-08 14:00:00,56.41483077782026
2024-10-08 15:00:00,70.36490301742703
2024-10-08 16:00:00,62.78865240010415
2024-10-08 17:00:00,60.33954794988556
2024-10-08 18:00:00,64.1775112203762
2024-10-08 19:00:00,64.28216874925087
2024-10-08 20:00:00,61.807987624705156
2024-10-08 21:00:00,51.812102062064625
2024-10-08 22:00:00,25.103315856459268
2024-10-08 23:00:00,27.348483961567958
2024-10-09 00:00:00,26.242416939583258
2024-10-09 01:00:00,27.433890998485758
2024-10-09 02:00:00,25.87043396796669
2024-10-09 03:00:00,29.52779728442643
2024-10-09 04:00:00,26.47332689637257
2024-10-09 05:00:00,29.487920512807495
2024-10-09 06:00:00,26.83675846524674
2024-10-09 07:00:00,27.103695142817365
2024-10-09 08:00:00,26.494636601463938
2024-10-09 09:00:00,51.290505536917514
2024-10-09 10:00:00,70.14960307464932
2024-10-09 11:00:00,69.19754278800616
2024-10-09 12:00:00,65.07568722640508
2024-10-09 13:00:00,61.53685001325867
2024-10-09 14:00:00,61.505635208566964
2024-10-09 15:00:00,64.85373514576696
2024-10-09 16:00:00,51.59629697826
2024-10-09 17:00:00,57.50957957028975
2024-10-09 18:00:00,54.48542584139945
2024-10-09 19:00:00,53.80309783237222
2024-10-09 20:00:00,64.66187929635711
2024-10-09 21:00:00,69.97498073122664
2024-10-09 22:00:00,28.061479336840673
2024-10-09 23:00:00,27.83076172732138
2024-10-10 00:00:00,28.717274040226588
2024-10-10 01:00:00,27.81342731680902
2024-10-10 02:00:00,25.514038028411576
2024-10-10 03:00:00,25.551854250547198
2024-10-10 04:00:00,29.19179327782544
2024-10-10 05:00:00,25.254723963065985
2024-10-10 06:00:00,28.595541607153297
2024-10-10 07:00:00,29.378242572440314
2024-10-10 08:00:00,29.932067490172614
2024-10-10 09:00:00,59.92570533253507
2024-10-10 10:00:00,59.140191401014135
2024-10-10 11:00:00,65.42717759669196
2024-10-10 12:00:00,64.67373662416982
2024-10-10 13:00:00,51.78474768836682
2024-10-10 14:00:00,71.94030765118262
2024-10-10 15:00:00,51.18748025531728
2024-10-10 16:00:00,61.94202939124196
2024-10-10 17:00:00,60.69871078796881
2024-10-10 18:00:00,64.78198011388528
2024-10-10 19:00:00,47.28615539419238
2024-10-10 20:00:00,64.31264152106331
2024-10-10 21:00:00,56.16551595945089
2024-10-10 22:00:00,28.047332587672123
2024-10-10 23:00:00,29.67787263151815
2024-10-11 00:00:00,28.181940755398003
2024-10-11 01:00:00,26.601497027023044
2024-10-11 02:00:00,26.39449497442805
2024-10-11 03:00:00,25.162497478731435
2024-10-11 04:00:00,28.971730747660146
2024-10-11 05:00:00,28.58282152434966
2024-10-11 06:00:00,27.950698488457114
2024-10-11 07:00:00,28.93338904881415
2024-10-11 08:00:00,27.02775804364389
2024-10-11 09:00:00,61.3083406471911
2024-10-11 10:00:00,62.29673815912014
2024-10-11 11:00:00,61.68118952910566
2024-10-11 12:00:00,73.53072560929964
2024-10-11 13:00:00,54.85889589950019
2024-10-11 14:00:00,55.94115879426147
2024-10-11 15:00:00,53.79583551305074
2024-10-11 16:00:00,67.42558036501393
2024-10-11 17:00:00,61.7614481613183
2024-10-11 18:00:00,58.904994065675865
2024-10-11 19:00:00,59.65878098869133
2024-10-11 20:00:00,60.992559796146104
2024-10-11 21:00:00,74.53998340904884
2024-10-11 22:00:00,25.13679807229618
2024-10-11 23:00:00,28.911894270920993
2024-10-12 00:00:00,27.982715739791487
2024-10-12 01:00:00,26.81248279720888
2024-10-12 02:00:00,26.82753314568499
2024-10-12 03:00:00,28.37425738727283
2024-10-12 04:00:00,26.659606418822815
2024-10-12 05:00:00,25.383247008607952
2024-10-12 06:00:00,29.72667169376529
2024-10-12 07:00:00,27.95393636944609
2024-10-12 08:00:00,28.573037122140605
2024-10-12 09:00:00,59.16387272211808
2024-10-12 10:00:00,66.5154587456842
2024-10-12 11:00:00,71.28122530657157
2024-10-12 12:00:00,59.87312184423982
2024-10-12 13:00:00,52.835947383250755
2024-10-12 14:00:00,57.48592985791477
2024-10-12 15:00:00,56.61176549170653
2024-10-12 16:00:00,56.73917042005776
2024-10-12 17:00:00,60.41965345676556
2024-10-12 18:00:00,73.01044432258865
2024-10-12 19:00:00,59.90510250249405
2024-10-12 20:00:00,68.81335580635911
2024-10-12 21:00:00,58.97714990946975
2024-10-12 22:00:00,27.367914715856422
2024-10-12 23:00:00,27.531877367889688
2024-10-13 00:00:00,27.16082153759661
2024-10-13 01:00:00,26.676648031299372
2024-10-13 02:00:00,26.42253184441697
2024-10-13 03:00:00,29.988362980508086
2024-10-13 04:00:00,27.54619933906762
2024-10-13 05:00:00,28.449028140482792
2024-10-13 06:00:00,29.11852807944558
2024-10-13 07:00:00,29.99704612527322
2024-10-13 08:00:00,29.267168671615398
2024-10-13 09:00:00,53.42053649301636
2024-10-13 10:00:00,57.34332037546538
2024-10-13 11:00:00,51.57855947606713
2024-10-13 12:00:00,48.90121400275055
2024-10-13 13:00:00,52.45789073682491
2024-10-13 14:00:00,57.45015612767362
2024-10-13 15:00:00,57.77111924843767
2024-10-13 16:00:00,66.06012133985391
2024-10-13 17:00:00,63.58969651879772
2024-10-13 18:00:00,70.02339302390513
2024-10-13 19:00:00,60.622057898253225
2024-10-13 20:00:00,73.59079475157094
2024-10-13 21:00:00,54.01763625681299
2024-10-13 22:00:00,25.559834684782036
2024-10-13 23:00:00,29.96414783448457
2024-10-14 00:00:00,29.665009871958723
2024-10-14 01:00:00,25.240749387673805
2024-10-14 02:00:00,29.346398143718403
2024-10-14 03:00:00,27.66585784126179
2024-10-14 04:00:00,29.090437613478073
2024-10-14 05:00:00,29.803567990222334
2024-10-14 06:00:00,27.73575405254543
2024-10-14 07:00:00,26.399614906015774
2024-10-14 08:00:00,25.52272873172781
2024-10-14 09:00:00,76.24104733879933
2024-10-14 10:00:00,62.270907771187694
2024-10-14 11:00:00,75.5302368012619
2024-10-14 12:00:00,50.211655480437514
2024-10-14 13:00:00,53.2810345620606
2024-10-14 14:00:00,55.12276841944901
2024-10-14 15:00:00,67.6256963041474
2024-10-14 16:00:00,51.91071711818092
2024-10-14 17:00:00,57.35715316700414
2024-10-14 18:00:00,49.69029294603069
2024-10-14 19:00:00,61.53571973769014
2024-10-14 20:00:00,64.00826047928093
2024-10-14 21:00:00,58.93669473828897
2024-10-14 22:00:00,25.324096873896956
2024-10-14 23:00:00,26.361093248692065
2024-10-15 00:00:00,29.671684573240896
2024-10-15 01:00:00,28.856621590047187
2024-10-15 02:00:00,27.793949050095467
2024-10-15 03:00:00,27.90615076015605
2024-10-15 04:00:00,26.587327155834764
2024-10-15 05:00:00,25.470798103150635
2024-10-15 06:00:00,26.621783719500062
2024-10-15 07:00:00,27.432896320175786
2024-10-15 08:00:00,28.178486513911746
2024-10-15 09:00:00,65.86224333766248
2024-10-15 10:00:00,63.23774466462362
2024-10-15 11:00:00,56.359975139568945
2024-10-15 12:00:00,58.80591459981416
2024-10-15 13:00:00,72.53301261924867
2024-10-15 14:00:00,67.58498248179313
2024-10-15 15:00:00,62.40904387060897
2024-10-15 16:00:00,54.065710378870705
2024-10-15 17:00:00,71.41668979573589
2024-10-15 18:00:00,65.33716997879026
2024-10-15 19:00:00,70.31246954757225
2024-10-15 20:00:00,62.95150970204084
2024-10-15 21:00:00,66.01952218789759
2024-10-15 22:00:00,29.62190897859305
2024-10-15 23:00:00,27.046015351811164
2024-10-16 00:00:00,27.620964107134775
2024-10-16 01:00:00,29.98389868798761
2024-10-16 02:00:00,27.496639511772234
2024-10-16 03:00:00,29.824451877953457
2024-10-16 04:00:00,26.366994420395457
2024-10-16 05:00:00,26.91768180023335
2024-10-16 06:00:00,26.92563409434492
2024-10-16 07:00:00,28.959632564229963
2024-10-16 08:00:00,28.216481838021018
2024-10-16 09:00:00,62.56834687667451
2024-10-16 10:00:00,51.04158994886601
2024-10-16 11:00:00,58.3121111525319
2024-10-16 12:00:00,53.66406590968385
2024-10-16 13:00:00,59.84080357024513
2024-10-16 14:00:00,61.77387788611643
2024-10-16 15:00:00,57.644097465433916
2024-10-16 16:00:00,59.39013646564842
2024-10-16 17:00:00,62.04842291131503
2024-10-16 18:00:00,66.91471766266882
2024-10-16 19:00:00,59.767224375548835
2024-10-16 20:00:00,69.38251265941952
2024-10-16 21:00:00,48.49328108733086
2024-10-16 22:00:00,27.91206119900912
2024-10-16 23:00:00,29.128493539282328
2024-10-17 00:00:00,27.727858854479692
2024-10-17 01:00:00,29.318243921263953
2024-10-17 02:00:00,28.63234330006144
2024-10-17 03:00:00,26.099892926341916
2024-10-17 04:00:00,26.219769813000376
2024-10-17 05:00:00,25.936718155206176
2024-10-17 06:00:00,29.52427167383379
2024-10-17 07:00:00,27.597750578606252
2024-10-17 08:00:00,27.909689833896422
2024-10-17 09:00:00,69.11216479770772
2024-10-17 10:00:00,69.35031787073422
2024-10-17 11:00:00,78.23880642450368
2024-10-17 12:00:00,49.94411600688307
2024-10-17 13:00:00,67.04912293974871
2024-10-17 14:00:00,62.55914388445821
2024-10-17 15:00:00,57.03399421273341
2024-10-17 16:00:00,73.88908651268405
2024-10-17 17:00:00,65.30148270204825
2024-10-17 18:00:00,49.84466624449196
2024-10-17 19:00:00,64.37200892223464
2024-10-17 20:00:00,70.23941737789093
2024-10-17 21:00:00,50.15506181561655
2024-10-17 22:00:00,28.90623780185922
2024-10-17 23:00:00,26.210076285606466
2024-10-18 00:00:00,26.112485382595416
2024-10-18 01:00:00,25.556615784461513
2024-10-18 02:00:00,29.977336003910157
2024-10-18 03:00:00,26.67710831590413
2024-10-18 04:00:00,27.114406852926606
2024-10-18 05:00:00,27.725873150418835
2024-10-18 06:00:00,26.442532198605715
2024-10-18 07:00:00,27.142475106113885
2024-10-18 08:00:00,27.349981546132092
2024-10-18 09:00:00,62.573771291861604
2024-10-18 10:00:00,53.67259580529791
2024-10-18 11:00:00,77.24144791378846
2024-10-18 12:00:00,66.41778814586495
2024-10-18 13:00:00,54.39134068778519
2024-10-18 14:00:00,67.67319560225135
2024-10-18 15:00:00,64.44582107736987
2024-10-18 16:00:00,56.672669737350205
2024-10-18 17:00:00,73.61156788477348
2024-10-18 18:00:00,67.62187179940713
2024-10-18 19:00:00,72.05521807835444
2024-10-18 20:00:00,58.86423284831143
2024-10-18 21:00:00,66.55360499903495
2024-10-18 22:00:00,28.828312836460388
2024-10-18 23:00:00,29.3927647215017
2024-10-19 00:00:00,25.21761281509156
2024-10-19 01:00:00,26.28331264188397
2024-10-19 02:00:00,25.965335158498643
2024-10-19 03:00:00,28.934745239613807
2024-10-19 04:00:00,27.34366481028116
2024-10-19 05:00:00,27.181381842767294
2024-10-19 06:00:00,28.306631244583734
2024-10-19 07:00:00,28.41299184861966
2024-10-19 08:00:00,28.325998233383128
2024-10-19 09:00:00,68.6227556023508
2024-10-19 10:00:00,61.85834062588586
2024-10-19 11:00:00,64.2231214900196
2024-10-19 12:00:00,58.238635649154496
2024-10-19 13:00:00,71.22991745744855
2024-10-19 14:00:00,70.42494098576812
2024-10-19 15:00:00,55.834125218706006
2024-10-19 16:00:00,71.1280150542324
2024-10-19 17:00:00,55.64768621608356
2024-10-19 18:00:00,57.47318950492334
2024-10-19 19:00:00,61.14726031990213
2024-10-19 20:00:00,56.069908560355906
2024-10-19 21:00:00,66.37029612709274
2024-10-19 22:00:00,26.10609890809767
2024-10-19 23:00:00,28.97580871194493
2024-10-20 00:00:00,28.420355764005535
2024-10-20 01:00:00,27.46745254426172
2024-10-20 02:00:00,29.98279231263251
2024-10-20 03:00:00,29.48161898177347
2024-10-20 04:00:00,26.613592062790225
2024-10-20 05:00:00,29.835351706388508
2024-10-20 06:00:00,26.739990566618083
2024-10-20 07:00:00,28.46644156060363
2024-10-20 08:00:00,29.51316466271855
2024-10-20 09:00:00,64.76737355260715
2024-10-20 10:00:00,57.88592051831496
2024-10-20 11:00:00,62.930979138153305
2024-10-20 12:00:00,56.79159595820846
2024-10-20 13:00:00,76.13101857332983
2024-10-20 14:00:00,67.91283920119872
2024-10-20 15:00:00,64.87594560357348
2024-10-20 16:00:00,50.90497067881052
2024-10-20 17:00:00,59.73758638371518
2024-10-20 18:00:00,58.47493147482591
2024-10-20 19:00:00,76.94980858522575
2024-10-20 20:00:00,64.36533320687153
2024-10-20 21:00:00,64.58369677971454
2024-10-20 22:00:00,29.439132475165092
2024-10-20 23:00:00,29.442211651445767
2024-10-21 00:00:00,26.62930380981195
2024-10-21 01:00:00,25.077003874862836
2024-10-21 02:00:00,28.25681984062104
2024-10-21 03:00:00,27.11885507766165
2024-10-21 04:00:00,29.934992112981995
2024-10-21 05:00:00,25.41421219329464
2024-10-21 06:00:00,26.309388851286936
2024-10-21 07:00:00,26.295243475015198
2024-10-21 08:00:00,28.645235450137733
2024-10-21 09:00:00,63.8539541121299
2024-10-21 10:00:00,62.25395633545419
2024-10-21 11:00:00,51.05338686841152
2024-10-21 12:00:00,53.94740789643847
2024-10-21 13:00:00,53.79148988550733
2024-10-21 14:00:00,48.7644857119944
2024-10-21 15:00:00,66.26675361366196
2024-10-21 16:00:00,70.74485464119834
2024-10-21 17:00:00,59.905173385445835
2024-10-21 18:00:00,57.12493395262378
2024-10-21 19:00:00,58.110690696595896
2024-10-21 20:00:00,61.46411367547494
2024-10-21 21:00:00,74.50648310796024
2024-10-21 22:00:00,27.43248926129964
2024-10-21 23:00:00,27.175886432826456
2024-10-22 00:00:00,27.47478976153735
2024-10-22 01:00:00,25.30276302142305
2024-10-22 02:00:00,27.970425878836842
2024-10-22 03:00:00,28.66883932893895
2024-10-22 04:00:00,26.394349481548186
2024-10-22 05:00:00,27.60531662063825
2024-10-22 06:00:00,27.044508476873503
2024-10-22 07:00:00,26.663645314356934
2024-10-22 08:00:00,27.50273995310921
2024-10-22 09:00:00,68.32688857418408
2024-10-22 10:00:00,59.938374360565554
2024-10-22 11:00:00,64.70087312179922
2024-10-22 12:00:00,72.49339341434212
2024-10-22 13:00:00,75.8364696887088
2024-10-22 14:00:00,66.53508641856365
2024-10-22 15:00:00,70.4031869020248
2024-10-22 16:00:00,49.88527607590911
2024-10-22 17:00:00,63.10361537444662
2024-10-22 18:00:00,50.36436023922161
2024-10-22 19:00:00,50.53058247300643
2024-10-22 20:00:00,67.74745488528289
2024-10-22 21:00:00,52.10336792415488
2024-10-22 22:00:00,25.26076721945873
2024-10-22 23:00:00,29.09125963934472
2024-10-23 00:00:00,28.719906011047456
2024-10-23 01:00:00,25.127253015849142
2024-10-23 02:00:00,29.161830192689084
2024-10-23 03:00:00,26.241283672746146
2024-10-23 04:00:00,26.307564832345538
2024-10-23 05:00:00,26.61004586685585
2024-10-23 06:00:00,26.050623959466
2024-10-23 07:00:00,27.695747140718527
2024-10-23 08:00:00,26.203761101763092
2024-10-23 09:00:00,68.49455193280374
2024-10-23 10:00:00,67.9491015538929
2024-10-23 11:00:00,65.35957363389252
2024-10-23 12:00:00,50.22562257892055
2024-10-23 13:00:00,62.53164704820406
2024-10-23 14:00:00,66.433007851371
2024-10-23 15:00:00,72.60443891346696
2024-10-23 16:00:00,68.6285225735417
2024-10-23 17:00:00,63.62827799258271
2024-10-23 18:00:00,67.25443229708273
2024-10-23 19:00:00,76.31489779961626
2024-10-23 20:00:00,63.408132510275635
2024-10-23 21:00:00,73.39835662338459
2024-10-23 22:00:00,26.424575666020075
2024-10-23 23:00:00,27.367372923444357
2024-10-24 00:00:00,26.399093501070993
2024-10-24 01:00:00,27.666267064821355
2024-10-24 02:00:00,26.43685569261086
2024-10-24 03:00:00,25.26913070368578
2024-10-24 04:00:00,27.341476684843677
2024-10-24 05:00:00,25.408520146982177
2024-10-24 06:00:00,29.096650435961365
2024-10-24 07:00:00,27.714625931124406
2024-10-24 08:00:00,29.160754679575902
2024-10-24 09:00:00,68.75299811392796
2024-10-24 10:00:00,59.16757438336514
2024-10-24 11:00:00,62.57803189286595
2024-10-24 12:00:00,66.65223649214045
2024-10-24 13:00:00,59.36063787853097
2024-10-24 14:00:00,51.686939648199626
2024-10-24 15:00:00,57.67830307297923
2024-10-24 16:00:00,48.06499375810384
2024-10-24 17:00:00,49.9388849098775
2024-10-24 18:00:00,70.59238279589943
2024-10-24 19:00:00,65.03579529033405
2024-10-24 20:00:00,72.3059327808829
2024-10-24 21:00:00,64.81467215712676
2024-10-24 22:00:00,28.902536967956863
2024-10-24 23:00:00,25.24139671564842
2024-10-25 00:00:00,26.04857094219114
2024-10-25 01:00:00,27.16965073340628
2024-10-25 02:00:00,27.25937497432399
2024-10-25 03:00:00,28.820163561050467
2024-10-25 04:00:00,29.39887685030603
2024-10-25 05:00:00,29.95209635004436
2024-10-25 06:00:00,29.85830770720816
2024-10-25 07:00:00,27.858183620681142
2024-10-25 08:00:00,27.910017966760694
2024-10-25 09:00:00,72.1419279938844
2024-10-25 10:00:00,46.64422058281601
2024-10-25 11:00:00,60.17401711626712
2024-10-25 12:00:00,49.74032092731881
2024-10-25 13:00:00,66.21490989395566
2024-10-25 14:00:00,71.12859923150998
2024-10-25 15:00:00,58.18484506110473
2024-10-25 16:00:00,60.575483264034375
2024-10-25 17:00:00,70.5219046328745
2024-10-25 18:00:00,52.261884833809276
2024-10-25 19:00:00,67.13407704681347
2024-10-25 20:00:00,66.19886196470901
2024-10-25 21:00:00,54.72554673569708
2024-10-25 22:00:00,27.758412879025297
2024-10-25 23:00:00,26.524365144938216
2024-10-26 00:00:00,29.34452856090849
2024-10-26 01:00:00,26.924438518628644
2024-10-26 02:00:00,26.40215230185941
2024-10-26 03:00:00,28.75245229844416
2024-10-26 04:00:00,25.35571168838215
2024-10-26 05:00:00,27.18042413043282
2024-10-26 06:00:00,25.293078354674083
2024-10-26 07:00:00,29.65346880074742
2024-10-26 08:00:00,28.950845813154707
2024-10-26 09:00:00,61.5830445775328
2024-10-26 10:00:00,56.18026463825393
2024-10-26 11:00:00,48.11858911474935
2024-10-26 12:00:00,60.66188670587158
2024-10-26 13:00:00,77.91560991853594
2024-10-26 14:00:00,66.68841928387394
2024-10-26 15:00:00,59.399884456331726
2024-10-26 16:00:00,62.26863399066157
2024-10-26 17:00:00,47.88114654248221
2024-10-26 18:00:00,60.649578383538305
2024-10-26 19:00:00,60.3122995459542
2024-10-26 20:00:00,69.12371228247234
2024-10-26 21:00:00,53.45519721713761
2024-10-26 22:00:00,26.287870842591364
2024-10-26 23:00:00,26.524759795689732
2024-10-27 00:00:00,29.91034021767376
2024-10-27 01:00:00,26.53623490095535
2024-10-27 02:00:00,29.62558091003928
2024-10-27 03:00:00,25.231939660196797
2024-10-27 04:00:00,29.282770502947628
2024-10-27 05:00:00,25.861152854075932
2024-10-27 06:00:00,27.674498386733916
2024-10-27 07:00:00,28.11389085604937
2024-10-27 08:00:00,29.997381144152868
2024-10-27 09:00:00,68.80641309471869
2024-10-27 10:00:00,52.593770925934166
2024-10-27 11:00:00,65.80182048115066
2024-10-27 12:00:00,73.29168262884228
2024-10-27 13:00:00,58.84116054376905
2024-10-27 14:00:00,78.50897901977063
2024-10-27 15:00:00,75.21838690453214
2024-10-27 16:00:00,69.7320087071167
2024-10-27 17:00:00,47.18787993862881
2024-10-27 18:00:00,73.17981828885924
2024-10-27 19:00:00,55.10133752658157
2024-10-27 20:00:00,59.867226947186985
2024-10-27 21:00:00,57.52141417201075
2024-10-27 22:00:00,27.427832959323737
2024-10-27 23:00:00,25.36722415891984
2024-10-28 00:00:00,27.328957769111053
2024-10-28 01:00:00,25.173363976215757
2024-10-28 02:00:00,25.663867149884496
2024-10-28 03:00:00,26.15123892375967
2024-10-28 04:00:00,27.938767543650023
2024-10-28 05:00:00,25.252105293586904
2024-10-28 06:00:00,27.19660455130572
2024-10-28 07:00:00,26.89487541388761
2024-10-28 08:00:00,28.985669882174726
2024-10-28 09:00:00,65.87328884663164
2024-10-28 10:00:00,56.87075326629434
2024-10-28 11:00:00,71.00361744990172
2024-10-28 12:00:00,60.842941995495366
2024-10-28 13:00:00,54.29274144336423
2024-10-28 14:00:00,64.91064112837267
2024-10-28 15:00:00,53.432562945437354
2024-10-28 16:00:00,57.48649391565452
2024-10-28 17:00:00,77.7363852693
2024-10-28 18:00:00,74.46895180369901
2024-10-28 19:00:00,60.36106336569689
2024-10-28 20:00:00,71.7406838921481
2024-10-28 21:00:00,56.33173408156861
2024-10-28 22:00:00,25.563979226793215
2024-10-28 23:00:00,29.64459490738342
2024-10-29 00:00:00,29.772840387734327
2024-10-29 01:00:00,25.89873942799689
2024-10-29 02:00:00,29.827020281132818
2024-10-29 03:00:00,25.740398037844045
2024-10-29 04:00:00,26.50067908115098
2024-10-29 05:00:00,27.255147401066615
2024-10-29 06:00:00,25.442872462846893
2024-10-29 07:00:00,29.050738241391528
2024-10-29 08:00:00,25.371176358768853
2024-10-29 09:00:00,59.74199541297314
2024-10-29 10:00:00,65.9873585962832
2024-10-29 11:00:00,62.9269231485376
2024-10-29 12:00:00,50.01428782366974
2024-10-29 13:00:00,58.52778969581885
2024-10-29 14:00:00,62.89643970940931
2024-10-29 15:00:00,53.550571050072804
2024-10-29 16:00:00,55.70713889313542
2024-10-29 17:00:00,54.94671934120188
2024-10-29 18:00:00,72.42544001139427
2024-10-29 19:00:00,61.46162634073461
2024-10-29 20:00:00,74.52338828138981
2024-10-29 21:00:00,62.571083355515555
2024-10-29 22:00:00,27.410590023982653
2024-10-29 23:00:00,25.230913523266903
2024-10-30 00:00:00,28.14738406227744
2024-10-30 01:00:00,27.824047658199074
2024-10-30 02:00:00,28.822131529863412
2024-10-30 03:00:00,25.760254230379516
2024-10-30 04:00:00,28.243847081613115
2024-10-30 05:00:00,28.457072592689514
2024-10-30 06:00:00,26.248115597497748
2024-10-30 07:00:00,26.678495934579054
2024-10-30 08:00:00,27.751195753880996
2024-10-30 09:00:00,58.609989660622574
2024-10-30 10:00:00,57.72745851625035
2024-10-30 11:00:00,56.81255750999762
2024-10-30 12:00:00,63.08747902425623
2024-10-30 13:00:00,62.85640280362807
2024-10-30 14:00:00,77.23237723130501
2024-10-30 15:00:00,65.9040519919674
2024-10-30 16:00:00,46.34532858246837
2024-10-30 17:00:00,58.08497511873297
2024-10-30 18:00:00,55.503444489748
2024-10-30 19:00:00,58.99131537641114
2024-10-30 20:00:00,64.19465598698649
2024-10-30 21:00:00,57.98286021065452
2024-10-30 22:00:00,27.51090525928835
2024-10-30 23:00:00,26.581833970668963
2024-10-31 00:00:00,29.508693995533797
2024-10-31 01:00:00,25.990823490612943
2024-10-31 02:00:00,26.025922039272338
2024-10-31 03:00:00,29.758506650209778
2024-10-31 04:00:00,28.865664986261727
2024-10-31 05:00:00,28.780682586371366
2024-10-31 06:00:00,25.02407406754527
2024-10-31 07:00:00,25.114147146748806
2024-10-31 08:00:00,26.547324443168556
2024-10-31 09:00:00,76.45705945400607
2024-10-31 10:00:00,65.87200621617642
2024-10-31 11:00:00,64.7464586207674
2024-10-31 12:00:00,47.258213753761
2024-10-31 13:00:00,65.31710810712786
2024-10-31 14:00:00,47.126477764478395
2024-10-31 15:00:00,73.00692128155005
2024-10-31 16:00:00,57.75805140061661
2024-10-31 17:00:00,45.03551426074638
2024-10-31 18:00:00,52.90300496107449
2024-10-31 19:00:00,71.03206345956183
2024-10-31 20:00:00,59.716590215742855
2024-10-31 21:00:00,57.45219666543221
2024-10-31 22:00:00,26.37126829833534
2024-10-31 23:00:00,28.60942593434663
2024-11-01 00:00:00,28.572314537138116
2024-11-01 01:00:00,28.594529577230656
2024-11-01 02:00:00,26.410902218376933
2024-11-01 03:00:00,27.615920089066943
2024-11-01 04:00:00,28.36976851457697
2024-11-01 05:00:00,29.035942202017075
2024-11-01 06:00:00,28.92968838989556
2024-11-01 07:00:00,26.24258971362982
2024-11-01 08:00:00,25.8946912386218
2024-11-01 09:00:00,69.21230744422448
2024-11-01 10:00:00,69.4835432876481
2024-11-01 11:00:00,49.20881112028549
2024-11-01 12:00:00,54.15391076941531
2024-11-01 13:00:00,65.29222217062319
2024-11-01 14:00:00,56.088075532679994
2024-11-01 15:00:00,73.71757455591498
2024-11-01 16:00:00,56.253130729897876
2024-11-01 17:00:00,67.42764441426915
2024-11-01 18:00:00,61.99865541833783
2024-11-01 19:00:00,61.410610654838706
2024-11-01 20:00:00,63.23656253721578
2024-11-01 21:00:00,61.07123806112138
2024-11-01 22:00:00,28.87032067008208
2024-11-01 23:00:00,27.224127527818197
2024-11-02 00:00:00,28.852271736773652
2024-11-02 01:00:00,27.036971762034614
2024-11-02 02:00:00,27.26714872506633
2024-11-02 03:00:00,25.459815432147966
2024-11-02 04:00:00,28.919464044486226
2024-11-02 05:00:00,28.991168147867633
2024-11-02 06:00:00,26.818837181589053
2024-11-02 07:00:00,29.7353452719846
2024-11-02 08:00:00,26.58125613597088
2024-11-02 09:00:00,51.09858681897586
2024-11-02 10:00:00,50.91420464328998
2024-11-02 11:00:00,47.08774600258916
2024-11-02 12:00:00,69.94512028189011
2024-11-02 13:00:00,69.01092934618815
2024-11-02 14:00:00,65.80298376479232
2024-11-02 15:00:00,61.69245705240061
2024-11-02 16:00:00,68.89149875897189
2024-11-02 17:00:00,65.43566331948907
2024-11-02 18:00:00,63.12463693183953
2024-11-02 19:00:00,45.82033336373185
2024-11-02 20:00:00,65.59736459887243
2024-11-02 21:00:00,66.550207711365
2024-11-02 22:00:00,25.69221930821942
2024-11-02 23:00:00,27.489841455621246
2024-11-03 00:00:00,29.048610667580274
2024-11-03 01:00:00,25.52014843756414
2024-11-03 02:00:00,25.499028109948327
2024-11-03 03:00:00,27.94132592322403
2024-11-03 04:00:00,29.890477724032397
2024-11-03 05:00:00,28.08531189287277
2024-11-03 06:00:00,29.63839359166949
2024-11-03 07:00:00,26.246724957322897
2024-11-03 08:00:00,29.066316200376782
2024-11-03 09:00:00,62.890382616292115
2024-11-03 10:00:00,58.64975272228802
2024-11-03 11:00:00,60.8052260707409
2024-11-03 12:00:00,68.43598163292896
2024-11-03 13:00:00,70.99718118909216
2024-11-03 14:00:00,60.05843986203553
2024-11-03 15:00:00,63.742420126599846
2024-11-03 16:00:00,63.7266798937107
2024-11-03 17:00:00,64.46982840152276
2024-11-03 18:00:00,59.3701954562845
2024-11-03 19:00:00,61.65082115588278
2024-11-03 20:00:00,70.0380926296273
2024-11-03 21:00:00,61.0594679105901
2024-11-03 22:00:00,28.884579149966193
2024-11-03 23:00:00,28.601518865006092
2024-11-04 00:00:00,27.004769598892302
2024-11-04 01:00:00,26.678213163366408
2024-11-04 02:00:00,27.190940491735017
2024-11-04 03:00:00,25.164353595234218
2024-11-04 04:00:00,26.546931015255826
2024-11-04 05:00:00,28.61550642911623
2024-11-04 06:00:00,29.928075423453592
2024-11-04 07:00:00,26.875235496983763
2024-11-04 08:00:00,28.626936026974622
2024-11-04 09:00:00,49.358424198276225
2024-11-04 10:00:00,63.82556396500516
2024-11-04 11:00:00,58.259755315787004
2024-11-04 12:00:00,61.12272329542165
2024-11-04 13:00:00,63.10077421097633
2024-11-04 14:00:00,69.96852537313782
2024-11-04 15:00:00,54.70614329614078
2024-11-04 16:00:00,51.438100378572315
2024-11-04 17:00:00,53.763473533060804
2024-11-04 18:00:00,69.97912490549786
2024-11-04 19:00:00,57.138807919208695
2024-11-04 20:00:00,72.08507200724817
2024-11-04 21:00:00,71.8388112739757
2024-11-04 22:00:00,28.155135742803804
2024-11-04 23:00:00,25.236366245694537
2024-11-05 00:00:00,27.069983291583718
2024-11-05 01:00:00,26.027003507131223
2024-11-05 02:00:00,28.36304334760782
2024-11-05 03:00:00,25.47182002086528
2024-11-05 04:00:00,26.378079419571478
2024-11-05 05:00:00,29.68662932850405
2024-11-05 06:00:00,26.510576714238738
2024-11-05 07:00:00,25.53921422419947
2024-11-05 08:00:00,27.282964910457842
2024-11-05 09:00:00,56.89982233677615
2024-11-05 10:00:00,67.4710874923494
2024-11-05 11:00:00,59.71275250563253
2024-11-05 12:00:00,66.52730527381571
2024-11-05 13:00:00,58.1538417508405
2024-11-05 14:00:00,66.1634434769197
2024-11-05 15:00:00,72.00654299151313
2024-11-05 16:00:00,64.17619291071772
2024-11-05 17:00:00,68.03467254177203
2024-11-05 18:00:00,69.25815185482831
2024-11-05 19:00:00,65.73340970451576
2024-11-05 20:00:00,63.675299939885846
2024-11-05 21:00:00,73.27715953613624
2024-11-05 22:00:00,28.488472259616884
2024-11-05 23:00:00,29.76063505668988
2024-11-06 00:00:00,27.36575062236043
2024-11-06 01:00:00,26.365115390578804
2024-11-06 02:00:00,29.507168519586372
2024-11-06 03:00:00,28.55563316755308
2024-11-06 04:00:00,27.036223049203073
2024-11-06 05:00:00,28.220709585671592
2024-11-06 06:00:00,26.096590871877275
2024-11-06 07:00:00,27.948033875893323
2024-11-06 08:00:00,27.866789154674173
2024-11-06 09:00:00,67.21380789664418
2024-11-06 10:00:00,64.351043046406
2024-11-06 11:00:00,61.45767298343989
2024-11-06 12:00:00,60.75365355961593
2024-11-06 13:00:00,68.28457589758618
2024-11-06 14:00:00,56.355431714856365
2024-11-06 15:00:00,55.536614569132055
2024-11-06 16:00:00,53.49310485868824
2024-11-06 17:00:00,59.3213860929988
2024-11-06 18:00:00,63.99504417478734
2024-11-06 19:00:00,76.72253175880195
2024-11-06 20:00:00,59.66271853032104
2024-11-06 21:00:00,69.66353592319905
2024-11-06 22:00:00,28.18376997891135
2024-11-06 23:00:00,27.55365223906027
2024-11-07 00:00:00,29.699838782750852
2024-11-07 01:00:00,26.9762950211823
2024-11-07 02:00:00,25.108350567241516
2024-11-07 03:00:00,25.397890216222507
2024-11-07 04:00:00,26.52604885457719
2024-11-07 05:00:00,26.20483151832692
2024-11-07 06:00:00,29.565077814941727
2024-11-07 07:00:00,26.989923315473856
2024-11-07 08:00:00,27.190662697973938
2024-11-07 09:00:00,56.35397227961488
2024-11-07 10:00:00,55.67751415688355
2024-11-07 11:00:00,50.15359368181179
2024-11-07 12:00:00,69.00539170809807
2024-11-07 13:00:00,74.64565584128148
2024-11-07 14:00:00,58.22688338739793
2024-11-07 15:00:00,67.189350249827
2024-11-07 16:00:00,66.88955554876135
2024-11-07 17:00:00,66.86069067176444
2024-11-07 18:00:00,49.48270456919851
2024-11-07 19:00:00,58.74349309855179
2024-11-07 20:00:00,53.828890315288945
2024-11-07 21:00:00,70.71539115799848
2024-11-07 22:00:00,26.670977148344697
2024-11-07 23:00:00,25.533344004367322
2024-11-08 00:00:00,29.341351184174446
2024-11-08 01:00:00,27.74673119457551
2024-11-08 02:00:00,27.308756805311848
2024-11-08 03:00:00,25.60851076529957
2024-11-08 04:00:00,28.3620282599519
2024-11-08 05:00:00,25.30617887150413
2024-11-08 06:00:00,26.65606059502235
2024-11-08 07:00:00,28.190323488812542
2024-11-08 08:00:00,27.68101258164165
2024-11-08 09:00:00,63.36074262847623
2024-11-08 10:00:00,64.9522976243803
2024-11-08 11:00:00,56.50372193179524
2024-11-08 12:00:00,64.39509316042762
2024-11-08 13:00:00,53.40615348702852
2024-11-08 14:00:00,67.18048007116003
2024-11-08 15:00:00,48.32654580710655
2024-11-08 16:00:00,66.36724288382143
2024-11-08 17:00:00,63.702312318673805
2024-11-08 18:00:00,76.28643252586886
2024-11-08 19:00:00,59.97136147785778
2024-11-08 20:00:00,58.812921142417
2024-11-08 21:00:00,57.053488963294726
2024-11-08 22:00:00,28.707899797433683
2024-11-08 23:00:00,27.10562528046536
2024-11-09 00:00:00,25.121955337240102
2024-11-09 01:00:00,26.373707372986676
2024-11-09 02:00:00,26.406594744674898
2024-11-09 03:00:00,26.57161535582726
2024-11-09 04:00:00,26.013702800592682
2024-11-09 05:00:00,25.613242957348767
2024-11-09 06:00:00,26.137560872549138
2024-11-09 07:00:00,26.77384123929513
2024-11-09 08:00:00,25.160017819456613
2024-11-09 09:00:00,60.449717367286325
2024-11-09 10:00:00,57.78803602128584
2024-11-09 11:00:00,58.218659010786844
2024-11-09 12:00:00,70.41224218611163
2024-11-09 13:00:00,64.78442712378525
2024-11-09 14:00:00,70.4190109957154
2024-11-09 15:00:00,54.05160237725312
2024-11-09 16:00:00,55.61974751514822
2024-11-09 17:00:00,55.798764634756914
2024-11-09 18:00:00,72.36311133125
2024-11-09 19:00:00,60.84489750465151
2024-11-09 20:00:00,63.501701316671166
2024-11-09 21:00:00,63.0825832022236
2024-11-09 22:00:00,25.355563430984752
2024-11-09 23:00:00,29.651740250600426
2024-11-10 00:00:00,28.589320701524514
2024-11-10 01:00:00,29.628082916756533
2024-11-10 02:00:00,28.677294714343134
2024-11-10 03:00:00,26.051587462796086
2024-11-10 04:00:00,26.76959654922298
2024-11-10 05:00:00,27.426247481318953
2024-11-10 06:00:00,25.106583566358154
2024-11-10 07:00:00,26.172960549316585
2024-11-10 08:00:00,29.191289756374033
2024-11-10 09:00:00,53.12565600728211
2024-11-10 10:00:00,50.1084528069993
2024-11-10 11:00:00,74.25960367905145
2024-11-10 12:00:00,64.99025870748696
2024-11-10 13:00:00,71.96368968903387
2024-11-10 14:00:00,52.42704320114291
2024-11-10 15:00:00,61.302554327947284
2024-11-10 16:00:00,63.13571798354778
2024-11-10 17:00:00,69.03723534870457
2024-11-10 18:00:00,56.077439899118545
2024-11-10 19:00:00,62.83361228387614
2024-11-10 20:00:00,65.84623900620046
2024-11-10 21:00:00,46.824774230932164
2024-11-10 22:00:00,28.87477073625755
2024-11-10 23:00:00,28.334550542481317
2024-11-11 00:00:00,28.59598781281862
2024-11-11 01:00:00,28.7071810454809
2024-11-11 02:00:00,25.91239530287269
2024-11-11 03:00:00,25.16753032206406
2024-11-11 04:00:00,27.15090624873243
2024-11-11 05:00:00,26.224573006970374
2024-11-11 06:00:00,27.947350532366286
2024-11-11 07:00:00,25.33573286693269
2024-11-11 08:00:00,28.665185239781614
2024-11-11 09:00:00,74.4903918711488
2024-11-11 10:00:00,65.85545381211958
2024-11-11 11:00:00,67.7112549157338
2024-11-11 12:00:00,54.26411487389434
2024-11-11 13:00:00,49.977875608915895
2024-11-11 14:00:00,60.49574437772853
2024-11-11 15:00:00,49.37132659729559
2024-11-11 16:00:00,68.09536421006626
2024-11-11 17:00:00,60.23238679181512
2024-11-11 18:00:00,50.97254847016896
2024-11-11 19:00:00,63.05242062853291
2024-11-11 20:00:00,49.23864511483082
2024-11-11 21:00:00,58.92652457307615
2024-11-11 22:00:00,27.144970966863518
2024-11-11 23:00:00,25.19267892027684
2024-11-12 00:00:00,26.162118611581032
2024-11-12 01:00:00,28.500204593069522
2024-11-12 02:00:00,29.984186560401174
2024-11-12 03:00:00,28.80176131849487
2024-11-12 04:00:00,25.252938191182494
2024-11-12 05:00:00,27.937136401194103
2024-11-12 06:00:00,25.853550697169307
2024-11-12 07:00:00,29.23057472506436
2024-11-12 08:00:00,28.72761912510484
2024-11-12 09:00:00,52.75947555547381
2024-11-12 10:00:00,63.92541140592746
2024-11-12 11:00:00,79.13369258357899
2024-11-12 12:00:00,48.57663356999879
2024-11-12 13:00:00,65.71041676344966
2024-11-12 14:00:00,58.25583741995936
2024-11-12 15:00:00,69.13873207525623
2024-11-12 16:00:00,56.91661184440001
2024-11-12 17:00:00,50.75527607959262
2024-11-12 18:00:00,68.12256682946713
2024-11-12 19:00:00,62.83134066792289
2024-11-12 20:00:00,59.299463113009246
2024-11-12 21:00:00,78.18063895155885
2024-11-12 22:00:00,29.796085859630722
2024-11-12 23:00:00,28.347306421329165
2024-11-13 00:00:00,26.916508090645955
2024-11-13 01:00:00,29.342227018074595
2024-11-13 02:00:00,25.935679741435003
2024-11-13 03:00:00,28.020255929180845
2024-11-13 04:00:00,28.42834159108265
2024-11-13 05:00:00,27.81882811888773
2024-11-13 06:00:00,25.16076675304956
2024-11-13 07:00:00,28.353426760429397
2024-11-13 08:00:00,25.669907087509173
2024-11-13 09:00:00,73.99396719076455
2024-11-13 10:00:00,64.72247197762599
2024-11-13 11:00:00,46.36073752041716
2024-11-13 12:00:00,52.606689283046805
2024-11-13 13:00:00,70.55320645527168
2024-11-13 14:00:00,64.59585598269
2024-11-13 15:00:00,60.33225567456959
2024-11-13 16:00:00,56.223827593600106
2024-11-13 17:00:00,63.46139726147979
2024-11-13 18:00:00,53.090546892693084
2024-11-13 19:00:00,71.90597499843395
2024-11-13 20:00:00,72.71319035645294
2024-11-13 21:00:00,44.515903774495825
2024-11-13 22:00:00,27.55520385575153
2024-11-13 23:00:00,29.773202645677557
2024-11-14 00:00:00,28.337142438726282
2024-11-14 01:00:00,27.57549974288196
2024-11-14 02:00:00,29.768441877316196
2024-11-14 03:00:00,25.79457461277718
2024-11-14 04:00:00,29.76768005664509
2024-11-14 05:00:00,25.54072233170328
2024-11-14 06:00:00,28.341565935505734
2024-11-14 07:00:00,27.543255172114325
2024-11-14 08:00:00,26.039417684475154
2024-11-14 09:00:00,72.13033547038945
2024-11-14 10:00:00,51.97466537768042
2024-11-14 11:00:00,64.14292162421714
2024-11-14 12:00:00,71.5783625298798
2024-11-14 13:00:00,70.71122681726138
2024-11-14 14:00:00,73.68242742184437
2024-11-14 15:00:00,63.51398047001016
2024-11-14 16:00:00,50.428847749545525
2024-11-14 17:00:00,60.86854106857358
2024-11-14 18:00:00,59.54115618514942
2024-11-14 19:00:00,78.01404904398069
2024-11-14 20:00:00,56.501349826204546
2024-11-14 21:00:00,51.66000475473287
2024-11-14 22:00:00,26.78518581680785
2024-11-14 23:00:00,27.19611042446853
2024-11-15 00:00:00,46.9372550922925
2024-11-15 01:00:00,51.590852237360025
2024-11-15 02:00:00,53.4205680716715
2024-11-15 03:00:00,57.0653778395665
2024-11-15 04:00:00,43.11871126683488
2024-11-15 05:00:00,51.64634044820786
2024-11-15 06:00:00,46.09946184951188
2024-11-15 07:00:00,58.858362868956426
2024-11-15 08:00:00,89.48924658129647
2024-11-15 09:00:00,69.65207836355401
2024-11-15 10:00:00,80.14021263531518
2024-11-15 11:00:00,85.76582774015085
2024-11-15 12:00:00,91.30275553722473
2024-11-15 13:00:00,74.07426972106131
2024-11-15 14:00:00,72.67953826508887
2024-11-15 15:00:00,98.57319485558128
2024-11-15 16:00:00,91.4986246706415
2024-11-15 17:00:00,77.28207803352258
2024-11-15 18:00:00,93.75428343876587
2024-11-15 19:00:00,91.7898636683279
2024-11-15 20:00:00,82.99886244699489
2024-11-15 21:00:00,90.50264948256543
2024-11-15 22:00:00,69.09909343500725
2024-11-15 23:00:00,92.88912201145305
2024-11-16 00:00:00,49.06808285679594
2024-11-16 01:00:00,60.67775559087185
2024-11-16 02:00:00,55.755540303912085
2024-11-16 03:00:00,57.97777522042628
2024-11-16 04:00:00,43.86764195196381
2024-11-16 05:00:00,49.65877489274264
2024-11-16 06:00:00,60.0605125408763
2024-11-16 07:00:00,45.042842962076016
2024-11-16 08:00:00,81.8495508460399
2024-11-16 09:00:00,92.37386259058042
2024-11-16 10:00:00,83.60984579848348
2024-11-16 11:00:00,95.26370641048251
2024-11-16 12:00:00,72.53056408089103
2024-11-16 13:00:00,75.66329356272533
2024-11-16 14:00:00,90.97171841284535
2024-11-16 15:00:00,92.58973157802724
2024-11-16 16:00:00,73.00347107167684
2024-11-16 17:00:00,74.26897682309564
2024-11-16 18:00:00,91.80498494749725
2024-11-16 19:00:00,82.0392874899254
2024-11-16 20:00:00,70.13088903664229
2024-11-16 21:00:00,82.58820560685314
2024-11-16 22:00:00,92.30783538648578
2024-11-16 23:00:00,85.60274723073698
2024-11-17 00:00:00,45.417580027385966
2024-11-17 01:00:00,49.05045794258316
2024-11-17 02:00:00,55.02714758812844
2024-11-17 03:00:00,50.55992580920056
2024-11-17 04:00:00,54.40774346050233
2024-11-17 05:00:00,49.76672131467648
2024-11-17 06:00:00,59.44440443504879
2024-11-17 07:00:00,49.66174413648414
2024-11-17 08:00:00,80.24791778664726
2024-11-17 09:00:00,80.60700376728548
2024-11-17 10:00:00,78.54920989396248
2024-11-17 11:00:00,98.22957641106655
2024-11-17 12:00:00,88.87400701096428
2024-11-17 13:00:00,77.57157339225287
2024-11-17 14:00:00,91.59796572185752
2024-11-17 15:00:00,90.09581030762445
2024-11-17 16:00:00,92.48948600690727
2024-11-17 17:00:00,86.4709385267987
2024-11-17 18:00:00,89.83945580772357
2024-11-17 19:00:00,90.71945985478905
2024-11-17 20:00:00,86.55770253290869
2024-11-17 21:00:00,86.45778262169567
2024-11-17 22:00:00,82.60988395508208
2024-11-17 23:00:00,102.77031185207738
2024-11-18 00:00:00,52.42834807381728
2024-11-18 01:00:00,42.63930286628519
2024-11-18 02:00:00,50.92274312308921
2024-11-18 03:00:00,49.37391839769499
2024-11-18 04:00:00,55.50374044367719
2024-11-18 05:00:00,50.803275516380154
2024-11-18 06:00:00,49.01007289281489
2024-11-18 07:00:00,46.01543316492777
2024-11-18 08:00:00,95.53300886027918
2024-11-18 09:00:00,91.31416755324443
2024-11-18 10:00:00,88.12216357743364
2024-11-18 11:00:00,82.27468717994597
2024-11-18 12:00:00,75.01735348281369
2024-11-18 13:00:00,75.32558094941118
2024-11-18 14:00:00,81.68438002673666
2024-11-18 15:00:00,75.73484578177309
2024-11-18 16:00:00,102.1331678084793
2024-11-18 17:00:00,88.82207718039133
2024-11-18 18:00:00,78.44328571552215
2024-11-18 19:00:00,74.77123357928897
2024-11-18 20:00:00,81.24779429769075
2024-11-18 21:00:00,99.65346738512015
2024-11-18 22:00:00,70.42030557948091
2024-11-18 23:00:00,78.96393809955664
2024-11-19 00:00:00,55.62409447569236
2024-11-19 01:00:00,55.13610753563682
2024-11-19 02:00:00,42.95081322902537
2024-11-19 03:00:00,49.54051325776012
2024-11-19 04:00:00,55.828041119293644
2024-11-19 05:00:00,51.21593774925437
2024-11-19 06:00:00,51.51662154450139
2024-11-19 07:00:00,53.65655496155039
2024-11-19 08:00:00,80.69101657421837
2024-11-19 09:00:00,94.87235305729799
2024-11-19 10:00:00,72.98094944744184
2024-11-19 11:00:00,74.66906647119885
2024-11-19 12:00:00,80.38288390761576
2024-11-19 13:00:00,88.38002437883982
2024-11-19 14:00:00,67.0889643193629
2024-11-19 15:00:00,88.2124989626194
2024-11-19 16:00:00,92.35933117883955
2024-11-19 17:00:00,94.28460113308438
2024-11-19 18:00:00,93.45934945144924
2024-11-19 19:00:00,98.20645943070812
2024-11-19 20:00:00,81.7676128818411
2024-11-19 21:00:00,82.09867063727404
2024-11-19 22:00:00,90.07278027549339
2024-11-19 23:00:00,88.94233972554593
2024-11-20 00:00:00,45.8335264507148
2024-11-20 01:00:00,52.970736537830945
2024-11-20 02:00:00,51.00946057997837
2024-11-20 03:00:00,48.09210483583057
2024-11-20 04:00:00,50.080647063178766
2024-11-20 05:00:00,40.955224392227045
2024-11-20 06:00:00,58.21740716408766
2024-11-20 07:00:00,47.81613898506913
2024-11-20 08:00:00,77.88149121394981
2024-11-20 09:00:00,84.67607607904006
2024-11-20 10:00:00,82.36271447194795
2024-11-20 11:00:00,75.242718561955
2024-11-20 12:00:00,81.67984931219206
2024-11-20 13:00:00,89.2506866926722
2024-11-20 14:00:00,75.76479746577388
2024-11-20 15:00:00,80.42304180851232
2024-11-20 16:00:00,85.25059567389377
2024-11-20 17:00:00,85.51746309886117
2024-11-20 18:00:00,91.4660616969608
2024-11-20 19:00:00,95.99022703026085
2024-11-20 20:00:00,100.2980030939174
2024-11-20 21:00:00,87.232865631926
2024-11-20 22:00:00,82.3740909034136
2024-11-20 23:00:00,84.36181096917095
2024-11-21 00:00:00,43.58434772038473
2024-11-21 01:00:00,44.37012036052662
2024-11-21 02:00:00,53.33018992319556
2024-11-21 03:00:00,58.87314405045961
2024-11-21 04:00:00,48.17903572930436
2024-11-21 05:00:00,55.39561792195185
2024-11-21 06:00:00,57.18302409981221
2024-11-21 07:00:00,49.78779575844423
2024-11-21 08:00:00,95.26719552437423
2024-11-21 09:00:00,78.7527203980432
2024-11-21 10:00:00,90.08636923258456
2024-11-21 11:00:00,82.13543736324696
2024-11-21 12:00:00,90.09730598285535
2024-11-21 13:00:00,78.2155022153617
2024-11-21 14:00:00,92.54710034852245
2024-11-21 15:00:00,100.55255357724043
2024-11-21 16:00:00,88.24644711705037
2024-11-21 17:00:00,92.56479192389477
2024-11-21 18:00:00,91.74084679351353
2024-11-21 19:00:00,93.51541914223532
2024-11-21 20:00:00,81.68629204255883
2024-11-21 21:00:00,71.9309438039412
2024-11-21 22:00:00,74.95297084694354
2024-11-21 23:00:00,74.21703066858456
2024-11-22 00:00:00,50.01541500145953
2024-11-22 01:00:00,52.87457743138016
2024-11-22 02:00:00,54.33446844572677
2024-11-22 03:00:00,44.65263724359167
2024-11-22 04:00:00,42.06937596677005
2024-11-22 05:00:00,50.551516587725956
2024-11-22 06:00:00,48.66810585223512
2024-11-22 07:00:00,48.771795217129856
2024-11-22 08:00:00,76.96137479746366
2024-11-22 09:00:00,80.54032066175934
2024-11-22 10:00:00,100.15603762837821
2024-11-22 11:00:00,79.76824960861353
2024-11-22 12:00:00,74.13539431302112
2024-11-22 13:00:00,81.95506175212795
2024-11-22 14:00:00,83.54179379763234
2024-11-22 15:00:00,68.72776274112223
2024-11-22 16:00:00,93.85569636902822
2024-11-22 17:00:00,99.03476650487625
2024-11-22 18:00:00,91.40049826339325
2024-11-22 19:00:00,97.11454999577487
2024-11-22 20:00:00,73.10341564059543
2024-11-22 21:00:00,67.2715889695454
2024-11-22 22:00:00,77.25262431096655
2024-11-22 23:00:00,74.63414023499122
2024-11-23 00:00:00,53.96733120827887
2024-11-23 01:00:00,43.88101222311478
2024-11-23 02:00:00,43.01295972257184
2024-11-23 03:00:00,60.30908535351314
2024-11-23 04:00:00,42.07626659003668
2024-11-23 05:00:00,52.64169024859629
2024-11-23 06:00:00,52.71605259830213
2024-11-23 07:00:00,55.887556795764276
2024-11-23 08:00:00,74.39513546561221
2024-11-23 09:00:00,76.71056774987572
2024-11-23 10:00:00,75.98093105511961
2024-11-23 11:00:00,94.04985286079992
2024-11-23 12:00:00,73.95478513763433
2024-11-23 13:00:00,77.90084132869075
2024-11-23 14:00:00,93.7554380540142
2024-11-23 15:00:00,73.60202238014355
2024-11-23 16:00:00,92.20262122021045
2024-11-23 17:00:00,71.64005352422953
2024-11-23 18:00:00,89.17962376237699
2024-11-23 19:00:00,91.01205259044255
2024-11-23 20:00:00,98.9415120449823
2024-11-23 21:00:00,92.14914598072897
2024-11-23 22:00:00,85.1090467852688
2024-11-23 23:00:00,98.00604352630515
2024-11-24 00:00:00,58.567068479411724
2024-11-24 01:00:00,43.25351824210715
2024-11-24 02:00:00,54.0237114443605
2024-11-24 03:00:00,53.32824614786516
2024-11-24 04:00:00,60.97084547584058
2024-11-24 05:00:00,51.72997119825582
2024-11-24 06:00:00,57.16849176049624
2024-11-24 07:00:00,56.1870920295447
2024-11-24 08:00:00,97.00482030915427
2024-11-24 09:00:00,80.60909777491614
2024-11-24 10:00:00,91.37094067793882
2024-11-24 11:00:00,75.77986293022886
2024-11-24 12:00:00,75.82740524027099
2024-11-24 13:00:00,88.4499282446087
2024-11-24 14:00:00,96.26771053217192
2024-11-24 15:00:00,89.3876222765057
2024-11-24 16:00:00,77.08596585115517
2024-11-24 17:00:00,88.03451624654423
2024-11-24 18:00:00,82.62544231418467
2024-11-24 19:00:00,75.18547294258875
2024-11-24 20:00:00,87.35467558106491
2024-11-24 21:00:00,78.45771699812792
2024-11-24 22:00:00,99.22775875113706
2024-11-24 23:00:00,74.21654647008143
2024-11-25 00:00:00,51.050562352045816
2024-11-25 01:00:00,53.36913086994425
2024-11-25 02:00:00,51.93070963431446
2024-11-25 03:00:00,53.80282600950463
2024-11-25 04:00:00,47.133538599787045
2024-11-25 05:00:00,51.28234837579181
2024-11-25 06:00:00,54.402029782366334
2024-11-25 07:00:00,58.08709728030908
2024-11-25 08:00:00,99.23194188600355
2024-11-25 09:00:00,85.985582333647
2024-11-25 10:00:00,81.03476651943238
2024-11-25 11:00:00,100.11612792243643
2024-11-25 12:00:00,77.94844334236711
2024-11-25 13:00:00,77.60355609627682
2024-11-25 14:00:00,78.47239145461543
2024-11-25 15:00:00,94.93207641011777
2024-11-25 16:00:00,69.20190361402909
2024-11-25 17:00:00,73.12448662178093
2024-11-25 18:00:00,88.75077682921122
2024-11-25 19:00:00,84.39663883099333
2024-11-25 20:00:00,88.730872680202
2024-11-25 21:00:00,92.61334505936276
2024-11-25 22:00:00,90.18817294386375
2024-11-25 23:00:00,80.0270514364959
2024-11-26 00:00:00,52.89411499046692
2024-11-26 01:00:00,49.349879998600485
2024-11-26 02:00:00,54.582846123559314
2024-11-26 03:00:00,46.1891955024343
2024-11-26 04:00:00,53.31384699593457
2024-11-26 05:00:00,47.57255956363654
2024-11-26 06:00:00,52.066244670553594
2024-11-26 07:00:00,47.00227970662274
2024-11-26 08:00:00,78.43058447902911
2024-11-26 09:00:00,87.35783667918156
2024-11-26 10:00:00,102.06741745646406
2024-11-26 11:00:00,91.65553040469302
2024-11-26 12:00:00,96.069780226219
2024-11-26 13:00:00,80.2014711824049
2024-11-26 14:00:00,92.10843751227415
2024-11-26 15:00:00,77.71897073268909
2024-11-26 16:00:00,76.30404341423339
2024-11-26 17:00:00,78.40245234346827
2024-11-26 18:00:00,85.53070332537277
2024-11-26 19:00:00,99.60749123196885
2024-11-26 20:00:00,102.40707884511482
2024-11-26 21:00:00,90.98772163432783
2024-11-26 22:00:00,77.24435836572582
2024-11-26 23:00:00,90.08675571813855
2024-11-27 00:00:00,51.755329050444296
2024-11-27 01:00:00,58.52534840865186
2024-11-27 02:00:00,55.750586988335655
2024-11-27 03:00:00,60.08929661585269
2024-11-27 04:00:00,48.28139072284786
2024-11-27 05:00:00,48.97760901713376
2024-11-27 06:00:00,54.374428867241555
2024-11-27 07:00:00,46.63325091306153
2024-11-27 08:00:00,84.86560322716227
2024-11-27 09:00:00,84.79851814229497
2024-11-27 10:00:00,80.96411740311542
2024-11-27 11:00:00,82.06247311562689
2024-11-27 12:00:00,78.5650447290193
2024-11-27 13:00:00,97.64392762352641
2024-11-27 14:00:00,77.53165831294217
2024-11-27 15:00:00,87.92530301515052
2024-11-27 16:00:00,71.59629627358112
2024-11-27 17:00:00,72.80108447763348
2024-11-27 18:00:00,91.30353558865549
2024-11-27 19:00:00,69.86084521986652
2024-11-27 20:00:00,88.61943435477374
2024-11-27 21:00:00,102.70536744597246
2024-11-27 22:00:00,84.61376156046649
2024-11-27 23:00:00,93.36201388378396
2024-11-28 00:00:00,44.04797234061347
2024-11-28 01:00:00,56.212669337136944
2024-11-28 02:00:00,59.03283317220489
2024-11-28 03:00:00,50.47202573548527
2024-11-28 04:00:00,53.24849651282971
2024-11-28 05:00:00,47.570012490437804
2024-11-28 06:00:00,44.81179712653423
2024-11-28 07:00:00,41.638944686044375
2024-11-28 08:00:00,101.8663804712868
2024-11-28 09:00:00,87.93824880025234
2024-11-28 10:00:00,99.94256896098995
2024-11-28 11:00:00,82.1626930617258
2024-11-28 12:00:00,92.59224458947821
2024-11-28 13:00:00,71.24919980302954
2024-11-28 14:00:00,90.67937947641511
2024-11-28 15:00:00,77.4863482841165
2024-11-28 16:00:00,96.52562609882106
2024-11-28 17:00:00,97.34830787456
2024-11-28 18:00:00,93.01870480706306
2024-11-28 19:00:00,93.23963234295142
2024-11-28 20:00:00,84.32142781748988
2024-11-28 21:00:00,79.58412459851141
2024-11-28 22:00:00,81.47685077434937
2024-11-28 23:00:00,102.43773761420884
2024-11-29 00:00:00,50.37305456314438
2024-11-29 01:00:00,42.5973001933401
2024-11-29 02:00:00,52.29750068723581
2024-11-29 03:00:00,49.494785667718105
2024-11-29 04:00:00,50.1458922881499
2024-11-29 05:00:00,55.341304188518336
2024-11-29 06:00:00,51.77873382840602
2024-11-29 07:00:00,46.36577061448733
2024-11-29 08:00:00,100.51533314332737
2024-11-29 09:00:00,73.89748689604787
2024-11-29 10:00:00,91.60485189179218
2024-11-29 11:00:00,82.55733054531088
2024-11-29 12:00:00,93.8400613906126
2024-11-29 13:00:00,83.35772356408702
2024-11-29 14:00:00,73.2528777860405
2024-11-29 15:00:00,90.28275595405891
2024-11-29 16:00:00,83.92483333966916
2024-11-29 17:00:00,90.36530422439463
2024-11-29 18:00:00,93.59909251556795
2024-11-29 19:00:00,72.84454193662737
2024-11-29 20:00:00,90.01287659073557
2024-11-29 21:00:00,82.09221928086885
2024-11-29 22:00:00,98.8474108576115
2024-11-29 23:00:00,83.65684043784785
2024-11-30 00:00:00,57.336444607149325
2024-11-30 01:00:00,43.79990475961793
2024-11-30 02:00:00,49.51869083805042
2024-11-30 03:00:00,54.955006677044125
2024-11-30 04:00:00,55.59766417092503
2024-11-30 05:00:00,61.26602285518811
2024-11-30 06:00:00,47.2499903092869
2024-11-30 07:00:00,46.86128804075746
2024-11-30 08:00:00,96.4499452310121
2024-11-30 09:00:00,79.03444010665189
2024-11-30 10:00:00,86.9862142375082
2024-11-30 11:00:00,75.65981355531301
2024-11-30 12:00:00,90.40000035736522
2024-11-30 13:00:00,84.95735699365454
2024-11-30 14:00:00,95.8390739532465
2024-11-30 15:00:00,76.4226341489799
2024-11-30 16:00:00,88.95288804833388
2024-11-30 17:00:00,77.65131959657027
2024-11-30 18:00:00,74.07509485546765
2024-11-30 19:00:00,90.81474876753167
2024-11-30 20:00:00,74.40180521522704
2024-11-30 21:00:00,83.22292570754486
2024-11-30 22:00:00,73.94687688921142
2024-11-30 23:00:00,89.19013798356801
2024-12-01 00:00:00,42.12799125419905
2024-12-01 01:00:00,41.561019602541485
2024-12-01 02:00:00,49.283901201483836
2024-12-01 03:00:00,52.50010734373898
2024-12-01 04:00:00,51.14467833704049
2024-12-01 05:00:00,57.42532465319418
2024-12-01 06:00:00,46.984033545734626
2024-12-01 07:00:00,45.74006591356326
2024-12-01 08:00:00,83.22808445145984
2024-12-01 09:00:00,87.00469712224593
2024-12-01 10:00:00,98.13741150377008
2024-12-01 11:00:00,95.71858560407077
2024-12-01 12:00:00,96.19691887170828
2024-12-01 13:00:00,74.11295067908947
2024-12-01 14:00:00,72.44835668699068
2024-12-01 15:00:00,93.26933610695866
2024-12-01 16:00:00,94.18808599808665
2024-12-01 17:00:00,87.0619938677276
2024-12-01 18:00:00,76.936265925046
2024-12-01 19:00:00,95.37904926681011
2024-12-01 20:00:00,80.00026771537202
2024-12-01 21:00:00,102.30163801414676
2024-12-01 22:00:00,73.60170790359312
2024-12-01 23:00:00,95.73342957795538
2024-12-02 00:00:00,47.71178773355356
2024-12-02 01:00:00,54.18452614089867
2024-12-02 02:00:00,44.58580061898971
2024-12-02 03:00:00,49.55784885691475
2024-12-02 04:00:00,44.99438025397571
2024-12-02 05:00:00,52.787096719876736
2024-12-02 06:00:00,51.60960846932241
2024-12-02 07:00:00,44.938301898163814
2024-12-02 08:00:00,80.58900945149747
2024-12-02 09:00:00,77.0144721859439
2024-12-02 10:00:00,78.24505284920163
2024-12-02 11:00:00,75.57385542455427
2024-12-02 12:00:00,97.53719416665365
2024-12-02 13:00:00,101.34751772614734
2024-12-02 14:00:00,75.48916491772806
2024-12-02 15:00:00,94.0332432271696
2024-12-02 16:00:00,98.42616637608222
2024-12-02 17:00:00,83.48502145133224
2024-12-02 18:00:00,74.6680478070445
2024-12-02 19:00:00,72.13593954947369
2024-12-02 20:00:00,74.90369748146085
2024-12-02 21:00:00,74.94944838191988
2024-12-02 22:00:00,82.64869759376626
2024-12-02 23:00:00,96.01817999070532
2024-12-03 00:00:00,50.94925447106634
2024-12-03 01:00:00,54.44360531719203
2024-12-03 02:00:00,47.31332499773916
2024-12-03 03:00:00,49.59722586289189
2024-12-03 04:00:00,53.42081978915081
2024-12-03 05:00:00,54.60622590320966
2024-12-03 06:00:00,45.93096745109192
2024-12-03 07:00:00,48.95976510319909
2024-12-03 08:00:00,90.87606903192602
2024-12-03 09:00:00,87.00719333770625
2024-12-03 10:00:00,73.04484783457289
2024-12-03 11:00:00,71.97687487330614
2024-12-03 12:00:00,80.00483460772888
2024-12-03 13:00:00,75.77546834994665
2024-12-03 14:00:00,78.28763958463762
2024-12-03 15:00:00,94.06081408698671
2024-12-03 16:00:00,91.56862156581823
2024-12-03 17:00:00,100.28777667008607
2024-12-03 18:00:00,88.25995020867174
2024-12-03 19:00:00,73.89251810561593
2024-12-03 20:00:00,83.32330964347096
2024-12-03 21:00:00,81.38338436982069
2024-12-03 22:00:00,83.36615373699085
2024-12-03 23:00:00,78.60586192350058
2024-12-04 00:00:00,59.331777494320306
2024-12-04 01:00:00,42.21065500795031
2024-12-04 02:00:00,54.87551553640128
2024-12-04 03:00:00,45.74168417309565
2024-12-04 04:00:00,46.93006918493296
2024-12-04 05:00:00,44.10724192555426
2024-12-04 06:00:00,46.574495730429604
2024-12-04 07:00:00,50.00040463926723
2024-12-04 08:00:00,83.47998972319932
2024-12-04 09:00:00,95.26127133277384
2024-12-04 10:00:00,76.81894370512526
2024-12-04 11:00:00,81.31897372292815
2024-12-04 12:00:00,74.77422385533356
2024-12-04 13:00:00,92.2233086666586
2024-12-04 14:00:00,91.13475019797002
2024-12-04 15:00:00,100.72942346934602
2024-12-04 16:00:00,75.76614824188107
2024-12-04 17:00:00,73.37119000859914
2024-12-04 18:00:00,81.6155019886512
2024-12-04 19:00:00,82.3461668045313
2024-12-04 20:00:00,86.49258454292337
2024-12-04 21:00:00,83.30118775064369
2024-12-04 22:00:00,90.58345059245872
2024-12-04 23:00:00,82.56650495133692
2024-12-05 00:00:00,47.73019345720371
2024-12-05 01:00:00,48.24592015278141
2024-12-05 02:00:00,55.3199210242594
2024-12-05 03:00:00,45.98099689095023
2024-12-05 04:00:00,51.314571971550365
2024-12-05 05:00:00,61.38418280572651
2024-12-05 06:00:00,42.553399928230874
2024-12-05 07:00:00,54.848412665443846
2024-12-05 08:00:00,100.57175854405003
2024-12-05 09:00:00,82.99933613615278
2024-12-05 10:00:00,74.4090902213369
2024-12-05 11:00:00,80.22499045828432
2024-12-05 12:00:00,76.0378066729661
2024-12-05 13:00:00,93.78367453333898
2024-12-05 14:00:00,74.4716988343942
2024-12-05 15:00:00,79.9063930374089
2024-12-05 16:00:00,93.75845966138314
2024-12-05 17:00:00,79.37600080832658
2024-12-05 18:00:00,69.36177415488913
2024-12-05 19:00:00,93.19068816949707
2024-12-05 20:00:00,69.60113059240354
2024-12-05 21:00:00,71.64581923055665
2024-12-05 22:00:00,85.65951278296086
2024-12-05 23:00:00,70.08223979182257
2024-12-06 00:00:00,32.96080063700139
2024-12-06 01:00:00,32.57998588664339
2024-12-06 02:00:00,32.014075556204304
2024-12-06 03:00:00,31.73281313660371
2024-12-06 04:00:00,33.467235003506026
2024-12-06 05:00:00,27.26412523528715
2024-12-06 06:00:00,30.196461273686815
2024-12-06 07:00:00,34.33956907306348
2024-12-06 08:00:00,25.67522274358561
2024-12-06 09:00:00,32.80960305385288
2024-12-06 10:00:00,33.390189783778695
2024-12-06 11:00:00,26.35726401614093
2024-12-06 12:00:00,29.62023622388189
2024-12-06 13:00:00,34.00626006701029
2024-12-06 14:00:00,28.79583285248561
2024-12-06 15:00:00,30.00601772362095
2024-12-06 16:00:00,28.623708745314808
2024-12-06 17:00:00,29.086041184647993
2024-12-06 18:00:00,30.950334031758576
2024-12-06 19:00:00,32.70983419958761
2024-12-06 20:00:00,33.37317154244535
2024-12-06 21:00:00,34.83803061250045
2024-12-06 22:00:00,29.05433600370727
2024-12-06 23:00:00,29.245295345922084
2024-12-07 00:00:00,28.961109568443
2024-12-07 01:00:00,28.93655978673172
2024-12-07 02:00:00,31.4285753934384
2024-12-07 03:00:00,28.765682826500058
2024-12-07 04:00:00,30.922475444877367
2024-12-07 05:00:00,28.62592247765901
2024-12-07 06:00:00,30.328915295325103
2024-12-07 07:00:00,25.837207965189478
2024-12-07 08:00:00,34.35371656527077
2024-12-07 09:00:00,33.71617098434275
2024-12-07 10:00:00,29.82392041716305
2024-12-07 11:00:00,33.85172226068712
2024-12-07 12:00:00,34.327929746967854
2024-12-07 13:00:00,29.30344910744607
2024-12-07 14:00:00,25.91359997190699
2024-12-07 15:00:00,34.80737559820361
2024-12-07 16:00:00,25.741256799706633
2024-12-07 17:00:00,30.679430848129137
2024-12-07 18:00:00,26.60824766704279
2024-12-07 19:00:00,32.49427302768321
2024-12-07 20:00:00,27.439211095286314
2024-12-07 21:00:00,29.071660890050044
2024-12-07 22:00:00,28.33448902573879
2024-12-07 23:00:00,34.6326035376941
2024-12-08 00:00:00,34.12052781887393
2024-12-08 01:00:00,26.22290676885735
2024-12-08 02:00:00,27.14360401625865
2024-12-08 03:00:00,28.066344343875663
2024-12-08 04:00:00,31.367737488936427
2024-12-08 05:00:00,26.36867410773867
2024-12-08 06:00:00,27.483588680132357
2024-12-08 07:00:00,25.485319467047653
2024-12-08 08:00:00,31.87326092510164
2024-12-08 09:00:00,31.462339298377458
2024-12-08 10:00:00,25.68385387584277
2024-12-08 11:00:00,30.962797197262887
2024-12-08 12:00:00,25.654371608962727
2024-12-08 13:00:00,34.443943045618255
2024-12-08 14:00:00,28.048029205244063
2024-12-08 15:00:00,26.437076605435998
2024-12-08 16:00:00,29.850014685689423
2024-12-08 17:00:00,33.6048878853353
2024-12-08 18:00:00,30.237372489868708
2024-12-08 19:00:00,32.031569827761714
2024-12-08 20:00:00,26.15650792002471
2024-12-08 21:00:00,33.83000436615134
2024-12-08 22:00:00,26.50349610864768
2024-12-08 23:00:00,30.76841234889569
2024-12-09 00:00:00,29.707172725267018
2024-12-09 01:00:00,29.620830932701153
2024-12-09 02:00:00,25.021709487184353
2024-12-09 03:00:00,30.18459494683992
2024-12-09 04:00:00,29.394611147305255
2024-12-09 05:00:00,34.550455215827284
2024-12-09 06:00:00,34.63829091510846
2024-12-09 07:00:00,28.28160093431657
2024-12-09 08:00:00,33.79806768321756
2024-12-09 09:00:00,32.93788557916032
2024-12-09 10:00:00,33.64554967031023
2024-12-09 11:00:00,25.160064195534268
2024-12-09 12:00:00,29.78457311259709
2024-12-09 13:00:00,27.924499739207633
2024-12-09 14:00:00,33.37771199776913
2024-12-09 15:00:00,29.44788789060226
2024-12-09 16:00:00,29.06371597493381
2024-12-09 17:00:00,32.7203191844538
2024-12-09 18:00:00,27.17138051216178
2024-12-09 19:00:00,31.617121753895795
2024-12-09 20:00:00,25.060330699885142
2024-12-09 21:00:00,28.428308501553545
2024-12-09 22:00:00,34.90140918492695
2024-12-09 23:00:00,28.82932454078416
2024-12-10 00:00:00,28.135530360176915
2024-12-10 01:00:00,27.844111217053175
2024-12-10 02:00:00,28.388649655517895
2024-12-10 03:00:00,32.15889973524772
2024-12-10 04:00:00,32.66274885996367
2024-12-10 05:00:00,26.23836011398808
2024-12-10 06:00:00,25.414345657770113
2024-12-10 07:00:00,30.900969768861287
2024-12-10 08:00:00,26.53463945955574
2024-12-10 09:00:00,34.42267729689544
2024-12-10 10:00:00,31.811791678016967
2024-12-10 11:00:00,28.51213619288679
2024-12-10 12:00:00,28.720104333404493
2024-12-10 13:00:00,29.30349715852016
2024-12-10 14:00:00,33.84552730051347
2024-12-10 15:00:00,25.040957398252182
2024-12-10 16:00:00,26.217908819882005
2024-12-10 17:00:00,26.851587068527593
2024-12-10 18:00:00,27.853532215141577
2024-12-10 19:00:00,33.18121902455941
2024-12-10 20:00:00,27.765814352720472
2024-12-10 21:00:00,28.588826068349274
2024-12-10 22:00:00,27.08630338525719
2024-12-10 23:00:00,33.09615409704904
2024-12-11 00:00:00,34.104685030752435
2024-12-11 01:00:00,27.52489753570915
2024-12-11 02:00:00,25.754713066520463
2024-12-11 03:00:00,31.328413627977078
2024-12-11 04:00:00,25.557442352659166
2024-12-11 05:00:00,26.45581570506294
2024-12-11 06:00:00,26.537350155050788
2024-12-11 07:00:00,31.679523848520375
2024-12-11 08:00:00,25.27238091000879
2024-12-11 09:00:00,29.31195087328936
2024-12-11 10:00:00,29.270803560960502
2024-12-11 11:00:00,34.71853427091894
2024-12-11 12:00:00,27.44592825473022
2024-12-11 13:00:00,26.306175618893057
2024-12-11 14:00:00,26.07594559323686
2024-12-11 15:00:00,34.5026026395995
2024-12-11 16:00:00,33.32879385812643
2024-12-11 17:00:00,25.768851963058435
2024-12-11 18:00:00,25.54415657119481
2024-12-11 19:00:00,28.338692558861386
2024-12-11 20:00:00,28.45866597244956
2024-12-11 21:00:00,34.006058212620275
2024-12-11 22:00:00,29.77234054297506
2024-12-11 23:00:00,29.283165764768697
2024-12-12 00:00:00,28.874475332168437
2024-12-12 01:00:00,28.347101418045902
2024-12-12 02:00:00,34.677995315533664
2024-12-12 03:00:00,33.81062390852574
2024-12-12 04:00:00,34.1973308221276
2024-12-12 05:00:00,33.17939053275872
2024-12-12 06:00:00,27.63403097655888
2024-12-12 07:00:00,32.052499579451805
2024-12-12 08:00:00,25.881078200592338
2024-12-12 09:00:00,32.74551371454611
2024-12-12 10:00:00,29.032042232078563
2024-12-12 11:00:00,34.604130167163035
2024-12-12 12:00:00,30.554885876152795
2024-12-12 13:00:00,33.513550172152236
2024-12-12 14:00:00,32.86821895256416
2024-12-12 15:00:00,25.225487993721384
2024-12-12 16:00:00,28.34362525522714
2024-12-12 17:00:00,33.09977852763033
2024-12-12 18:00:00,29.531510330787917
2024-12-12 19:00:00,33.08060956132795
2024-12-12 20:00:00,33.57523792375433
2024-12-12 21:00:00,30.098621055551664
2024-12-12 22:00:00,27.865785901505625
2024-12-12 23:00:00,26.441964825791914
2024-12-13 00:00:00,34.852996889005254
2024-12-13 01:00:00,25.703705003407073
2024-12-13 02:00:00,26.720243613167646
2024-12-13 03:00:00,28.41589475859965
2024-12-13 04:00:00,29.0434387335536
2024-12-13 05:00:00,32.865627004362814
2024-12-13 06:00:00,31.655320515043197
2024-12-13 07:00:00,32.23105929023217
2024-12-13 08:00:00,32.304044579341046
2024-12-13 09:00:00,27.185864882847113
2024-12-13 10:00:00,29.876478687822562
2024-12-13 11:00:00,25.350755713038716
2024-12-13 12:00:00,25.99879601818141
2024-12-13 13:00:00,31.085279346411923
2024-12-13 14:00:00,30.08129241664239
2024-12-13 15:00:00,29.174032741481142
2024-12-13 16:00:00,27.639388945545726
2024-12-13 17:00:00,30.622053930114024
2024-12-13 18:00:00,31.984950363385423
2024-12-13 19:00:00,31.42987061047935
2024-12-13 20:00:00,30.540387994735703
2024-12-13 21:00:00,28.056628733909484
2024-12-13 22:00:00,33.939693567797924
2024-12-13 23:00:00,27.961727330008113
2024-12-14 00:00:00,29.3074026205267
2024-12-14 01:00:00,28.9303934522242
2024-12-14 02:00:00,30.948731825495756
2024-12-14 03:00:00,27.815961361108364
2024-12-14 04:00:00,26.200680775829987
2024-12-14 05:00:00,32.2377009306215
2024-12-14 06:00:00,32.7824718249512
2024-12-14 07:00:00,26.61861012220934
2024-12-14 08:00:00,26.53118903431656
2024-12-14 09:00:00,28.485722026111333
2024-12-14 10:00:00,33.38976570584991
2024-12-14 11:00:00,29.265570652075695
2024-12-14 12:00:00,27.051272430332627
2024-12-14 13:00:00,32.0903143582635
2024-12-14 14:00:00,32.97843897903802
2024-12-14 15:00:00,32.648264114484434
2024-12-14 16:00:00,34.97622350857723
2024-12-14 17:00:00,27.96787360854888
2024-12-14 18:00:00,25.217487506524023
2024-12-14 19:00:00,27.252604188225547
2024-12-14 20:00:00,33.233826303818596
2024-12-14 21:00:00,28.40416705218
2024-12-14 22:00:00,34.16761243985819
2024-12-14 23:00:00,30.04518495158431
2024-12-15 00:00:00,33.05665949297592
2024-12-15 01:00:00,25.318930345947898
2024-12-15 02:00:00,28.72578123359735
2024-12-15 03:00:00,33.42211572355901
2024-12-15 04:00:00,32.75069833257379
2024-12-15 05:00:00,33.95673118710593
2024-12-15 06:00:00,28.81312164001061
2024-12-15 07:00:00,31.56201770206394
2024-12-15 08:00:00,25.803770357284428
2024-12-15 09:00:00,32.7154036954576
2024-12-15 10:00:00,30.28324635019741
2024-12-15 11:00:00,30.75862821247739
2024-12-15 12:00:00,31.191634296399197
2024-12-15 13:00:00,29.60359505367368
2024-12-15 14:00:00,33.91730793806105
2024-12-15 15:00:00,27.660960645375553
2024-12-15 16:00:00,31.189715284368063
2024-12-15 17:00:00,26.525916065660038
2024-12-15 18:00:00,28.641606503400347
2024-12-15 19:00:00,34.287380867261284
2024-12-15 20:00:00,26.515419725784714
2024-12-15 21:00:00,28.63294116004735
2024-12-15 22:00:00,33.32620268221287
2024-12-15 23:00:00,34.88978463053689
2024-12-16 00:00:00,28.082991322755433
2024-12-16 01:00:00,25.41094152120803
2024-12-16 02:00:00,33.377104012044114
2024-12-16 03:00:00,31.507965331410833
2024-12-16 04:00:00,27.909243894225714
2024-12-16 05:00:00,26.756560000381103
2024-12-16 06:00:00,25.203710896122313
2024-12-16 07:00:00,28.08263592553481
2024-12-16 08:00:00,32.366551859006634
2024-12-16 09:00:00,26.401788916601866
2024-12-16 10:00:00,26.13053007423032
2024-12-16 11:00:00,26.02906219612204
2024-12-16 12:00:00,33.49289161439284
2024-12-16 13:00:00,29.967820456203807
2024-12-16 14:00:00,31.68975402777164
2024-12-16 15:00:00,29.721424198324936
2024-12-16 16:00:00,28.333634312299434
2024-12-16 17:00:00,34.26951697435552
2024-12-16 18:00:00,27.68980421028134
2024-12-16 19:00:00,32.9612536718832
2024-12-16 20:00:00,28.304987970707145
2024-12-16 21:00:00,34.058435475323314
2024-12-16 22:00:00,26.20191031428684
2024-12-16 23:00:00,28.543859226615197
2024-12-17 00:00:00,31.27168406846504
2024-12-17 01:00:00,34.58304568702614
2024-12-17 02:00:00,33.41226734033066
2024-12-17 03:00:00,28.866509075696385
2024-12-17 04:00:00,29.922608822426657
2024-12-17 05:00:00,31.607053944745267
2024-12-17 06:00:00,30.53866666195188
2024-12-17 07:00:00,29.84744503560732
2024-12-17 08:00:00,34.92444061237943
2024-12-17 09:00:00,32.78637870419112
2024-12-17 10:00:00,34.77876981051393
2024-12-17 11:00:00,26.617265992926953
2024-12-17 12:00:00,25.145388070908993
2024-12-17 13:00:00,31.459226514058546
2024-12-17 14:00:00,29.225012700803592
2024-12-17 15:00:00,31.80534691312235
2024-12-17 16:00:00,28.802212413386695
2024-12-17 17:00:00,28.525232879790874
2024-12-17 18:00:00,26.57982809688777
2024-12-17 19:00:00,29.027932586797416
2024-12-17 20:00:00,27.486171776364493
2024-12-17 21:00:00,27.5389873944423
2024-12-17 22:00:00,33.301993065013896
2024-12-17 23:00:00,26.884422819862888
2024-12-18 00:00:00,27.126853702719988
2024-12-18 01:00:00,28.41125302645614
2024-12-18 02:00:00,34.902205762790125
2024-12-18 03:00:00,34.03978231100452
2024-12-18 04:00:00,29.275436337492202
2024-12-18 05:00:00,31.17477474881729
2024-12-18 06:00:00,26.623955801144902
2024-12-18 07:00:00,27.075950393968444
2024-12-18 08:00:00,30.76784922516861
2024-12-18 09:00:00,32.875011834129594
2024-12-18 10:00:00,30.05224818542214
2024-12-18 11:00:00,34.46838788869809
2024-12-18 12:00:00,26.693860299708938
2024-12-18 13:00:00,31.369951253914557
2024-12-18 14:00:00,26.833162674322274
2024-12-18 15:00:00,26.685484750978905
2024-12-18 16:00:00,30.67264356286522
2024-12-18 17:00:00,32.46692676130145
2024-12-18 18:00:00,30.91082547871286
2024-12-18 19:00:00,30.124995341525654
2024-12-18 20:00:00,28.03937262685078
2024-12-18 21:00:00,33.528696192081775
2024-12-18 22:00:00,28.033345843165172
2024-12-18 23:00:00,26.424727314993465
2024-12-19 00:00:00,31.39364426420181
2024-12-19 01:00:00,27.040576823711753
2024-12-19 02:00:00,34.09973273062709
2024-12-19 03:00:00,30.1785212023661
2024-12-19 04:00:00,32.157842474109216
2024-12-19 05:00:00,26.059624416655126
2024-12-19 06:00:00,26.154873175926497
2024-12-19 07:00:00,27.606978075522832
2024-12-19 08:00:00,27.656800574367395
2024-12-19 09:00:00,34.254911020653154
2024-12-19 10:00:00,29.3452374262636
2024-12-19 11:00:00,27.472564950215336
2024-12-19 12:00:00,29.176978868868666
2024-12-19 13:00:00,30.158394088544142
2024-12-19 14:00:00,29.05155775942725
2024-12-19 15:00:00,31.408103251609237
2024-12-19 16:00:00,30.53207973142163
2024-12-19 17:00:00,29.73739218181312
2024-12-19 18:00:00,30.991936216075313
2024-12-19 19:00:00,26.210228292863377
2024-12-19 20:00:00,26.087976942477006
2024-12-19 21:00:00,30.250503572882856
2024-12-19 22:00:00,29.297505965006195
2024-12-19 23:00:00,25.278779668331453
2024-12-20 00:00:00,34.48132490092125
2024-12-20 01:00:00,25.44551614379161
2024-12-20 02:00:00,27.562096864097704
2024-12-20 03:00:00,25.531605856239878
2024-12-20 04:00:00,26.325107828833563
2024-12-20 05:00:00,25.01015478315213
2024-12-20 06:00:00,28.872512143295815
2024-12-20 07:00:00,26.769206754321587
2024-12-20 08:00:00,33.94946360614954
2024-12-20 09:00:00,30.322162993489968
2024-12-20 10:00:00,26.92163866860289
2024-12-20 11:00:00,29.739011829557406
2024-12-20 12:00:00,28.198159953623314
2024-12-20 13:00:00,32.14306908382821
2024-12-20 14:00:00,30.39665935213696
2024-12-20 15:00:00,26.13837433722107
2024-12-20 16:00:00,27.309691340706298
2024-12-20 17:00:00,34.29427494509825
2024-12-20 18:00:00,25.2699819568953
2024-12-20 19:00:00,26.058511057862983
2024-12-20 20:00:00,30.733560168711826
2024-12-20 21:00:00,33.59155713019943
2024-12-20 22:00:00,31.66326614192087
2024-12-20 23:00:00,33.37402679653717
2024-12-21 00:00:00,25.078735520771144
2024-12-21 01:00:00,29.04070753531863
2024-12-21 02:00:00,34.49796811883124
2024-12-21 03:00:00,26.822616757598094
2024-12-21 04:00:00,30.66433744395634
2024-12-21 05:00:00,28.258991008943248
2024-12-21 06:00:00,30.114559896283847
2024-12-21 07:00:00,26.340625101305918
2024-12-21 08:00:00,28.256205316642195
2024-12-21 09:00:00,31.24525487993594
2024-12-21 10:00:00,30.898010923002392
2024-12-21 11:00:00,29.80324513525307
2024-12-21 12:00:00,26.614551678214912
2024-12-21 13:00:00,33.87700067092803
2024-12-21 14:00:00,26.992004741349813
2024-12-21 15:00:00,32.11587033048242
2024-12-21 16:00:00,34.314496455796494
2024-12-21 17:00:00,28.90991330131568
2024-12-21 18:00:00,26.280898621741457
2024-12-21 19:00:00,33.087928012522426
2024-12-21 20:00:00,34.513626795159325
2024-12-21 21:00:00,29.390604032838148
2024-12-21 22:00:00,27.909473575196692
2024-12-21 23:00:00,31.3292740208309
2024-12-22 00:00:00,29.306464691036012
2024-12-22 01:00:00,33.02584477255085
2024-12-22 02:00:00,29.63989512032578
2024-12-22 03:00:00,31.275963660299
2024-12-22 04:00:00,34.35524367903614
2024-12-22 05:00:00,30.56434500577699
2024-12-22 06:00:00,27.150120637001848
2024-12-22 07:00:00,26.04456637086671
2024-12-22 08:00:00,29.96857998746672
2024-12-22 09:00:00,34.67312502338905
2024-12-22 10:00:00,29.558980984289093
2024-12-22 11:00:00,26.207057735273253
2024-12-22 12:00:00,31.55987613581066
2024-12-22 13:00:00,25.293622873944337
2024-12-22 14:00:00,29.213663952788707
2024-12-22 15:00:00,34.95529852915691
2024-12-22 16:00:00,31.931100741472953
2024-12-22 17:00:00,32.82614478899178
2024-12-22 18:00:00,25.346421841060533
2024-12-22 19:00:00,33.63764978893379
2024-12-22 20:00:00,26.361106649340982
2024-12-22 21:00:00,27.908838623351585
2024-12-22 22:00:00,34.852223961379636
2024-12-22 23:00:00,33.17607519788837
2024-12-23 00:00:00,31.383433195532238
2024-12-23 01:00:00,34.6152169656766
2024-12-23 02:00:00,34.59904964669494
2024-12-23 03:00:00,30.480302279099412
2024-12-23 04:00:00,33.044067270976754
2024-12-23 05:00:00,30.45976186290532
2024-12-23 06:00:00,25.168501890632847
2024-12-23 07:00:00,34.1888986960998
2024-12-23 08:00:00,33.649316080642095
2024-12-23 09:00:00,28.602745110095594
2024-12-23 10:00:00,30.004759845330423
2024-12-23 11:00:00,30.83095219046003
2024-12-23 12:00:00,34.560033384026084
2024-12-23 13:00:00,26.686787408044612
2024-12-23 14:00:00,31.681749250119374
2024-12-23 15:00:00,31.399119324963333
2024-12-23 16:00:00,32.79900053147817
2024-12-23 17:00:00,31.92655279369699
2024-12-23 18:00:00,28.431756104395703
2024-12-23 19:00:00,32.862413252854694
2024-12-23 20:00:00,29.576011592002267
2024-12-23 21:00:00,26.654751543413646
2024-12-23 22:00:00,32.208419960301384
2024-12-23 23:00:00,25.376603027601284
2024-12-24 00:00:00,31.239402340353422
2024-12-24 01:00:00,29.72183348072643
2024-12-24 02:00:00,29.209172781860097
2024-12-24 03:00:00,26.621128199558267
2024-12-24 04:00:00,31.81203749924982
2024-12-24 05:00:00,28.495912831335673
2024-12-24 06:00:00,29.6276389797688
2024-12-24 07:00:00,31.100220142277326
2024-12-24 08:00:00,32.638456036571185
2024-12-24 09:00:00,26.1688950643676
2024-12-24 10:00:00,34.15861194393986
2024-12-24 11:00:00,26.084089068458038
2024-12-24 12:00:00,33.81626223074254
2024-12-24 13:00:00,29.939320701444284
2024-12-24 14:00:00,28.37253042534681
2024-12-24 15:00:00,29.810403939040707
2024-12-24 16:00:00,25.864835752374816
2024-12-24 17:00:00,31.331964498927967
2024-12-24 18:00:00,30.944989589895677
2024-12-24 19:00:00,31.823036910214444
2024-12-24 20:00:00,32.898642072468185
2024-12-24 21:00:00,29.733575421322612
2024-12-24 22:00:00,25.82237101471924
2024-12-24 23:00:00,29.58535644461231
2024-12-25 00:00:00,29.967752740887327
2024-12-25 01:00:00,26.69167917919615
2024-12-25 02:00:00,27.212192893739967
2024-12-25 03:00:00,34.10478200421564
2024-12-25 04:00:00,34.578740233829535
2024-12-25 05:00:00,27.38421087379899
2024-12-25 06:00:00,28.964999107489774
2024-12-25 07:00:00,27.511893766445787
2024-12-25 08:00:00,33.52977634365425
2024-12-25 09:00:00,33.082365773938506
2024-12-25 10:00:00,26.71424232068793
2024-12-25 11:00:00,29.870482986339635
2024-12-25 12:00:00,30.230386049852434
2024-12-25 13:00:00,25.595903576038644
2024-12-25 14:00:00,27.81568598937654
2024-12-25 15:00:00,32.29220397094694
2024-12-25 16:00:00,31.547566715531026
2024-12-25 17:00:00,29.52256820069655
2024-12-25 18:00:00,25.39114357687956
2024-12-25 19:00:00,25.734733907544314
2024-12-25 20:00:00,26.855602412992017
2024-12-25 21:00:00,25.348134257122634
2024-12-25 22:00:00,28.812981785038247
2024-12-25 23:00:00,31.862325029682843
2024-12-26 00:00:00,29.104301032625763
2024-12-26 01:00:00,34.1638192701769
2024-12-26 02:00:00,31.767951916505655
2024-12-26 03:00:00,34.29652647941627
2024-12-26 04:00:00,29.970186947729772
2024-12-26 05:00:00,27.899417812926742
2024-12-26 06:00:00,29.111447596377324
2024-12-26 07:00:00,33.763274516946794
2024-12-26 08:00:00,25.515489978231987
2024-12-26 09:00:00,29.99331758631589
2024-12-26 10:00:00,25.812895885179902
2024-12-26 11:00:00,29.01008560164918
2024-12-26 12:00:00,33.32833891047234
2024-12-26 13:00:00,33.911892319966675
2024-12-26 14:00:00,27.24801082450953
2024-12-26 15:00:00,29.611702077695853
2024-12-26 16:00:00,26.284604981274505
2024-12-26 17:00:00,27.32788312420878
2024-12-26 18:00:00,34.25381022715169
2024-12-26 19:00:00,25.27208708382671
2024-12-26 20:00:00,29.266116397048485
2024-12-26 21:00:00,29.29966343491925
2024-12-26 22:00:00,34.78768030542642
2024-12-26 23:00:00,29.52522625593414
2024-12-27 00:00:00,30.542576519345204
2024-12-27 01:00:00,31.92424260132131
2024-12-27 02:00:00,32.37749945915237
2024-12-27 03:00:00,30.682075282997506
2024-12-27 04:00:00,28.53480325970526
2024-12-27 05:00:00,29.041572765153763
2024-12-27 06:00:00,27.321815528363057
2024-12-27 07:00:00,26.78106494559026
2024-12-27 08:00:00,26.614133509077146
2024-12-27 09:00:00,27.63199944818873
2024-12-27 10:00:00,31.532891798697655
2024-12-27 11:00:00,32.37829772101142
2024-12-27 12:00:00,28.840271759718853
2024-12-27 13:00:00,28.07887302927164
2024-12-27 14:00:00,28.7304538068809
2024-12-27 15:00:00,31.953712284583492
2024-12-27 16:00:00,34.57788413383925
2024-12-27 17:00:00,30.95404749894851
2024-12-27 18:00:00,25.859578765557885
2024-12-27 19:00:00,29.12899573257761
2024-12-27 20:00:00,31.10166020591781
2024-12-27 21:00:00,34.786878429353955
2024-12-27 22:00:00,29.291075316308884
2024-12-27 23:00:00,31.23078185337965
2024-12-28 00:00:00,26.23910994017129
2024-12-28 01:00:00,33.867407853874
2024-12-28 02:00:00,32.892155325905726
2024-12-28 03:00:00,33.96622487599194
2024-12-28 04:00:00,27.294463569485988
2024-12-28 05:00:00,29.76910111986289
2024-12-28 06:00:00,26.997288660280223
2024-12-28 07:00:00,34.62469275946703
2024-12-28 08:00:00,30.265899149739493
2024-12-28 09:00:00,34.71263560516898
2024-12-28 10:00:00,30.884038001498535
2024-12-28 11:00:00,34.25016590295339
2024-12-28 12:00:00,30.775219926582473
2024-12-28 13:00:00,32.65204809499767
2024-12-28 14:00:00,28.188706784617732
2024-12-28 15:00:00,28.39102245526682
2024-12-28 16:00:00,25.782062132781263
2024-12-28 17:00:00,31.60955589169718
2024-12-28 18:00:00,32.39345868659605
2024-12-28 19:00:00,30.910327133108552
2024-12-28 20:00:00,26.29798525210538
2024-12-28 21:00:00,26.965743737308618
2024-12-28 22:00:00,34.69810745084197
2024-12-28 23:00:00,31.198443987781012
2024-12-29 00:00:00,29.06159570860833
2024-12-29 01:00:00,29.859151016062054
2024-12-29 02:00:00,27.903781083619204
2024-12-29 03:00:00,30.020639140055387
2024-12-29 04:00:00,31.921619166510535
2024-12-29 05:00:00,32.851569494637246
2024-12-29 06:00:00,26.134281541142805
2024-12-29 07:00:00,26.634031219608495
2024-12-29 08:00:00,26.767113014815582
2024-12-29 09:00:00,30.202725148976903
2024-12-29 10:00:00,34.87241925067852
2024-12-29 11:00:00,27.349913569718318
2024-12-29 12:00:00,25.34624803565473
2024-12-29 13:00:00,34.514137160274444
2024-12-29 14:00:00,28.637149892361986
2024-12-29 15:00:00,25.456441287738485
2024-12-29 16:00:00,29.28679277611399
2024-12-29 17:00:00,26.81699981762742
2024-12-29 18:00:00,29.550595369175195
2024-12-29 19:00:00,27.380739020080703
2024-12-29 20:00:00,34.83982328189984
2024-12-29 21:00:00,27.982291743083998
2024-12-29 22:00:00,29.8131180223124
2024-12-29 23:00:00,29.74692787367337
2024-12-30 00:00:00,32.173943618311746
2024-12-30 01:00:00,34.93407576843945
2024-12-30 02:00:00,32.735117414970354
2024-12-30 03:00:00,30.267870950320088
2024-12-30 04:00:00,28.320875448335677
2024-12-30 05:00:00,25.78317015455403
2024-12-30 06:00:00,30.172600586532266
2024-12-30 07:00:00,32.31697476190726
2024-12-30 08:00:00,27.830258121339288
2024-12-30 09:00:00,28.187769583977094
2024-12-30 10:00:00,31.494481018885473
2024-12-30 11:00:00,26.17234513250274
2024-12-30 12:00:00,28.728404407281552
2024-12-30 13:00:00,27.223351822282694
2024-12-30 14:00:00,29.02860888065167
2024-12-30 15:00:00,26.53439723546783
2024-12-30 16:00:00,30.733078184553516
2024-12-30 17:00:00,25.88452493101686
2024-12-30 18:00:00,25.463909638071407
2024-12-30 19:00:00,33.595895803427965
2024-12-30 20:00:00,26.2233153825669
2024-12-30 21:00:00,25.179860908455723
2024-12-30 22:00:00,30.169473504895553
2024-12-30 23:00:00,30.672406514680194
2024-12-31 00:00:00,28.12332959724092
2024-12-31 01:00:00,26.154464917968767
2024-12-31 02:00:00,25.887840667904612
2024-12-31 03:00:00,27.365872500625706
2024-12-31 04:00:00,26.80743146094825
2024-12-31 05:00:00,28.540629417826644
2024-12-31 06:00:00,25.749499608650968
2024-12-31 07:00:00,29.144588686099567
2024-12-31 08:00:00,29.205928015900138
2024-12-31 09:00:00,27.447127409240057
2024-12-31 10:00:00,30.84685959326805
2024-12-31 11:00:00,34.76356837106976
2024-12-31 12:00:00,32.70982941385409
2024-12-31 13:00:00,29.400417995220714
2024-12-31 14:00:00,31.39952429361224
2024-12-31 15:00:00,32.24877547930778
2024-12-31 16:00:00,33.927376822519385
2024-12-31 17:00:00,33.863276732383824
2024-12-31 18:00:00,33.24689502055979
2024-12-31 19:00:00,31.206616975857788
2024-12-31 20:00:00,29.45796982614752
2024-12-31 21:00:00,34.9473010034017
2024-12-31 22:00:00,26.598270877914718
2024-12-31 23:00:00,28.460127367822235
